order_id,product_id,quantity,selling_price,customer_id,order_date,payment_method,sales_channel,discount,city,customer_type,join_date,product_name,category,brand,unit,unit_price,reorder_level,source_type,year_month,line_revenue,allocated_discount,net_revenue
ORD000001,P0045,15,1850000.0,C0146,2025-11-10 02:24:00,card,shopee,0.0,Nha Trang,wholesale,2024-05-13,Máy hủy tài liệu,Thiết bị văn phòng,Silicon,chiếc,1850000.0,3,lecturer_sample,2025-11,27750000.0,0.0,27750000.0
ORD000001,P0029,24,23122.0,C0146,2025-11-10 02:24:00,card,shopee,0.0,Nha Trang,wholesale,2024-05-13,Kéo học sinh 13 cm,Dụng cụ học tập,Deli,chiếc,25000.0,18,lecturer_sample,2025-11,554928.0,0.0,554928.0
ORD000002,P0036,25,173962.0,C0003,2025-09-22 19:05:00,transfer,shopee,0.0,TP. Hồ Chí Minh,wholesale,2024-12-09,Khay tài liệu 3 tầng,Hồ sơ và lưu trữ,Deli,bộ,185000.0,8,lecturer_sample,2025-09,4349050.0,0.0,4349050.0
ORD000003,P0022,5,18000.0,C0005,2025-02-17 20:14:00,card,offline,0.0,Hà Nội,retail,2023-12-14,Thước ê ke 2 chiếc,Dụng cụ học tập,Deli,bộ,18000.0,20,lecturer_sample,2025-02,90000.0,0.0,90000.0
ORD000003,P0058,4,350000.0,C0005,2025-02-17 20:14:00,card,offline,0.0,Hà Nội,retail,2023-12-14,Bộ chia USB 4 cổng,Phụ kiện máy tính,Ugreen,chiếc,350000.0,8,lecturer_sample,2025-02,1400000.0,0.0,1400000.0
ORD000004,P0012,28,5000.0,C0065,2025-04-29 17:46:00,transfer,offline,0.0,Cần Thơ,wholesale,2024-03-28,Bút bi đen 0.5 mm,Bút viết,Thiên Long,cây,5000.0,60,lecturer_sample,2025-04,140000.0,0.0,140000.0
ORD000005,P0089,5,1725570.0,C0186,2025-10-30 04:33:00,card,offline,0.0,Đà Nẵng,student,2024-06-22,Scott Pilgrim's Precious Little Life (Scott Pilgrim #1),Sách,Unknown,quyển,1725570.0,27,public_website,2025-10,8627850.0,0.0,8627850.0
ORD000005,P0027,1,87382.0,C0186,2025-10-30 04:33:00,card,offline,0.0,Đà Nẵng,student,2024-06-22,Bộ màu sáp 24 màu,Dụng cụ học tập,Crayola,bộ,92000.0,12,lecturer_sample,2025-10,87382.0,0.0,87382.0
ORD000006,P0009,9,18000.0,C0179,2025-03-07 02:55:00,card,website,0.0,Nha Trang,office,2024-06-30,Giấy note 3 x 3 inch,Vở và giấy,Deli,xấp,18000.0,30,lecturer_sample,2025-03,162000.0,0.0,162000.0
ORD000006,P0002,3,18000.0,C0179,2025-03-07 02:55:00,card,website,0.0,Nha Trang,office,2024-06-30,Vở kẻ ngang 120 trang,Vở và giấy,Campus,quyển,18000.0,30,lecturer_sample,2025-03,54000.0,0.0,54000.0
ORD000006,P0011,3,5000.0,C0179,2025-03-07 02:55:00,card,website,0.0,Nha Trang,office,2024-06-30,Bút bi xanh 0.5 mm,Bút viết,Thiên Long,cây,5000.0,70,lecturer_sample,2025-03,15000.0,0.0,15000.0
ORD000006,P0043,12,3190000.0,C0179,2025-03-07 02:55:00,card,website,0.0,Nha Trang,office,2024-06-30,Máy in laser đơn sắc,Thiết bị văn phòng,Brother,chiếc,3190000.0,3,lecturer_sample,2025-03,38280000.0,0.0,38280000.0
ORD000006,P0006,4,80805.0,C0179,2025-03-07 02:55:00,card,website,0.0,Nha Trang,office,2024-06-30,Giấy in A4 70 gsm,Vở và giấy,Double A,ram,82000.0,25,lecturer_sample,2025-03,323220.0,0.0,323220.0
ORD000007,P0055,23,259696.0,C0022,2025-05-08 17:35:00,e-wallet,offline,0.0,TP. Hồ Chí Minh,wholesale,2024-11-21,Thẻ nhớ microSD 64 GB,Phụ kiện máy tính,SanDisk,chiếc,280000.0,10,lecturer_sample,2025-05,5973008.0,0.0,5973008.0
ORD000007,P0073,24,2499750.0,C0022,2025-05-08 17:35:00,e-wallet,offline,0.0,TP. Hồ Chí Minh,wholesale,2024-11-21,Apple HomePod Mini Cosmic Grey,Phụ kiện máy tính,Apple,cái,2499750.0,5,public_api,2025-05,59994000.0,0.0,59994000.0
ORD000007,P0074,28,499750.0,C0022,2025-05-08 17:35:00,e-wallet,offline,0.0,TP. Hồ Chí Minh,wholesale,2024-11-21,Apple iPhone Charger,Phụ kiện máy tính,Apple,cái,499750.0,6,public_api,2025-05,13993000.0,0.0,13993000.0
ORD000007,P0046,29,890000.0,C0022,2025-05-08 17:35:00,e-wallet,offline,0.0,TP. Hồ Chí Minh,wholesale,2024-11-21,Máy ép plastic A4,Thiết bị văn phòng,Deli,chiếc,890000.0,4,lecturer_sample,2025-05,25810000.0,0.0,25810000.0
ORD000008,P0016,5,25000.0,C0055,2025-05-17 02:05:00,e-wallet,online,5000.0,Đà Nẵng,retail,2024-07-28,Ống mực bút máy xanh,Bút viết,Hồng Hà,hộp,25000.0,25,lecturer_sample,2025-05,125000.0,5000.0,120000.0
ORD000009,P0078,22,1653300.0,C0009,2025-04-29 20:45:00,transfer,offline,0.0,Đà Nẵng,wholesale,2023-12-01,Soumission,Sách,Unknown,quyển,1653300.0,22,public_website,2025-04,36372600.0,0.0,36372600.0
ORD000009,P0079,9,1537657.0,C0009,2025-04-29 20:45:00,transfer,offline,0.0,Đà Nẵng,wholesale,2023-12-01,Sharp Objects,Sách,Unknown,quyển,1578060.0,24,public_website,2025-04,13838913.0,0.0,13838913.0
ORD000009,P0022,7,18000.0,C0009,2025-04-29 20:45:00,transfer,offline,0.0,Đà Nẵng,wholesale,2023-12-01,Thước ê ke 2 chiếc,Dụng cụ học tập,Deli,bộ,18000.0,20,lecturer_sample,2025-04,126000.0,0.0,126000.0
ORD000010,P0085,5,1720950.0,C0203,2025-06-08 01:47:00,e-wallet,website,0.0,Cần Thơ,retail,2024-02-19,The Black Maria,Sách,Unknown,quyển,1720950.0,16,public_website,2025-06,8604750.0,0.0,8604750.0
ORD000010,P0039,4,28000.0,C0203,2025-06-08 01:47:00,e-wallet,website,0.0,Cần Thơ,retail,2024-02-19,Kẹp bướm 25 mm,Hồ sơ và lưu trữ,Deli,hộp,28000.0,25,lecturer_sample,2025-06,112000.0,0.0,112000.0
ORD000010,P0042,1,40577.0,C0203,2025-06-08 01:47:00,e-wallet,website,0.0,Cần Thơ,retail,2024-02-19,Pin AAA 4 viên,Thiết bị văn phòng,Panasonic,vỉ,42000.0,22,lecturer_sample,2025-06,40577.0,0.0,40577.0
ORD000011,P0059,26,52352.0,C0155,2025-05-09 16:05:00,cash,website,0.0,Hải Phòng,wholesale,2024-12-16,Tấm lót chuột,Phụ kiện máy tính,OEM,chiếc,55000.0,20,lecturer_sample,2025-05,1361152.0,0.0,1361152.0
ORD000012,P0085,4,1720950.0,C0196,2025-03-31 23:33:00,cash,online,0.0,Hà Nội,student,2024-01-02,The Black Maria,Sách,Unknown,quyển,1720950.0,16,public_website,2025-03,6883800.0,0.0,6883800.0
ORD000012,P0017,1,8367.0,C0196,2025-03-31 23:33:00,cash,online,0.0,Hà Nội,student,2024-01-02,Bút chì 2B,Bút viết,Staedtler,cây,9000.0,45,lecturer_sample,2025-03,8367.0,0.0,8367.0
ORD000012,P0052,4,290000.0,C0196,2025-03-31 23:33:00,cash,online,0.0,Hà Nội,student,2024-01-02,Bàn phím có dây,Phụ kiện máy tính,Logitech,chiếc,290000.0,8,lecturer_sample,2025-03,1160000.0,0.0,1160000.0
ORD000013,P0023,22,42000.0,C0103,2025-10-09 16:29:00,cash,shopee,50000.0,Cần Thơ,wholesale,2024-09-01,Compa học sinh,Dụng cụ học tập,Maped,chiếc,42000.0,15,lecturer_sample,2025-10,924000.0,50000.0,874000.0
ORD000014,P0045,4,1745705.0,C0014,2025-04-08 00:23:00,transfer,website,0.0,Biên Hòa,retail,2024-12-05,Máy hủy tài liệu,Thiết bị văn phòng,Silicon,chiếc,1850000.0,3,lecturer_sample,2025-04,6982820.0,0.0,6982820.0
ORD000014,P0039,1,26734.0,C0014,2025-04-08 00:23:00,transfer,website,0.0,Biên Hòa,retail,2024-12-05,Kẹp bướm 25 mm,Hồ sơ và lưu trữ,Deli,hộp,28000.0,25,lecturer_sample,2025-04,26734.0,0.0,26734.0
ORD000014,P0005,2,73309.0,C0014,2025-04-08 00:23:00,transfer,website,0.0,Biên Hòa,retail,2024-12-05,Sổ tay bìa da A5,Vở và giấy,OEM,quyển,79000.0,15,lecturer_sample,2025-04,146618.0,0.0,146618.0
ORD000015,P0077,27,1773420.0,C0004,2025-10-10 22:05:00,transfer,online,0.0,TP. Hồ Chí Minh,wholesale,2024-09-02,Tipping the Velvet,Sách,Unknown,quyển,1773420.0,19,public_website,2025-10,47882340.0,0.0,47882340.0
ORD000015,P0083,27,591690.0,C0004,2025-10-10 22:05:00,transfer,online,0.0,TP. Hồ Chí Minh,wholesale,2024-09-02,"The Coming Woman: A Novel Based on the Life of the Infamous Feminist, Victoria Woodhull",Sách,Unknown,quyển,591690.0,10,public_website,2025-10,15975630.0,0.0,15975630.0
ORD000016,P0014,3,11723.0,C0214,2025-09-05 23:15:00,transfer,website,0.0,Biên Hòa,student,2024-05-31,Bút gel xanh 0.5 mm,Bút viết,Deli,cây,12000.0,40,lecturer_sample,2025-09,35169.0,0.0,35169.0
ORD000016,P0018,3,35936.0,C0214,2025-09-05 23:15:00,transfer,website,0.0,Biên Hòa,student,2024-05-31,Bút chì kim 0.5 mm,Bút viết,Pentel,cây,38000.0,20,lecturer_sample,2025-09,107808.0,0.0,107808.0
ORD000017,P0052,5,290000.0,C0211,2025-01-02 20:46:00,card,offline,50000.0,Huế,retail,2024-07-04,Bàn phím có dây,Phụ kiện máy tính,Logitech,chiếc,290000.0,8,lecturer_sample,2025-01,1450000.0,17354.3621924807,1432645.6378075194
ORD000017,P0044,3,909208.0,C0211,2025-01-02 20:46:00,card,offline,50000.0,Huế,retail,2024-07-04,Mực in laser đen,Thiết bị văn phòng,Brother,hộp,920000.0,5,lecturer_sample,2025-01,2727624.0,32645.637807519295,2694978.362192481
ORD000018,P0037,1,95000.0,C0062,2025-10-20 22:14:00,transfer,online,0.0,TP. Hồ Chí Minh,student,2023-12-01,Cặp tài liệu A4,Hồ sơ và lưu trữ,OEM,chiếc,95000.0,10,lecturer_sample,2025-10,95000.0,0.0,95000.0
ORD000018,P0028,5,78000.0,C0062,2025-10-20 22:14:00,transfer,online,0.0,TP. Hồ Chí Minh,student,2023-12-01,Bộ màu nước 12 màu,Dụng cụ học tập,Pentel,bộ,78000.0,12,lecturer_sample,2025-10,390000.0,0.0,390000.0
ORD000018,P0042,1,39464.0,C0062,2025-10-20 22:14:00,transfer,online,0.0,TP. Hồ Chí Minh,student,2023-12-01,Pin AAA 4 viên,Thiết bị văn phòng,Panasonic,vỉ,42000.0,22,lecturer_sample,2025-10,39464.0,0.0,39464.0
ORD000018,P0084,5,672250.0,C0062,2025-10-20 22:14:00,transfer,online,0.0,TP. Hồ Chí Minh,student,2023-12-01,The Boys in the Boat: Nine Americans and Their Epic Quest for Gold at the 1936 Berlin Olympics,Sách,Unknown,quyển,745800.0,13,public_website,2025-10,3361250.0,0.0,3361250.0
ORD000019,P0072,15,1954437.0,C0037,2025-07-30 02:09:00,e-wallet,online,0.0,Nha Trang,wholesale,2024-02-17,Apple Airpower Wireless Charger,Phụ kiện máy tính,Apple,cái,1999750.0,1,public_api,2025-07,29316555.0,0.0,29316555.0
ORD000020,P0044,1,920000.0,C0098,2025-06-13 02:45:00,card,website,0.0,TP. Hồ Chí Minh,retail,2024-12-16,Mực in laser đen,Thiết bị văn phòng,Brother,hộp,920000.0,5,lecturer_sample,2025-06,920000.0,0.0,920000.0
ORD000020,P0048,1,11560.0,C0098,2025-06-13 02:45:00,card,website,0.0,TP. Hồ Chí Minh,retail,2024-12-16,Kim bấm số 10,Thiết bị văn phòng,Max,hộp,12000.0,35,lecturer_sample,2025-06,11560.0,0.0,11560.0
ORD000020,P0055,1,280000.0,C0098,2025-06-13 02:45:00,card,website,0.0,TP. Hồ Chí Minh,retail,2024-12-16,Thẻ nhớ microSD 64 GB,Phụ kiện máy tính,SanDisk,chiếc,280000.0,10,lecturer_sample,2025-06,280000.0,0.0,280000.0
ORD000020,P0022,3,16275.0,C0098,2025-06-13 02:45:00,card,website,0.0,TP. Hồ Chí Minh,retail,2024-12-16,Thước ê ke 2 chiếc,Dụng cụ học tập,Deli,bộ,18000.0,20,lecturer_sample,2025-06,48825.0,0.0,48825.0
ORD000021,P0014,7,12000.0,C0204,2025-01-29 20:22:00,transfer,offline,0.0,Cần Thơ,wholesale,2023-12-11,Bút gel xanh 0.5 mm,Bút viết,Deli,cây,12000.0,40,lecturer_sample,2025-01,84000.0,0.0,84000.0
ORD000021,P0048,17,12000.0,C0204,2025-01-29 20:22:00,transfer,offline,0.0,Cần Thơ,wholesale,2023-12-11,Kim bấm số 10,Thiết bị văn phòng,Max,hộp,12000.0,35,lecturer_sample,2025-01,204000.0,0.0,204000.0
ORD000022,P0057,4,211417.0,C0062,2025-09-13 01:09:00,cash,website,0.0,TP. Hồ Chí Minh,student,2023-12-01,Cáp USB-C 1 m,Phụ kiện máy tính,Anker,sợi,220000.0,15,lecturer_sample,2025-09,845668.0,0.0,845668.0
ORD000023,P0027,5,92000.0,C0041,2025-02-07 23:22:00,cash,offline,0.0,Cần Thơ,student,2024-08-28,Bộ màu sáp 24 màu,Dụng cụ học tập,Crayola,bộ,92000.0,12,lecturer_sample,2025-02,460000.0,0.0,460000.0
ORD000023,P0088,3,533872.0,C0041,2025-02-07 23:22:00,cash,offline,0.0,Cần Thơ,student,2024-08-28,Set Me Free,Sách,Unknown,quyển,576180.0,24,public_website,2025-02,1601616.0,0.0,1601616.0
ORD000023,P0040,4,18000.0,C0041,2025-02-07 23:22:00,cash,offline,0.0,Cần Thơ,student,2024-08-28,Kẹp giấy 33 mm,Hồ sơ và lưu trữ,Plus,hộp,18000.0,30,lecturer_sample,2025-02,72000.0,0.0,72000.0
ORD000023,P0028,5,75664.0,C0041,2025-02-07 23:22:00,cash,offline,0.0,Cần Thơ,student,2024-08-28,Bộ màu nước 12 màu,Dụng cụ học tập,Pentel,bộ,78000.0,12,lecturer_sample,2025-02,378320.0,0.0,378320.0
ORD000023,P0090,1,1117599.0,C0041,2025-02-07 23:22:00,cash,offline,0.0,Cần Thơ,student,2024-08-28,Rip it Up and Start Again,Sách,Unknown,quyển,1155660.0,30,public_website,2025-02,1117599.0,0.0,1117599.0
ORD000024,P0074,2,499750.0,C0214,2025-05-28 04:51:00,transfer,online,0.0,Biên Hòa,student,2024-05-31,Apple iPhone Charger,Phụ kiện máy tính,Apple,cái,499750.0,6,public_api,2025-05,999500.0,0.0,999500.0
ORD000025,P0005,2,77332.0,C0161,2025-11-27 16:19:00,e-wallet,offline,0.0,Hà Nội,student,2024-02-11,Sổ tay bìa da A5,Vở và giấy,OEM,quyển,79000.0,15,lecturer_sample,2025-11,154664.0,0.0,154664.0
ORD000025,P0033,3,69000.0,C0161,2025-11-27 16:19:00,e-wallet,offline,0.0,Hà Nội,student,2024-02-11,Bìa còng 5 cm,Hồ sơ và lưu trữ,King Jim,chiếc,69000.0,18,lecturer_sample,2025-11,207000.0,0.0,207000.0
ORD000025,P0006,3,75696.0,C0161,2025-11-27 16:19:00,e-wallet,offline,0.0,Hà Nội,student,2024-02-11,Giấy in A4 70 gsm,Vở và giấy,Double A,ram,82000.0,25,lecturer_sample,2025-11,227088.0,0.0,227088.0
ORD000025,P0084,4,691030.0,C0161,2025-11-27 16:19:00,e-wallet,offline,0.0,Hà Nội,student,2024-02-11,The Boys in the Boat: Nine Americans and Their Epic Quest for Gold at the 1936 Berlin Olympics,Sách,Unknown,quyển,745800.0,13,public_website,2025-11,2764120.0,0.0,2764120.0
ORD000026,P0088,30,576180.0,C0087,2025-02-28 23:04:00,e-wallet,website,0.0,Hà Nội,wholesale,2023-12-27,Set Me Free,Sách,Unknown,quyển,576180.0,24,public_website,2025-02,17285400.0,0.0,17285400.0
ORD000027,P0040,7,18000.0,C0024,2025-07-22 16:16:00,e-wallet,shopee,0.0,Cần Thơ,office,2024-06-09,Kẹp giấy 33 mm,Hồ sơ và lưu trữ,Plus,hộp,18000.0,30,lecturer_sample,2025-07,126000.0,0.0,126000.0
ORD000027,P0059,5,55000.0,C0024,2025-07-22 16:16:00,e-wallet,shopee,0.0,Cần Thơ,office,2024-06-09,Tấm lót chuột,Phụ kiện máy tính,OEM,chiếc,55000.0,20,lecturer_sample,2025-07,275000.0,0.0,275000.0
ORD000028,P0058,1,324587.0,C0159,2025-10-15 21:58:00,e-wallet,offline,0.0,Hải Phòng,student,2024-10-15,Bộ chia USB 4 cổng,Phụ kiện máy tính,Ugreen,chiếc,350000.0,8,lecturer_sample,2025-10,324587.0,0.0,324587.0
ORD000028,P0056,4,180000.0,C0159,2025-10-15 21:58:00,e-wallet,offline,0.0,Hải Phòng,student,2024-10-15,Cáp HDMI 2 m,Phụ kiện máy tính,Ugreen,sợi,180000.0,12,lecturer_sample,2025-10,720000.0,0.0,720000.0
ORD000028,P0042,2,38313.0,C0159,2025-10-15 21:58:00,e-wallet,offline,0.0,Hải Phòng,student,2024-10-15,Pin AAA 4 viên,Thiết bị văn phòng,Panasonic,vỉ,42000.0,22,lecturer_sample,2025-10,76626.0,0.0,76626.0
ORD000029,P0048,3,12000.0,C0117,2025-07-10 02:47:00,e-wallet,website,0.0,Đà Nẵng,retail,2024-06-04,Kim bấm số 10,Thiết bị văn phòng,Max,hộp,12000.0,35,lecturer_sample,2025-07,36000.0,0.0,36000.0
ORD000029,P0052,3,290000.0,C0117,2025-07-10 02:47:00,e-wallet,website,0.0,Đà Nẵng,retail,2024-06-04,Bàn phím có dây,Phụ kiện máy tính,Logitech,chiếc,290000.0,8,lecturer_sample,2025-07,870000.0,0.0,870000.0
ORD000029,P0080,4,1748412.0,C0117,2025-07-10 02:47:00,e-wallet,website,0.0,Đà Nẵng,retail,2024-06-04,Sapiens: A Brief History of Humankind,Sách,Unknown,quyển,1789590.0,27,public_website,2025-07,6993648.0,0.0,6993648.0
ORD000030,P0058,3,350000.0,C0026,2025-12-18 21:34:00,cash,offline,0.0,Hà Nội,retail,2024-12-25,Bộ chia USB 4 cổng,Phụ kiện máy tính,Ugreen,chiếc,350000.0,8,lecturer_sample,2025-12,1050000.0,0.0,1050000.0
ORD000030,P0006,2,75314.0,C0026,2025-12-18 21:34:00,cash,offline,0.0,Hà Nội,retail,2024-12-25,Giấy in A4 70 gsm,Vở và giấy,Double A,ram,82000.0,25,lecturer_sample,2025-12,150628.0,0.0,150628.0
ORD000030,P0043,5,3190000.0,C0026,2025-12-18 21:34:00,cash,offline,0.0,Hà Nội,retail,2024-12-25,Máy in laser đơn sắc,Thiết bị văn phòng,Brother,chiếc,3190000.0,3,lecturer_sample,2025-12,15950000.0,0.0,15950000.0
ORD000030,P0088,2,530644.0,C0026,2025-12-18 21:34:00,cash,offline,0.0,Hà Nội,retail,2024-12-25,Set Me Free,Sách,Unknown,quyển,576180.0,24,public_website,2025-12,1061288.0,0.0,1061288.0
ORD000030,P0076,2,1629205.0,C0026,2025-12-18 21:34:00,cash,offline,0.0,Hà Nội,retail,2024-12-25,A Light in the Attic,Sách,Unknown,quyển,1708410.0,16,public_website,2025-12,3258410.0,0.0,3258410.0
ORD000030,P0089,3,1575483.0,C0026,2025-12-18 21:34:00,cash,offline,0.0,Hà Nội,retail,2024-12-25,Scott Pilgrim's Precious Little Life (Scott Pilgrim #1),Sách,Unknown,quyển,1725570.0,27,public_website,2025-12,4726449.0,0.0,4726449.0
ORD000031,P0058,2,350000.0,C0034,2025-10-04 20:51:00,card,shopee,5000.0,Nha Trang,retail,2024-07-04,Bộ chia USB 4 cổng,Phụ kiện máy tính,Ugreen,chiếc,350000.0,8,lecturer_sample,2025-10,700000.0,5000.0,695000.0
ORD000032,P0038,3,35000.0,C0005,2025-03-31 20:03:00,e-wallet,offline,5000.0,Hà Nội,retail,2023-12-14,Nhãn dán phân loại,Hồ sơ và lưu trữ,Avery,xấp,35000.0,18,lecturer_sample,2025-03,105000.0,5000.0,100000.0
ORD000033,P0005,8,79000.0,C0028,2025-08-21 00:14:00,cash,website,0.0,Hải Phòng,office,2023-12-31,Sổ tay bìa da A5,Vở và giấy,OEM,quyển,79000.0,15,lecturer_sample,2025-08,632000.0,0.0,632000.0
ORD000033,P0072,3,1999750.0,C0028,2025-08-21 00:14:00,cash,website,0.0,Hải Phòng,office,2023-12-31,Apple Airpower Wireless Charger,Phụ kiện máy tính,Apple,cái,1999750.0,1,public_api,2025-08,5999250.0,0.0,5999250.0
ORD000033,P0079,9,1578060.0,C0028,2025-08-21 00:14:00,cash,website,0.0,Hải Phòng,office,2023-12-31,Sharp Objects,Sách,Unknown,quyển,1578060.0,24,public_website,2025-08,14202540.0,0.0,14202540.0
ORD000033,P0089,3,1725570.0,C0028,2025-08-21 00:14:00,cash,website,0.0,Hải Phòng,office,2023-12-31,Scott Pilgrim's Precious Little Life (Scott Pilgrim #1),Sách,Unknown,quyển,1725570.0,27,public_website,2025-08,5176710.0,0.0,5176710.0
ORD000033,P0040,4,18000.0,C0028,2025-08-21 00:14:00,cash,website,0.0,Hải Phòng,office,2023-12-31,Kẹp giấy 33 mm,Hồ sơ và lưu trữ,Plus,hộp,18000.0,30,lecturer_sample,2025-08,72000.0,0.0,72000.0
ORD000034,P0029,1,23965.0,C0071,2025-11-17 02:37:00,e-wallet,offline,0.0,TP. Hồ Chí Minh,retail,2023-12-25,Kéo học sinh 13 cm,Dụng cụ học tập,Deli,chiếc,25000.0,18,lecturer_sample,2025-11,23965.0,0.0,23965.0
ORD000034,P0089,5,1586406.0,C0071,2025-11-17 02:37:00,e-wallet,offline,0.0,TP. Hồ Chí Minh,retail,2023-12-25,Scott Pilgrim's Precious Little Life (Scott Pilgrim #1),Sách,Unknown,quyển,1725570.0,27,public_website,2025-11,7932030.0,0.0,7932030.0
ORD000034,P0086,4,432697.0,C0071,2025-11-17 02:37:00,e-wallet,offline,0.0,TP. Hồ Chí Minh,retail,2023-12-25,"Starving Hearts (Triangular Trade Trilogy, #1)",Sách,Unknown,quyển,461670.0,19,public_website,2025-11,1730788.0,0.0,1730788.0
ORD000035,P0028,1,78000.0,C0212,2025-08-21 22:26:00,e-wallet,offline,0.0,Huế,retail,2024-10-24,Bộ màu nước 12 màu,Dụng cụ học tập,Pentel,bộ,78000.0,12,lecturer_sample,2025-08,78000.0,0.0,78000.0
ORD000035,P0023,1,39209.0,C0212,2025-08-21 22:26:00,e-wallet,offline,0.0,Huế,retail,2024-10-24,Compa học sinh,Dụng cụ học tập,Maped,chiếc,42000.0,15,lecturer_sample,2025-08,39209.0,0.0,39209.0
ORD000036,P0049,5,125000.0,C0034,2025-10-12 16:37:00,cash,website,0.0,Nha Trang,retail,2024-07-04,Máy đục lỗ 2 lỗ,Thiết bị văn phòng,Deli,chiếc,125000.0,10,lecturer_sample,2025-10,625000.0,0.0,625000.0
ORD000036,P0059,1,55000.0,C0034,2025-10-12 16:37:00,cash,website,0.0,Nha Trang,retail,2024-07-04,Tấm lót chuột,Phụ kiện máy tính,OEM,chiếc,55000.0,20,lecturer_sample,2025-10,55000.0,0.0,55000.0
ORD000036,P0037,2,95000.0,C0034,2025-10-12 16:37:00,cash,website,0.0,Nha Trang,retail,2024-07-04,Cặp tài liệu A4,Hồ sơ và lưu trữ,OEM,chiếc,95000.0,10,lecturer_sample,2025-10,190000.0,0.0,190000.0
ORD000036,P0079,4,1578060.0,C0034,2025-10-12 16:37:00,cash,website,0.0,Nha Trang,retail,2024-07-04,Sharp Objects,Sách,Unknown,quyển,1578060.0,24,public_website,2025-10,6312240.0,0.0,6312240.0
ORD000036,P0038,1,35000.0,C0034,2025-10-12 16:37:00,cash,website,0.0,Nha Trang,retail,2024-07-04,Nhãn dán phân loại,Hồ sơ và lưu trữ,Avery,xấp,35000.0,18,lecturer_sample,2025-10,35000.0,0.0,35000.0
ORD000037,P0020,26,78546.0,C0143,2025-07-08 17:48:00,cash,online,0.0,Huế,wholesale,2024-01-02,Bút dạ quang 5 màu,Bút viết,Stabilo,bộ,85000.0,15,lecturer_sample,2025-07,2042196.0,0.0,2042196.0
ORD000037,P0038,10,35000.0,C0143,2025-07-08 17:48:00,cash,online,0.0,Huế,wholesale,2024-01-02,Nhãn dán phân loại,Hồ sơ và lưu trữ,Avery,xấp,35000.0,18,lecturer_sample,2025-07,350000.0,0.0,350000.0
ORD000038,P0079,1,1578060.0,C0196,2025-06-08 21:22:00,transfer,shopee,0.0,Hà Nội,student,2024-01-02,Sharp Objects,Sách,Unknown,quyển,1578060.0,24,public_website,2025-06,1578060.0,0.0,1578060.0
ORD000039,P0015,2,45000.0,C0136,2025-04-21 22:26:00,cash,website,0.0,Hà Nội,retail,2024-04-11,Bút máy học sinh,Bút viết,Hồng Hà,cây,45000.0,20,lecturer_sample,2025-04,90000.0,0.0,90000.0
ORD000039,P0016,5,25000.0,C0136,2025-04-21 22:26:00,cash,website,0.0,Hà Nội,retail,2024-04-11,Ống mực bút máy xanh,Bút viết,Hồng Hà,hộp,25000.0,25,lecturer_sample,2025-04,125000.0,0.0,125000.0
ORD000039,P0029,1,25000.0,C0136,2025-04-21 22:26:00,cash,website,0.0,Hà Nội,retail,2024-04-11,Kéo học sinh 13 cm,Dụng cụ học tập,Deli,chiếc,25000.0,18,lecturer_sample,2025-04,25000.0,0.0,25000.0
ORD000040,P0025,5,15000.0,C0170,2025-08-06 23:38:00,card,shopee,0.0,Hải Phòng,student,2024-12-16,Gọt bút chì có hộp,Dụng cụ học tập,Deli,chiếc,15000.0,25,lecturer_sample,2025-08,75000.0,0.0,75000.0
ORD000040,P0069,3,2499750.0,C0170,2025-08-06 23:38:00,card,shopee,0.0,Hải Phòng,student,2024-12-16,Amazon Echo Plus,Phụ kiện máy tính,Amazon,cái,2499750.0,12,public_api,2025-08,7499250.0,0.0,7499250.0
ORD000040,P0051,4,289578.0,C0170,2025-08-06 23:38:00,card,shopee,0.0,Hải Phòng,student,2024-12-16,Chuột không dây,Phụ kiện máy tính,Logitech,chiếc,320000.0,10,lecturer_sample,2025-08,1158312.0,0.0,1158312.0
ORD000041,P0023,8,42000.0,C0053,2025-06-04 19:49:00,cash,online,0.0,TP. Hồ Chí Minh,office,2024-08-02,Compa học sinh,Dụng cụ học tập,Maped,chiếc,42000.0,15,lecturer_sample,2025-06,336000.0,0.0,336000.0
ORD000042,P0077,4,1733677.0,C0098,2025-10-01 03:14:00,cash,offline,0.0,TP. Hồ Chí Minh,retail,2024-12-16,Tipping the Velvet,Sách,Unknown,quyển,1773420.0,19,public_website,2025-10,6934708.0,0.0,6934708.0
ORD000042,P0008,5,65000.0,C0098,2025-10-01 03:14:00,cash,offline,0.0,TP. Hồ Chí Minh,retail,2024-12-16,Giấy màu A4 100 tờ,Vở và giấy,IK Plus,xấp,65000.0,15,lecturer_sample,2025-10,325000.0,0.0,325000.0
ORD000043,P0036,16,185000.0,C0104,2025-12-31 02:26:00,e-wallet,shopee,0.0,Hà Nội,wholesale,2024-10-27,Khay tài liệu 3 tầng,Hồ sơ và lưu trữ,Deli,bộ,185000.0,8,lecturer_sample,2025-12,2960000.0,0.0,2960000.0
ORD000043,P0088,8,576180.0,C0104,2025-12-31 02:26:00,e-wallet,shopee,0.0,Hà Nội,wholesale,2024-10-27,Set Me Free,Sách,Unknown,quyển,576180.0,24,public_website,2025-12,4609440.0,0.0,4609440.0
ORD000043,P0084,23,745800.0,C0104,2025-12-31 02:26:00,e-wallet,shopee,0.0,Hà Nội,wholesale,2024-10-27,The Boys in the Boat: Nine Americans and Their Epic Quest for Gold at the 1936 Berlin Olympics,Sách,Unknown,quyển,745800.0,13,public_website,2025-12,17153400.0,0.0,17153400.0
ORD000044,P0029,11,23286.0,C0021,2025-07-22 20:47:00,cash,online,0.0,Hải Phòng,wholesale,2024-05-27,Kéo học sinh 13 cm,Dụng cụ học tập,Deli,chiếc,25000.0,18,lecturer_sample,2025-07,256146.0,0.0,256146.0
ORD000044,P0016,28,23952.0,C0021,2025-07-22 20:47:00,cash,online,0.0,Hải Phòng,wholesale,2024-05-27,Ống mực bút máy xanh,Bút viết,Hồng Hà,hộp,25000.0,25,lecturer_sample,2025-07,670656.0,0.0,670656.0
ORD000045,P0016,29,25000.0,C0038,2025-05-01 17:09:00,cash,offline,0.0,Nha Trang,wholesale,2024-06-12,Ống mực bút máy xanh,Bút viết,Hồng Hà,hộp,25000.0,25,lecturer_sample,2025-05,725000.0,0.0,725000.0
ORD000045,P0015,19,43578.0,C0038,2025-05-01 17:09:00,cash,offline,0.0,Nha Trang,wholesale,2024-06-12,Bút máy học sinh,Bút viết,Hồng Hà,cây,45000.0,20,lecturer_sample,2025-05,827982.0,0.0,827982.0
ORD000046,P0055,11,280000.0,C0115,2025-12-16 01:41:00,card,shopee,0.0,TP. Hồ Chí Minh,office,2024-01-24,Thẻ nhớ microSD 64 GB,Phụ kiện máy tính,SanDisk,chiếc,280000.0,10,lecturer_sample,2025-12,3080000.0,0.0,3080000.0
ORD000046,P0079,10,1578060.0,C0115,2025-12-16 01:41:00,card,shopee,0.0,TP. Hồ Chí Minh,office,2024-01-24,Sharp Objects,Sách,Unknown,quyển,1578060.0,24,public_website,2025-12,15780600.0,0.0,15780600.0
ORD000046,P0015,9,45000.0,C0115,2025-12-16 01:41:00,card,shopee,0.0,TP. Hồ Chí Minh,office,2024-01-24,Bút máy học sinh,Bút viết,Hồng Hà,cây,45000.0,20,lecturer_sample,2025-12,405000.0,0.0,405000.0
ORD000046,P0016,2,25000.0,C0115,2025-12-16 01:41:00,card,shopee,0.0,TP. Hồ Chí Minh,office,2024-01-24,Ống mực bút máy xanh,Bút viết,Hồng Hà,hộp,25000.0,25,lecturer_sample,2025-12,50000.0,0.0,50000.0
ORD000047,P0008,4,65000.0,C0074,2025-02-10 02:55:00,transfer,offline,0.0,Biên Hòa,retail,2024-08-28,Giấy màu A4 100 tờ,Vở và giấy,IK Plus,xấp,65000.0,15,lecturer_sample,2025-02,260000.0,0.0,260000.0
ORD000047,P0053,1,165000.0,C0074,2025-02-10 02:55:00,transfer,offline,0.0,Biên Hòa,retail,2024-08-28,USB 32 GB,Phụ kiện máy tính,SanDisk,chiếc,165000.0,15,lecturer_sample,2025-02,165000.0,0.0,165000.0
ORD000047,P0035,3,14521.0,C0074,2025-02-10 02:55:00,transfer,offline,0.0,Biên Hòa,retail,2024-08-28,Túi hồ sơ dây buộc,Hồ sơ và lưu trữ,Hồng Hà,chiếc,16000.0,25,lecturer_sample,2025-02,43563.0,0.0,43563.0
ORD000047,P0052,2,290000.0,C0074,2025-02-10 02:55:00,transfer,offline,0.0,Biên Hòa,retail,2024-08-28,Bàn phím có dây,Phụ kiện máy tính,Logitech,chiếc,290000.0,8,lecturer_sample,2025-02,580000.0,0.0,580000.0
ORD000047,P0067,4,14207256.0,C0074,2025-02-10 02:55:00,transfer,offline,0.0,Biên Hòa,retail,2024-08-28,Samsung Galaxy Tab S8 Plus Grey,Thiết bị văn phòng,Samsung,chiếc,14999750.0,12,public_api,2025-02,56829024.0,0.0,56829024.0
ORD000047,P0064,5,27499750.0,C0074,2025-02-10 02:55:00,transfer,offline,0.0,Biên Hòa,retail,2024-08-28,Lenovo Yoga 920,Thiết bị văn phòng,Lenovo,chiếc,27499750.0,8,public_api,2025-02,137498750.0,0.0,137498750.0
ORD000048,P0059,28,54274.0,C0096,2025-05-25 22:26:00,e-wallet,offline,0.0,Đà Nẵng,wholesale,2024-06-17,Tấm lót chuột,Phụ kiện máy tính,OEM,chiếc,55000.0,20,lecturer_sample,2025-05,1519672.0,0.0,1519672.0
ORD000048,P0006,24,76260.0,C0096,2025-05-25 22:26:00,e-wallet,offline,0.0,Đà Nẵng,wholesale,2024-06-17,Giấy in A4 70 gsm,Vở và giấy,Double A,ram,82000.0,25,lecturer_sample,2025-05,1830240.0,0.0,1830240.0
ORD000048,P0029,23,25000.0,C0096,2025-05-25 22:26:00,e-wallet,offline,0.0,Đà Nẵng,wholesale,2024-06-17,Kéo học sinh 13 cm,Dụng cụ học tập,Deli,chiếc,25000.0,18,lecturer_sample,2025-05,575000.0,0.0,575000.0
ORD000049,P0012,26,4926.0,C0090,2025-06-09 02:44:00,card,shopee,0.0,TP. Hồ Chí Minh,wholesale,2024-01-02,Bút bi đen 0.5 mm,Bút viết,Thiên Long,cây,5000.0,60,lecturer_sample,2025-06,128076.0,0.0,128076.0
ORD000049,P0063,26,31794150.0,C0090,2025-06-09 02:44:00,card,shopee,0.0,TP. Hồ Chí Minh,wholesale,2024-01-02,Huawei Matebook X Pro,Thiết bị văn phòng,Huawei,chiếc,34999750.0,15,public_api,2025-06,826647900.0,0.0,826647900.0
ORD000049,P0045,26,1850000.0,C0090,2025-06-09 02:44:00,card,shopee,0.0,TP. Hồ Chí Minh,wholesale,2024-01-02,Máy hủy tài liệu,Thiết bị văn phòng,Silicon,chiếc,1850000.0,3,lecturer_sample,2025-06,48100000.0,0.0,48100000.0
ORD000049,P0049,16,125000.0,C0090,2025-06-09 02:44:00,card,shopee,0.0,TP. Hồ Chí Minh,wholesale,2024-01-02,Máy đục lỗ 2 lỗ,Thiết bị văn phòng,Deli,chiếc,125000.0,10,lecturer_sample,2025-06,2000000.0,0.0,2000000.0
ORD000050,P0043,5,3190000.0,C0080,2025-04-03 19:21:00,cash,shopee,0.0,Biên Hòa,retail,2024-08-02,Máy in laser đơn sắc,Thiết bị văn phòng,Brother,chiếc,3190000.0,3,lecturer_sample,2025-04,15950000.0,0.0,15950000.0
ORD000050,P0006,4,82000.0,C0080,2025-04-03 19:21:00,cash,shopee,0.0,Biên Hòa,retail,2024-08-02,Giấy in A4 70 gsm,Vở và giấy,Double A,ram,82000.0,25,lecturer_sample,2025-04,328000.0,0.0,328000.0
ORD000050,P0013,2,4847.0,C0080,2025-04-03 19:21:00,cash,shopee,0.0,Biên Hòa,retail,2024-08-02,Bút bi đỏ 0.5 mm,Bút viết,Thiên Long,cây,5000.0,50,lecturer_sample,2025-04,9694.0,0.0,9694.0
ORD000050,P0008,2,58756.0,C0080,2025-04-03 19:21:00,cash,shopee,0.0,Biên Hòa,retail,2024-08-02,Giấy màu A4 100 tờ,Vở và giấy,IK Plus,xấp,65000.0,15,lecturer_sample,2025-04,117512.0,0.0,117512.0
ORD000050,P0078,3,1653300.0,C0080,2025-04-03 19:21:00,cash,shopee,0.0,Biên Hòa,retail,2024-08-02,Soumission,Sách,Unknown,quyển,1653300.0,22,public_website,2025-04,4959900.0,0.0,4959900.0
ORD000050,P0079,2,1506974.0,C0080,2025-04-03 19:21:00,cash,shopee,0.0,Biên Hòa,retail,2024-08-02,Sharp Objects,Sách,Unknown,quyển,1578060.0,24,public_website,2025-04,3013948.0,0.0,3013948.0
ORD000051,P0088,5,542503.0,C0193,2025-08-18 19:34:00,transfer,offline,0.0,Cần Thơ,student,2024-06-30,Set Me Free,Sách,Unknown,quyển,576180.0,24,public_website,2025-08,2712515.0,0.0,2712515.0
ORD000052,P0015,3,45000.0,C0073,2025-07-16 00:33:00,cash,online,0.0,Hải Phòng,retail,2024-01-22,Bút máy học sinh,Bút viết,Hồng Hà,cây,45000.0,20,lecturer_sample,2025-07,135000.0,0.0,135000.0
ORD000052,P0016,1,23661.0,C0073,2025-07-16 00:33:00,cash,online,0.0,Hải Phòng,retail,2024-01-22,Ống mực bút máy xanh,Bút viết,Hồng Hà,hộp,25000.0,25,lecturer_sample,2025-07,23661.0,0.0,23661.0
ORD000052,P0054,1,245000.0,C0073,2025-07-16 00:33:00,cash,online,0.0,Hải Phòng,retail,2024-01-22,USB 64 GB,Phụ kiện máy tính,Kingston,chiếc,245000.0,12,lecturer_sample,2025-07,245000.0,0.0,245000.0
ORD000053,P0014,4,12000.0,C0196,2025-03-24 20:28:00,card,website,0.0,Hà Nội,student,2024-01-02,Bút gel xanh 0.5 mm,Bút viết,Deli,cây,12000.0,40,lecturer_sample,2025-03,48000.0,0.0,48000.0
ORD000053,P0039,5,28000.0,C0196,2025-03-24 20:28:00,card,website,0.0,Hà Nội,student,2024-01-02,Kẹp bướm 25 mm,Hồ sơ và lưu trữ,Deli,hộp,28000.0,25,lecturer_sample,2025-03,140000.0,0.0,140000.0
ORD000053,P0087,4,636607.0,C0196,2025-03-24 20:28:00,card,website,0.0,Hà Nội,student,2024-01-02,Shakespeare's Sonnets,Sách,Unknown,quyển,681780.0,21,public_website,2025-03,2546428.0,0.0,2546428.0
ORD000053,P0020,1,85000.0,C0196,2025-03-24 20:28:00,card,website,0.0,Hà Nội,student,2024-01-02,Bút dạ quang 5 màu,Bút viết,Stabilo,bộ,85000.0,15,lecturer_sample,2025-03,85000.0,0.0,85000.0
ORD000054,P0005,2,74435.0,C0026,2025-11-29 21:50:00,e-wallet,shopee,0.0,Hà Nội,retail,2024-12-25,Sổ tay bìa da A5,Vở và giấy,OEM,quyển,79000.0,15,lecturer_sample,2025-11,148870.0,0.0,148870.0
ORD000055,P0077,2,1773420.0,C0158,2025-01-03 17:01:00,cash,shopee,0.0,TP. Hồ Chí Minh,retail,2024-10-05,Tipping the Velvet,Sách,Unknown,quyển,1773420.0,19,public_website,2025-01,3546840.0,0.0,3546840.0
ORD000055,P0083,1,591690.0,C0158,2025-01-03 17:01:00,cash,shopee,0.0,TP. Hồ Chí Minh,retail,2024-10-05,"The Coming Woman: A Novel Based on the Life of the Infamous Feminist, Victoria Woodhull",Sách,Unknown,quyển,591690.0,10,public_website,2025-01,591690.0,0.0,591690.0
ORD000055,P0066,5,12499750.0,C0158,2025-01-03 17:01:00,cash,shopee,0.0,TP. Hồ Chí Minh,retail,2024-10-05,iPad Mini 2021 Starlight,Thiết bị văn phòng,Apple,chiếc,12499750.0,9,public_api,2025-01,62498750.0,0.0,62498750.0
ORD000056,P0046,1,890000.0,C0029,2025-09-14 01:34:00,transfer,offline,0.0,Huế,retail,2024-09-13,Máy ép plastic A4,Thiết bị văn phòng,Deli,chiếc,890000.0,4,lecturer_sample,2025-09,890000.0,0.0,890000.0
ORD000057,P0008,4,65000.0,C0062,2025-10-20 22:11:00,cash,offline,0.0,TP. Hồ Chí Minh,student,2023-12-01,Giấy màu A4 100 tờ,Vở và giấy,IK Plus,xấp,65000.0,15,lecturer_sample,2025-10,260000.0,0.0,260000.0
ORD000057,P0088,4,531715.0,C0062,2025-10-20 22:11:00,cash,offline,0.0,TP. Hồ Chí Minh,student,2023-12-01,Set Me Free,Sách,Unknown,quyển,576180.0,24,public_website,2025-10,2126860.0,0.0,2126860.0
ORD000057,P0084,1,745800.0,C0062,2025-10-20 22:11:00,cash,offline,0.0,TP. Hồ Chí Minh,student,2023-12-01,The Boys in the Boat: Nine Americans and Their Epic Quest for Gold at the 1936 Berlin Olympics,Sách,Unknown,quyển,745800.0,13,public_website,2025-10,745800.0,0.0,745800.0
ORD000057,P0047,1,78000.0,C0062,2025-10-20 22:11:00,cash,offline,0.0,TP. Hồ Chí Minh,student,2023-12-01,Máy dập ghim số 10,Thiết bị văn phòng,Max,chiếc,78000.0,15,lecturer_sample,2025-10,78000.0,0.0,78000.0
ORD000057,P0048,1,11594.0,C0062,2025-10-20 22:11:00,cash,offline,0.0,TP. Hồ Chí Minh,student,2023-12-01,Kim bấm số 10,Thiết bị văn phòng,Max,hộp,12000.0,35,lecturer_sample,2025-10,11594.0,0.0,11594.0
ORD000058,P0076,2,1708410.0,C0086,2025-03-10 16:22:00,e-wallet,online,0.0,Hà Nội,student,2024-09-19,A Light in the Attic,Sách,Unknown,quyển,1708410.0,16,public_website,2025-03,3416820.0,0.0,3416820.0
ORD000058,P0089,4,1725570.0,C0086,2025-03-10 16:22:00,e-wallet,online,0.0,Hà Nội,student,2024-09-19,Scott Pilgrim's Precious Little Life (Scott Pilgrim #1),Sách,Unknown,quyển,1725570.0,27,public_website,2025-03,6902280.0,0.0,6902280.0
ORD000058,P0072,2,1999750.0,C0086,2025-03-10 16:22:00,e-wallet,online,0.0,Hà Nội,student,2024-09-19,Apple Airpower Wireless Charger,Phụ kiện máy tính,Apple,cái,1999750.0,1,public_api,2025-03,3999500.0,0.0,3999500.0
ORD000059,P0036,1,172027.0,C0052,2025-01-22 21:59:00,card,offline,10000.0,TP. Hồ Chí Minh,retail,2024-03-30,Khay tài liệu 3 tầng,Hồ sơ và lưu trữ,Deli,bộ,185000.0,8,lecturer_sample,2025-01,172027.0,201.32870131535952,171825.67129868464
ORD000059,P0076,1,1604753.0,C0052,2025-01-22 21:59:00,card,offline,10000.0,TP. Hồ Chí Minh,retail,2024-03-30,A Light in the Attic,Sách,Unknown,quyển,1708410.0,16,public_website,2025-01,1604753.0,1878.0937726166658,1602874.9062273833
ORD000059,P0089,4,1691951.0,C0052,2025-01-22 21:59:00,card,offline,10000.0,TP. Hồ Chí Minh,retail,2024-03-30,Scott Pilgrim's Precious Little Life (Scott Pilgrim #1),Sách,Unknown,quyển,1725570.0,27,public_website,2025-01,6767804.0,7920.577526067975,6759883.422473932
ORD000060,P0033,2,69000.0,C0099,2025-06-23 18:31:00,e-wallet,online,0.0,TP. Hồ Chí Minh,retail,2024-10-11,Bìa còng 5 cm,Hồ sơ và lưu trữ,King Jim,chiếc,69000.0,18,lecturer_sample,2025-06,138000.0,0.0,138000.0
ORD000060,P0025,3,15000.0,C0099,2025-06-23 18:31:00,e-wallet,online,0.0,TP. Hồ Chí Minh,retail,2024-10-11,Gọt bút chì có hộp,Dụng cụ học tập,Deli,chiếc,15000.0,25,lecturer_sample,2025-06,45000.0,0.0,45000.0
ORD000060,P0008,3,65000.0,C0099,2025-06-23 18:31:00,e-wallet,online,0.0,TP. Hồ Chí Minh,retail,2024-10-11,Giấy màu A4 100 tờ,Vở và giấy,IK Plus,xấp,65000.0,15,lecturer_sample,2025-06,195000.0,0.0,195000.0
ORD000061,P0061,4,49999750.0,C0079,2025-08-18 01:45:00,card,online,0.0,Hải Phòng,retail,2024-12-17,Apple MacBook Pro 14 Inch Space Grey,Thiết bị văn phòng,Apple,chiếc,49999750.0,5,public_api,2025-08,199999000.0,0.0,199999000.0
ORD000061,P0032,1,12000.0,C0079,2025-08-18 01:45:00,card,online,0.0,Hải Phòng,retail,2024-12-17,Bìa nút A4,Hồ sơ và lưu trữ,Deli,chiếc,12000.0,35,lecturer_sample,2025-08,12000.0,0.0,12000.0
ORD000061,P0006,4,82000.0,C0079,2025-08-18 01:45:00,card,online,0.0,Hải Phòng,retail,2024-12-17,Giấy in A4 70 gsm,Vở và giấy,Double A,ram,82000.0,25,lecturer_sample,2025-08,328000.0,0.0,328000.0
ORD000062,P0055,12,261231.0,C0206,2025-12-14 18:01:00,cash,offline,0.0,TP. Hồ Chí Minh,wholesale,2024-03-08,Thẻ nhớ microSD 64 GB,Phụ kiện máy tính,SanDisk,chiếc,280000.0,10,lecturer_sample,2025-12,3134772.0,0.0,3134772.0
ORD000063,P0039,5,28000.0,C0099,2025-10-18 16:38:00,e-wallet,shopee,0.0,TP. Hồ Chí Minh,retail,2024-10-11,Kẹp bướm 25 mm,Hồ sơ và lưu trữ,Deli,hộp,28000.0,25,lecturer_sample,2025-10,140000.0,0.0,140000.0
ORD000064,P0088,6,529689.0,C0094,2025-07-23 21:41:00,cash,offline,0.0,Huế,office,2024-09-21,Set Me Free,Sách,Unknown,quyển,576180.0,24,public_website,2025-07,3178134.0,0.0,3178134.0
ORD000064,P0084,11,745800.0,C0094,2025-07-23 21:41:00,cash,offline,0.0,Huế,office,2024-09-21,The Boys in the Boat: Nine Americans and Their Epic Quest for Gold at the 1936 Berlin Olympics,Sách,Unknown,quyển,745800.0,13,public_website,2025-07,8203800.0,0.0,8203800.0
ORD000064,P0018,9,38000.0,C0094,2025-07-23 21:41:00,cash,offline,0.0,Huế,office,2024-09-21,Bút chì kim 0.5 mm,Bút viết,Pentel,cây,38000.0,20,lecturer_sample,2025-07,342000.0,0.0,342000.0
ORD000064,P0019,4,20695.0,C0094,2025-07-23 21:41:00,cash,offline,0.0,Huế,office,2024-09-21,Ruột chì kim 0.5 mm,Bút viết,Pentel,hộp,22000.0,25,lecturer_sample,2025-07,82780.0,0.0,82780.0
ORD000065,P0078,2,1563671.0,C0183,2025-08-16 17:51:00,transfer,shopee,0.0,Hải Phòng,retail,2024-06-29,Soumission,Sách,Unknown,quyển,1653300.0,22,public_website,2025-08,3127342.0,0.0,3127342.0
ORD000065,P0079,1,1532747.0,C0183,2025-08-16 17:51:00,transfer,shopee,0.0,Hải Phòng,retail,2024-06-29,Sharp Objects,Sách,Unknown,quyển,1578060.0,24,public_website,2025-08,1532747.0,0.0,1532747.0
ORD000065,P0032,2,10828.0,C0183,2025-08-16 17:51:00,transfer,shopee,0.0,Hải Phòng,retail,2024-06-29,Bìa nút A4,Hồ sơ và lưu trữ,Deli,chiếc,12000.0,35,lecturer_sample,2025-08,21656.0,0.0,21656.0
ORD000065,P0006,5,82000.0,C0183,2025-08-16 17:51:00,transfer,shopee,0.0,Hải Phòng,retail,2024-06-29,Giấy in A4 70 gsm,Vở và giấy,Double A,ram,82000.0,25,lecturer_sample,2025-08,410000.0,0.0,410000.0
ORD000065,P0048,4,11396.0,C0183,2025-08-16 17:51:00,transfer,shopee,0.0,Hải Phòng,retail,2024-06-29,Kim bấm số 10,Thiết bị văn phòng,Max,hộp,12000.0,35,lecturer_sample,2025-08,45584.0,0.0,45584.0
ORD000066,P0064,7,27499750.0,C0157,2025-02-14 17:19:00,cash,offline,0.0,Hải Phòng,office,2023-12-21,Lenovo Yoga 920,Thiết bị văn phòng,Lenovo,chiếc,27499750.0,8,public_api,2025-02,192498250.0,0.0,192498250.0
ORD000066,P0043,9,3190000.0,C0157,2025-02-14 17:19:00,cash,offline,0.0,Hải Phòng,office,2023-12-21,Máy in laser đơn sắc,Thiết bị văn phòng,Brother,chiếc,3190000.0,3,lecturer_sample,2025-02,28710000.0,0.0,28710000.0
ORD000066,P0006,10,82000.0,C0157,2025-02-14 17:19:00,cash,offline,0.0,Hải Phòng,office,2023-12-21,Giấy in A4 70 gsm,Vở và giấy,Double A,ram,82000.0,25,lecturer_sample,2025-02,820000.0,0.0,820000.0
ORD000067,P0088,5,576180.0,C0213,2025-10-11 02:37:00,cash,shopee,0.0,Biên Hòa,retail,2024-06-30,Set Me Free,Sách,Unknown,quyển,576180.0,24,public_website,2025-10,2880900.0,0.0,2880900.0
ORD000067,P0084,2,745800.0,C0213,2025-10-11 02:37:00,cash,shopee,0.0,Biên Hòa,retail,2024-06-30,The Boys in the Boat: Nine Americans and Their Epic Quest for Gold at the 1936 Berlin Olympics,Sách,Unknown,quyển,745800.0,13,public_website,2025-10,1491600.0,0.0,1491600.0
ORD000068,P0078,2,1653300.0,C0182,2025-04-26 21:33:00,cash,online,0.0,Cần Thơ,student,2024-05-26,Soumission,Sách,Unknown,quyển,1653300.0,22,public_website,2025-04,3306600.0,0.0,3306600.0
ORD000068,P0079,5,1578060.0,C0182,2025-04-26 21:33:00,cash,online,0.0,Cần Thơ,student,2024-05-26,Sharp Objects,Sách,Unknown,quyển,1578060.0,24,public_website,2025-04,7890300.0,0.0,7890300.0
ORD000068,P0056,5,171803.0,C0182,2025-04-26 21:33:00,cash,online,0.0,Cần Thơ,student,2024-05-26,Cáp HDMI 2 m,Phụ kiện máy tính,Ugreen,sợi,180000.0,12,lecturer_sample,2025-04,859015.0,0.0,859015.0
ORD000068,P0049,5,125000.0,C0182,2025-04-26 21:33:00,cash,online,0.0,Cần Thơ,student,2024-05-26,Máy đục lỗ 2 lỗ,Thiết bị văn phòng,Deli,chiếc,125000.0,10,lecturer_sample,2025-04,625000.0,0.0,625000.0
ORD000068,P0012,1,5000.0,C0182,2025-04-26 21:33:00,cash,online,0.0,Cần Thơ,student,2024-05-26,Bút bi đen 0.5 mm,Bút viết,Thiên Long,cây,5000.0,60,lecturer_sample,2025-04,5000.0,0.0,5000.0
ORD000069,P0050,5,420000.0,C0165,2025-10-23 20:41:00,cash,online,0.0,TP. Hồ Chí Minh,retail,2024-04-03,Bảng trắng 60 x 90 cm,Thiết bị văn phòng,Bavico,chiếc,420000.0,5,lecturer_sample,2025-10,2100000.0,0.0,2100000.0
ORD000070,P0036,7,185000.0,C0078,2025-09-05 19:51:00,e-wallet,online,50000.0,Hà Nội,office,2024-08-30,Khay tài liệu 3 tầng,Hồ sơ và lưu trữ,Deli,bộ,185000.0,8,lecturer_sample,2025-09,1295000.0,202.0094502423098,1294797.9905497576
ORD000070,P0040,7,16717.0,C0078,2025-09-05 19:51:00,e-wallet,online,50000.0,Hà Nội,office,2024-08-30,Kẹp giấy 33 mm,Hồ sơ và lưu trữ,Plus,hộp,18000.0,30,lecturer_sample,2025-09,117019.0,18.254010701084827,117000.74598929891
ORD000070,P0061,7,45588220.0,C0078,2025-09-05 19:51:00,e-wallet,online,50000.0,Hà Nội,office,2024-08-30,Apple MacBook Pro 14 Inch Space Grey,Thiết bị văn phòng,Apple,chiếc,49999750.0,5,public_api,2025-09,319117540.0,49779.736539056605,319067760.26346093
ORD000071,P0042,4,39381.0,C0095,2025-09-22 00:06:00,cash,offline,0.0,Huế,retail,2024-03-11,Pin AAA 4 viên,Thiết bị văn phòng,Panasonic,vỉ,42000.0,22,lecturer_sample,2025-09,157524.0,0.0,157524.0
ORD000071,P0025,2,14761.0,C0095,2025-09-22 00:06:00,cash,offline,0.0,Huế,retail,2024-03-11,Gọt bút chì có hộp,Dụng cụ học tập,Deli,chiếc,15000.0,25,lecturer_sample,2025-09,29522.0,0.0,29522.0
ORD000072,P0089,17,1725570.0,C0185,2025-06-10 19:48:00,e-wallet,offline,0.0,Huế,wholesale,2024-06-14,Scott Pilgrim's Precious Little Life (Scott Pilgrim #1),Sách,Unknown,quyển,1725570.0,27,public_website,2025-06,29334690.0,0.0,29334690.0
ORD000072,P0086,12,461670.0,C0185,2025-06-10 19:48:00,e-wallet,offline,0.0,Huế,wholesale,2024-06-14,"Starving Hearts (Triangular Trade Trilogy, #1)",Sách,Unknown,quyển,461670.0,19,public_website,2025-06,5540040.0,0.0,5540040.0
ORD000073,P0079,3,1528741.0,C0091,2025-01-25 16:18:00,cash,offline,0.0,Nha Trang,retail,2024-03-27,Sharp Objects,Sách,Unknown,quyển,1578060.0,24,public_website,2025-01,4586223.0,0.0,4586223.0
ORD000073,P0042,3,42000.0,C0091,2025-01-25 16:18:00,cash,offline,0.0,Nha Trang,retail,2024-03-27,Pin AAA 4 viên,Thiết bị văn phòng,Panasonic,vỉ,42000.0,22,lecturer_sample,2025-01,126000.0,0.0,126000.0
ORD000074,P0026,5,65000.0,C0014,2025-10-20 00:12:00,card,shopee,0.0,Biên Hòa,retail,2024-12-05,Hộp bút vải,Dụng cụ học tập,OEM,chiếc,65000.0,15,lecturer_sample,2025-10,325000.0,0.0,325000.0
ORD000074,P0035,1,16000.0,C0014,2025-10-20 00:12:00,card,shopee,0.0,Biên Hòa,retail,2024-12-05,Túi hồ sơ dây buộc,Hồ sơ và lưu trữ,Hồng Hà,chiếc,16000.0,25,lecturer_sample,2025-10,16000.0,0.0,16000.0
ORD000075,P0049,9,125000.0,C0025,2025-07-21 21:50:00,e-wallet,online,20000.0,Hải Phòng,wholesale,2024-10-20,Máy đục lỗ 2 lỗ,Thiết bị văn phòng,Deli,chiếc,125000.0,10,lecturer_sample,2025-07,1125000.0,1767.4479912717918,1123232.5520087283
ORD000075,P0033,21,69000.0,C0025,2025-07-21 21:50:00,e-wallet,online,20000.0,Hải Phòng,wholesale,2024-10-20,Bìa còng 5 cm,Hồ sơ và lưu trữ,King Jim,chiếc,69000.0,18,lecturer_sample,2025-07,1449000.0,2276.473012758068,1446723.526987242
ORD000075,P0006,24,82000.0,C0025,2025-07-21 21:50:00,e-wallet,online,20000.0,Hải Phòng,wholesale,2024-10-20,Giấy in A4 70 gsm,Vở và giấy,Double A,ram,82000.0,25,lecturer_sample,2025-07,1968000.0,3091.8556860647877,1964908.1443139352
ORD000075,P0054,17,236802.0,C0025,2025-07-21 21:50:00,e-wallet,online,20000.0,Hải Phòng,wholesale,2024-10-20,USB 64 GB,Phụ kiện máy tính,Kingston,chiếc,245000.0,12,lecturer_sample,2025-07,4025634.0,6324.532201684826,4019309.467798315
ORD000075,P0036,14,185000.0,C0025,2025-07-21 21:50:00,e-wallet,online,20000.0,Hải Phòng,wholesale,2024-10-20,Khay tài liệu 3 tầng,Hồ sơ và lưu trữ,Deli,bộ,185000.0,8,lecturer_sample,2025-07,2590000.0,4069.058042127948,2585930.941957872
ORD000075,P0005,21,74885.0,C0025,2025-07-21 21:50:00,e-wallet,online,20000.0,Hải Phòng,wholesale,2024-10-20,Sổ tay bìa da A5,Vở và giấy,OEM,quyển,79000.0,15,lecturer_sample,2025-07,1572585.0,2470.6330660925787,1570114.3669339074
ORD000076,P0033,3,66962.0,C0182,2025-10-16 20:30:00,cash,online,0.0,Cần Thơ,student,2024-05-26,Bìa còng 5 cm,Hồ sơ và lưu trữ,King Jim,chiếc,69000.0,18,lecturer_sample,2025-10,200886.0,0.0,200886.0
ORD000076,P0089,5,1725570.0,C0182,2025-10-16 20:30:00,cash,online,0.0,Cần Thơ,student,2024-05-26,Scott Pilgrim's Precious Little Life (Scott Pilgrim #1),Sách,Unknown,quyển,1725570.0,27,public_website,2025-10,8627850.0,0.0,8627850.0
ORD000076,P0074,1,499750.0,C0182,2025-10-16 20:30:00,cash,online,0.0,Cần Thơ,student,2024-05-26,Apple iPhone Charger,Phụ kiện máy tính,Apple,cái,499750.0,6,public_api,2025-10,499750.0,0.0,499750.0
ORD000077,P0077,9,1773420.0,C0044,2025-09-27 02:46:00,cash,offline,0.0,Cần Thơ,office,2024-12-01,Tipping the Velvet,Sách,Unknown,quyển,1773420.0,19,public_website,2025-09,15960780.0,0.0,15960780.0
ORD000077,P0083,4,591690.0,C0044,2025-09-27 02:46:00,cash,offline,0.0,Cần Thơ,office,2024-12-01,"The Coming Woman: A Novel Based on the Life of the Infamous Feminist, Victoria Woodhull",Sách,Unknown,quyển,591690.0,10,public_website,2025-09,2366760.0,0.0,2366760.0
ORD000077,P0060,5,390000.0,C0044,2025-09-27 02:46:00,cash,offline,0.0,Cần Thơ,office,2024-12-01,Tai nghe có mic,Phụ kiện máy tính,Rapoo,chiếc,390000.0,8,lecturer_sample,2025-09,1950000.0,0.0,1950000.0
ORD000077,P0004,11,41099.0,C0044,2025-09-27 02:46:00,cash,offline,0.0,Cần Thơ,office,2024-12-01,Sổ lò xo A5 200 trang,Vở và giấy,Hải Tiến,quyển,42000.0,20,lecturer_sample,2025-09,452089.0,0.0,452089.0
ORD000078,P0049,2,125000.0,C0189,2025-02-02 03:08:00,e-wallet,offline,0.0,Đà Nẵng,student,2024-07-04,Máy đục lỗ 2 lỗ,Thiết bị văn phòng,Deli,chiếc,125000.0,10,lecturer_sample,2025-02,250000.0,0.0,250000.0
ORD000078,P0090,5,1155660.0,C0189,2025-02-02 03:08:00,e-wallet,offline,0.0,Đà Nẵng,student,2024-07-04,Rip it Up and Start Again,Sách,Unknown,quyển,1155660.0,30,public_website,2025-02,5778300.0,0.0,5778300.0
ORD000079,P0057,3,220000.0,C0091,2025-12-14 04:55:00,transfer,offline,0.0,Nha Trang,retail,2024-03-27,Cáp USB-C 1 m,Phụ kiện máy tính,Anker,sợi,220000.0,15,lecturer_sample,2025-12,660000.0,0.0,660000.0
ORD000079,P0061,3,48171813.0,C0091,2025-12-14 04:55:00,transfer,offline,0.0,Nha Trang,retail,2024-03-27,Apple MacBook Pro 14 Inch Space Grey,Thiết bị văn phòng,Apple,chiếc,49999750.0,5,public_api,2025-12,144515439.0,0.0,144515439.0
ORD000079,P0055,4,280000.0,C0091,2025-12-14 04:55:00,transfer,offline,0.0,Nha Trang,retail,2024-03-27,Thẻ nhớ microSD 64 GB,Phụ kiện máy tính,SanDisk,chiếc,280000.0,10,lecturer_sample,2025-12,1120000.0,0.0,1120000.0
ORD000080,P0012,29,4631.0,C0090,2025-10-15 04:46:00,e-wallet,shopee,0.0,TP. Hồ Chí Minh,wholesale,2024-01-02,Bút bi đen 0.5 mm,Bút viết,Thiên Long,cây,5000.0,60,lecturer_sample,2025-10,134299.0,0.0,134299.0
ORD000080,P0059,14,49891.0,C0090,2025-10-15 04:46:00,e-wallet,shopee,0.0,TP. Hồ Chí Minh,wholesale,2024-01-02,Tấm lót chuột,Phụ kiện máy tính,OEM,chiếc,55000.0,20,lecturer_sample,2025-10,698474.0,0.0,698474.0
ORD000081,P0018,28,38000.0,C0114,2025-12-02 20:47:00,transfer,offline,0.0,Nha Trang,wholesale,2024-09-05,Bút chì kim 0.5 mm,Bút viết,Pentel,cây,38000.0,20,lecturer_sample,2025-12,1064000.0,0.0,1064000.0
ORD000081,P0019,12,22000.0,C0114,2025-12-02 20:47:00,transfer,offline,0.0,Nha Trang,wholesale,2024-09-05,Ruột chì kim 0.5 mm,Bút viết,Pentel,hộp,22000.0,25,lecturer_sample,2025-12,264000.0,0.0,264000.0
ORD000081,P0086,21,461670.0,C0114,2025-12-02 20:47:00,transfer,offline,0.0,Nha Trang,wholesale,2024-09-05,"Starving Hearts (Triangular Trade Trilogy, #1)",Sách,Unknown,quyển,461670.0,19,public_website,2025-12,9695070.0,0.0,9695070.0
ORD000082,P0042,4,42000.0,C0060,2025-01-27 17:26:00,e-wallet,shopee,10000.0,TP. Hồ Chí Minh,retail,2024-03-22,Pin AAA 4 viên,Thiết bị văn phòng,Panasonic,vỉ,42000.0,22,lecturer_sample,2025-01,168000.0,1887.292678652473,166112.70732134752
ORD000082,P0060,2,361082.0,C0060,2025-01-27 17:26:00,e-wallet,shopee,10000.0,TP. Hồ Chí Minh,retail,2024-03-22,Tai nghe có mic,Phụ kiện máy tính,Rapoo,chiếc,390000.0,8,lecturer_sample,2025-01,722164.0,8112.707321347527,714051.2926786524
ORD000083,P0058,2,316145.0,C0074,2025-11-27 16:58:00,e-wallet,website,10000.0,Biên Hòa,retail,2024-08-28,Bộ chia USB 4 cổng,Phụ kiện máy tính,Ugreen,chiếc,350000.0,8,lecturer_sample,2025-11,632290.0,153.3376146318652,632136.6623853681
ORD000083,P0022,4,16502.0,C0074,2025-11-27 16:58:00,e-wallet,website,10000.0,Biên Hòa,retail,2024-08-28,Thước ê ke 2 chiếc,Dụng cụ học tập,Deli,bộ,18000.0,20,lecturer_sample,2025-11,66008.0,16.007701002103715,65991.9922989979
ORD000083,P0067,3,13512285.0,C0074,2025-11-27 16:58:00,e-wallet,website,10000.0,Biên Hòa,retail,2024-08-28,Samsung Galaxy Tab S8 Plus Grey,Thiết bị văn phòng,Samsung,chiếc,14999750.0,12,public_api,2025-11,40536855.0,9830.65468436603,40527024.345315635
ORD000084,P0026,28,65000.0,C0146,2025-11-05 17:59:00,cash,offline,0.0,Nha Trang,wholesale,2024-05-13,Hộp bút vải,Dụng cụ học tập,OEM,chiếc,65000.0,15,lecturer_sample,2025-11,1820000.0,0.0,1820000.0
ORD000084,P0089,13,1555200.0,C0146,2025-11-05 17:59:00,cash,offline,0.0,Nha Trang,wholesale,2024-05-13,Scott Pilgrim's Precious Little Life (Scott Pilgrim #1),Sách,Unknown,quyển,1725570.0,27,public_website,2025-11,20217600.0,0.0,20217600.0
ORD000084,P0086,15,439094.0,C0146,2025-11-05 17:59:00,cash,offline,0.0,Nha Trang,wholesale,2024-05-13,"Starving Hearts (Triangular Trade Trilogy, #1)",Sách,Unknown,quyển,461670.0,19,public_website,2025-11,6586410.0,0.0,6586410.0
ORD000084,P0045,29,1850000.0,C0146,2025-11-05 17:59:00,cash,offline,0.0,Nha Trang,wholesale,2024-05-13,Máy hủy tài liệu,Thiết bị văn phòng,Silicon,chiếc,1850000.0,3,lecturer_sample,2025-11,53650000.0,0.0,53650000.0
ORD000084,P0078,24,1621447.0,C0146,2025-11-05 17:59:00,cash,offline,0.0,Nha Trang,wholesale,2024-05-13,Soumission,Sách,Unknown,quyển,1653300.0,22,public_website,2025-11,38914728.0,0.0,38914728.0
ORD000084,P0079,18,1578060.0,C0146,2025-11-05 17:59:00,cash,offline,0.0,Nha Trang,wholesale,2024-05-13,Sharp Objects,Sách,Unknown,quyển,1578060.0,24,public_website,2025-11,28405080.0,0.0,28405080.0
ORD000085,P0013,4,5000.0,C0023,2025-07-26 02:06:00,transfer,offline,0.0,Hải Phòng,retail,2024-02-23,Bút bi đỏ 0.5 mm,Bút viết,Thiên Long,cây,5000.0,50,lecturer_sample,2025-07,20000.0,0.0,20000.0
ORD000086,P0050,1,420000.0,C0193,2025-05-17 21:19:00,transfer,offline,0.0,Cần Thơ,student,2024-06-30,Bảng trắng 60 x 90 cm,Thiết bị văn phòng,Bavico,chiếc,420000.0,5,lecturer_sample,2025-05,420000.0,0.0,420000.0
ORD000086,P0024,2,8000.0,C0193,2025-05-17 21:19:00,transfer,offline,0.0,Cần Thơ,student,2024-06-30,Tẩy chì trắng,Dụng cụ học tập,Staedtler,viên,8000.0,40,lecturer_sample,2025-05,16000.0,0.0,16000.0
ORD000087,P0057,5,220000.0,C0129,2025-12-28 04:19:00,e-wallet,offline,0.0,Huế,retail,2024-07-20,Cáp USB-C 1 m,Phụ kiện máy tính,Anker,sợi,220000.0,15,lecturer_sample,2025-12,1100000.0,0.0,1100000.0
ORD000087,P0086,5,446971.0,C0129,2025-12-28 04:19:00,e-wallet,offline,0.0,Huế,retail,2024-07-20,"Starving Hearts (Triangular Trade Trilogy, #1)",Sách,Unknown,quyển,461670.0,19,public_website,2025-12,2234855.0,0.0,2234855.0
ORD000087,P0033,2,66325.0,C0129,2025-12-28 04:19:00,e-wallet,offline,0.0,Huế,retail,2024-07-20,Bìa còng 5 cm,Hồ sơ và lưu trữ,King Jim,chiếc,69000.0,18,lecturer_sample,2025-12,132650.0,0.0,132650.0
ORD000087,P0006,5,74404.0,C0129,2025-12-28 04:19:00,e-wallet,offline,0.0,Huế,retail,2024-07-20,Giấy in A4 70 gsm,Vở và giấy,Double A,ram,82000.0,25,lecturer_sample,2025-12,372020.0,0.0,372020.0
ORD000088,P0049,10,125000.0,C0115,2025-09-29 03:23:00,transfer,offline,10000.0,TP. Hồ Chí Minh,office,2024-01-24,Máy đục lỗ 2 lỗ,Thiết bị văn phòng,Deli,chiếc,125000.0,10,lecturer_sample,2025-09,1250000.0,10000.0,1240000.0
ORD000089,P0083,6,591690.0,C0175,2025-04-17 03:37:00,e-wallet,online,10000.0,Nha Trang,wholesale,2024-03-25,"The Coming Woman: A Novel Based on the Life of the Infamous Feminist, Victoria Woodhull",Sách,Unknown,quyển,591690.0,10,public_website,2025-04,3550140.0,8347.892581202981,3541792.107418797
ORD000089,P0039,26,27023.0,C0175,2025-04-17 03:37:00,e-wallet,online,10000.0,Nha Trang,wholesale,2024-03-25,Kẹp bướm 25 mm,Hồ sơ và lưu trữ,Deli,hộp,28000.0,25,lecturer_sample,2025-04,702598.0,1652.1074187970198,700945.892581203
ORD000090,P0008,1,58904.0,C0102,2025-05-11 16:47:00,cash,online,0.0,Cần Thơ,retail,2024-06-04,Giấy màu A4 100 tờ,Vở và giấy,IK Plus,xấp,65000.0,15,lecturer_sample,2025-05,58904.0,0.0,58904.0
ORD000091,P0013,8,5000.0,C0121,2025-01-17 20:26:00,e-wallet,offline,0.0,Nha Trang,office,2024-09-09,Bút bi đỏ 0.5 mm,Bút viết,Thiên Long,cây,5000.0,50,lecturer_sample,2025-01,40000.0,0.0,40000.0
ORD000092,P0079,3,1578060.0,C0097,2025-07-12 17:43:00,cash,shopee,10000.0,Biên Hòa,retail,2024-04-29,Sharp Objects,Sách,Unknown,quyển,1578060.0,24,public_website,2025-07,4734180.0,2426.8992327619553,4731753.100767238
ORD000092,P0089,5,1725570.0,C0097,2025-07-12 17:43:00,cash,shopee,10000.0,Biên Hòa,retail,2024-04-29,Scott Pilgrim's Precious Little Life (Scott Pilgrim #1),Sách,Unknown,quyển,1725570.0,27,public_website,2025-07,8627850.0,4422.924887812723,8623427.075112186
ORD000092,P0078,4,1524799.0,C0097,2025-07-12 17:43:00,cash,shopee,10000.0,Biên Hòa,retail,2024-04-29,Soumission,Sách,Unknown,quyển,1653300.0,22,public_website,2025-07,6099196.0,3126.652153670707,6096069.347846329
ORD000092,P0012,3,5000.0,C0097,2025-07-12 17:43:00,cash,shopee,10000.0,Biên Hòa,retail,2024-04-29,Bút bi đen 0.5 mm,Bút viết,Thiên Long,cây,5000.0,60,lecturer_sample,2025-07,15000.0,7.689502404097294,14992.310497595903
ORD000092,P0035,2,15444.0,C0097,2025-07-12 17:43:00,cash,shopee,10000.0,Biên Hòa,retail,2024-04-29,Túi hồ sơ dây buộc,Hồ sơ và lưu trữ,Hồng Hà,chiếc,16000.0,25,lecturer_sample,2025-07,30888.0,15.834223350517151,30872.165776649483
ORD000093,P0070,4,3249750.0,C0029,2025-01-18 04:42:00,cash,online,0.0,Huế,retail,2024-09-13,Apple Airpods,Phụ kiện máy tính,Apple,cái,3249750.0,13,public_api,2025-01,12999000.0,0.0,12999000.0
ORD000093,P0080,1,1789590.0,C0029,2025-01-18 04:42:00,cash,online,0.0,Huế,retail,2024-09-13,Sapiens: A Brief History of Humankind,Sách,Unknown,quyển,1789590.0,27,public_website,2025-01,1789590.0,0.0,1789590.0
ORD000093,P0077,1,1773420.0,C0029,2025-01-18 04:42:00,cash,online,0.0,Huế,retail,2024-09-13,Tipping the Velvet,Sách,Unknown,quyển,1773420.0,19,public_website,2025-01,1773420.0,0.0,1773420.0
ORD000094,P0006,2,77647.0,C0060,2025-10-04 19:48:00,card,offline,0.0,TP. Hồ Chí Minh,retail,2024-03-22,Giấy in A4 70 gsm,Vở và giấy,Double A,ram,82000.0,25,lecturer_sample,2025-10,155294.0,0.0,155294.0
ORD000094,P0043,4,3190000.0,C0060,2025-10-04 19:48:00,card,offline,0.0,TP. Hồ Chí Minh,retail,2024-03-22,Máy in laser đơn sắc,Thiết bị văn phòng,Brother,chiếc,3190000.0,3,lecturer_sample,2025-10,12760000.0,0.0,12760000.0
ORD000094,P0026,1,65000.0,C0060,2025-10-04 19:48:00,card,offline,0.0,TP. Hồ Chí Minh,retail,2024-03-22,Hộp bút vải,Dụng cụ học tập,OEM,chiếc,65000.0,15,lecturer_sample,2025-10,65000.0,0.0,65000.0
ORD000094,P0076,5,1677730.0,C0060,2025-10-04 19:48:00,card,offline,0.0,TP. Hồ Chí Minh,retail,2024-03-22,A Light in the Attic,Sách,Unknown,quyển,1708410.0,16,public_website,2025-10,8388650.0,0.0,8388650.0
ORD000094,P0028,4,78000.0,C0060,2025-10-04 19:48:00,card,offline,0.0,TP. Hồ Chí Minh,retail,2024-03-22,Bộ màu nước 12 màu,Dụng cụ học tập,Pentel,bộ,78000.0,12,lecturer_sample,2025-10,312000.0,0.0,312000.0
ORD000095,P0047,4,78000.0,C0013,2025-06-27 02:42:00,transfer,shopee,0.0,Cần Thơ,student,2024-05-22,Máy dập ghim số 10,Thiết bị văn phòng,Max,chiếc,78000.0,15,lecturer_sample,2025-06,312000.0,0.0,312000.0
ORD000095,P0036,2,185000.0,C0013,2025-06-27 02:42:00,transfer,shopee,0.0,Cần Thơ,student,2024-05-22,Khay tài liệu 3 tầng,Hồ sơ và lưu trữ,Deli,bộ,185000.0,8,lecturer_sample,2025-06,370000.0,0.0,370000.0
ORD000096,P0049,3,125000.0,C0182,2025-03-16 04:29:00,cash,website,0.0,Cần Thơ,student,2024-05-26,Máy đục lỗ 2 lỗ,Thiết bị văn phòng,Deli,chiếc,125000.0,10,lecturer_sample,2025-03,375000.0,0.0,375000.0
ORD000096,P0088,2,576180.0,C0182,2025-03-16 04:29:00,cash,website,0.0,Cần Thơ,student,2024-05-26,Set Me Free,Sách,Unknown,quyển,576180.0,24,public_website,2025-03,1152360.0,0.0,1152360.0
ORD000096,P0013,4,5000.0,C0182,2025-03-16 04:29:00,cash,website,0.0,Cần Thơ,student,2024-05-26,Bút bi đỏ 0.5 mm,Bút viết,Thiên Long,cây,5000.0,50,lecturer_sample,2025-03,20000.0,0.0,20000.0
ORD000096,P0022,5,18000.0,C0182,2025-03-16 04:29:00,cash,website,0.0,Cần Thơ,student,2024-05-26,Thước ê ke 2 chiếc,Dụng cụ học tập,Deli,bộ,18000.0,20,lecturer_sample,2025-03,90000.0,0.0,90000.0
ORD000097,P0059,1,55000.0,C0019,2025-04-08 04:48:00,card,offline,0.0,TP. Hồ Chí Minh,retail,2024-03-26,Tấm lót chuột,Phụ kiện máy tính,OEM,chiếc,55000.0,20,lecturer_sample,2025-04,55000.0,0.0,55000.0
ORD000097,P0019,2,20032.0,C0019,2025-04-08 04:48:00,card,offline,0.0,TP. Hồ Chí Minh,retail,2024-03-26,Ruột chì kim 0.5 mm,Bút viết,Pentel,hộp,22000.0,25,lecturer_sample,2025-04,40064.0,0.0,40064.0
ORD000098,P0018,3,38000.0,C0194,2025-09-03 19:44:00,card,offline,0.0,Hà Nội,student,2024-07-25,Bút chì kim 0.5 mm,Bút viết,Pentel,cây,38000.0,20,lecturer_sample,2025-09,114000.0,0.0,114000.0
ORD000098,P0049,4,125000.0,C0194,2025-09-03 19:44:00,card,offline,0.0,Hà Nội,student,2024-07-25,Máy đục lỗ 2 lỗ,Thiết bị văn phòng,Deli,chiếc,125000.0,10,lecturer_sample,2025-09,500000.0,0.0,500000.0
ORD000098,P0071,4,12771056.0,C0194,2025-09-03 19:44:00,card,offline,0.0,Hà Nội,student,2024-07-25,Apple AirPods Max Silver,Phụ kiện máy tính,Apple,cái,13749750.0,11,public_api,2025-09,51084224.0,0.0,51084224.0
ORD000099,P0079,7,1578060.0,C0053,2025-07-09 21:26:00,card,offline,50000.0,TP. Hồ Chí Minh,office,2024-08-02,Sharp Objects,Sách,Unknown,quyển,1578060.0,24,public_website,2025-07,11046420.0,50000.0,10996420.0
ORD000100,P0060,28,356941.0,C0146,2025-05-06 23:35:00,e-wallet,online,0.0,Nha Trang,wholesale,2024-05-13,Tai nghe có mic,Phụ kiện máy tính,Rapoo,chiếc,390000.0,8,lecturer_sample,2025-05,9994348.0,0.0,9994348.0
ORD000100,P0023,28,42000.0,C0146,2025-05-06 23:35:00,e-wallet,online,0.0,Nha Trang,wholesale,2024-05-13,Compa học sinh,Dụng cụ học tập,Maped,chiếc,42000.0,15,lecturer_sample,2025-05,1176000.0,0.0,1176000.0
ORD000100,P0076,10,1620926.0,C0146,2025-05-06 23:35:00,e-wallet,online,0.0,Nha Trang,wholesale,2024-05-13,A Light in the Attic,Sách,Unknown,quyển,1708410.0,16,public_website,2025-05,16209260.0,0.0,16209260.0
ORD000101,P0008,1,65000.0,C0165,2025-02-01 00:02:00,cash,shopee,0.0,TP. Hồ Chí Minh,retail,2024-04-03,Giấy màu A4 100 tờ,Vở và giấy,IK Plus,xấp,65000.0,15,lecturer_sample,2025-02,65000.0,0.0,65000.0
ORD000101,P0076,4,1708410.0,C0165,2025-02-01 00:02:00,cash,shopee,0.0,TP. Hồ Chí Minh,retail,2024-04-03,A Light in the Attic,Sách,Unknown,quyển,1708410.0,16,public_website,2025-02,6833640.0,0.0,6833640.0
ORD000101,P0089,5,1725570.0,C0165,2025-02-01 00:02:00,cash,shopee,0.0,TP. Hồ Chí Minh,retail,2024-04-03,Scott Pilgrim's Precious Little Life (Scott Pilgrim #1),Sách,Unknown,quyển,1725570.0,27,public_website,2025-02,8627850.0,0.0,8627850.0
ORD000101,P0002,5,17268.0,C0165,2025-02-01 00:02:00,cash,shopee,0.0,TP. Hồ Chí Minh,retail,2024-04-03,Vở kẻ ngang 120 trang,Vở và giấy,Campus,quyển,18000.0,30,lecturer_sample,2025-02,86340.0,0.0,86340.0
ORD000101,P0011,1,5000.0,C0165,2025-02-01 00:02:00,cash,shopee,0.0,TP. Hồ Chí Minh,retail,2024-04-03,Bút bi xanh 0.5 mm,Bút viết,Thiên Long,cây,5000.0,70,lecturer_sample,2025-02,5000.0,0.0,5000.0
ORD000102,P0025,2,15000.0,C0142,2025-07-30 16:01:00,e-wallet,shopee,0.0,Hải Phòng,retail,2024-08-29,Gọt bút chì có hộp,Dụng cụ học tập,Deli,chiếc,15000.0,25,lecturer_sample,2025-07,30000.0,0.0,30000.0
ORD000102,P0089,1,1725570.0,C0142,2025-07-30 16:01:00,e-wallet,shopee,0.0,Hải Phòng,retail,2024-08-29,Scott Pilgrim's Precious Little Life (Scott Pilgrim #1),Sách,Unknown,quyển,1725570.0,27,public_website,2025-07,1725570.0,0.0,1725570.0
ORD000102,P0086,2,461670.0,C0142,2025-07-30 16:01:00,e-wallet,shopee,0.0,Hải Phòng,retail,2024-08-29,"Starving Hearts (Triangular Trade Trilogy, #1)",Sách,Unknown,quyển,461670.0,19,public_website,2025-07,923340.0,0.0,923340.0
ORD000103,P0008,1,65000.0,C0135,2025-05-10 21:17:00,card,shopee,0.0,Cần Thơ,retail,2024-01-26,Giấy màu A4 100 tờ,Vở và giấy,IK Plus,xấp,65000.0,15,lecturer_sample,2025-05,65000.0,0.0,65000.0
ORD000103,P0088,1,576180.0,C0135,2025-05-10 21:17:00,card,shopee,0.0,Cần Thơ,retail,2024-01-26,Set Me Free,Sách,Unknown,quyển,576180.0,24,public_website,2025-05,576180.0,0.0,576180.0
ORD000103,P0084,4,745800.0,C0135,2025-05-10 21:17:00,card,shopee,0.0,Cần Thơ,retail,2024-01-26,The Boys in the Boat: Nine Americans and Their Epic Quest for Gold at the 1936 Berlin Olympics,Sách,Unknown,quyển,745800.0,13,public_website,2025-05,2983200.0,0.0,2983200.0
ORD000103,P0022,4,18000.0,C0135,2025-05-10 21:17:00,card,shopee,0.0,Cần Thơ,retail,2024-01-26,Thước ê ke 2 chiếc,Dụng cụ học tập,Deli,bộ,18000.0,20,lecturer_sample,2025-05,72000.0,0.0,72000.0
ORD000104,P0038,6,35000.0,C0003,2025-12-26 18:05:00,cash,website,0.0,TP. Hồ Chí Minh,wholesale,2024-12-09,Nhãn dán phân loại,Hồ sơ và lưu trữ,Avery,xấp,35000.0,18,lecturer_sample,2025-12,210000.0,0.0,210000.0
ORD000104,P0072,27,1885354.0,C0003,2025-12-26 18:05:00,cash,website,0.0,TP. Hồ Chí Minh,wholesale,2024-12-09,Apple Airpower Wireless Charger,Phụ kiện máy tính,Apple,cái,1999750.0,1,public_api,2025-12,50904558.0,0.0,50904558.0
ORD000105,P0048,5,12000.0,C0012,2025-02-09 02:59:00,cash,website,20000.0,TP. Hồ Chí Minh,retail,2024-06-09,Kim bấm số 10,Thiết bị văn phòng,Max,hộp,12000.0,35,lecturer_sample,2025-02,60000.0,883.8424757016973,59116.1575242983
ORD000105,P0058,4,324427.0,C0012,2025-02-09 02:59:00,cash,website,20000.0,TP. Hồ Chí Minh,retail,2024-06-09,Bộ chia USB 4 cổng,Phụ kiện máy tính,Ugreen,chiếc,350000.0,8,lecturer_sample,2025-02,1297708.0,19116.1575242983,1278591.8424757016
ORD000106,P0059,16,55000.0,C0145,2025-05-05 01:53:00,cash,online,0.0,Cần Thơ,wholesale,2024-04-29,Tấm lót chuột,Phụ kiện máy tính,OEM,chiếc,55000.0,20,lecturer_sample,2025-05,880000.0,0.0,880000.0
ORD000106,P0048,18,12000.0,C0145,2025-05-05 01:53:00,cash,online,0.0,Cần Thơ,wholesale,2024-04-29,Kim bấm số 10,Thiết bị văn phòng,Max,hộp,12000.0,35,lecturer_sample,2025-05,216000.0,0.0,216000.0
ORD000106,P0035,7,16000.0,C0145,2025-05-05 01:53:00,cash,online,0.0,Cần Thơ,wholesale,2024-04-29,Túi hồ sơ dây buộc,Hồ sơ và lưu trữ,Hồng Hà,chiếc,16000.0,25,lecturer_sample,2025-05,112000.0,0.0,112000.0
ORD000107,P0029,5,25000.0,C0197,2025-11-12 01:25:00,e-wallet,offline,0.0,Hải Phòng,student,2024-04-02,Kéo học sinh 13 cm,Dụng cụ học tập,Deli,chiếc,25000.0,18,lecturer_sample,2025-11,125000.0,0.0,125000.0
ORD000107,P0056,1,166785.0,C0197,2025-11-12 01:25:00,e-wallet,offline,0.0,Hải Phòng,student,2024-04-02,Cáp HDMI 2 m,Phụ kiện máy tính,Ugreen,sợi,180000.0,12,lecturer_sample,2025-11,166785.0,0.0,166785.0
ORD000107,P0072,2,1814540.0,C0197,2025-11-12 01:25:00,e-wallet,offline,0.0,Hải Phòng,student,2024-04-02,Apple Airpower Wireless Charger,Phụ kiện máy tính,Apple,cái,1999750.0,1,public_api,2025-11,3629080.0,0.0,3629080.0
ORD000107,P0040,2,18000.0,C0197,2025-11-12 01:25:00,e-wallet,offline,0.0,Hải Phòng,student,2024-04-02,Kẹp giấy 33 mm,Hồ sơ và lưu trữ,Plus,hộp,18000.0,30,lecturer_sample,2025-11,36000.0,0.0,36000.0
ORD000107,P0020,2,78923.0,C0197,2025-11-12 01:25:00,e-wallet,offline,0.0,Hải Phòng,student,2024-04-02,Bút dạ quang 5 màu,Bút viết,Stabilo,bộ,85000.0,15,lecturer_sample,2025-11,157846.0,0.0,157846.0
ORD000108,P0069,3,2499750.0,C0028,2025-02-16 16:19:00,e-wallet,offline,0.0,Hải Phòng,office,2023-12-31,Amazon Echo Plus,Phụ kiện máy tính,Amazon,cái,2499750.0,12,public_api,2025-02,7499250.0,0.0,7499250.0
ORD000108,P0051,3,320000.0,C0028,2025-02-16 16:19:00,e-wallet,offline,0.0,Hải Phòng,office,2023-12-31,Chuột không dây,Phụ kiện máy tính,Logitech,chiếc,320000.0,10,lecturer_sample,2025-02,960000.0,0.0,960000.0
ORD000108,P0008,7,58572.0,C0028,2025-02-16 16:19:00,e-wallet,offline,0.0,Hải Phòng,office,2023-12-31,Giấy màu A4 100 tờ,Vở và giấy,IK Plus,xấp,65000.0,15,lecturer_sample,2025-02,410004.0,0.0,410004.0
ORD000109,P0049,3,125000.0,C0106,2025-07-19 04:05:00,transfer,offline,0.0,Đà Nẵng,retail,2024-01-20,Máy đục lỗ 2 lỗ,Thiết bị văn phòng,Deli,chiếc,125000.0,10,lecturer_sample,2025-07,375000.0,0.0,375000.0
ORD000109,P0089,2,1725570.0,C0106,2025-07-19 04:05:00,transfer,offline,0.0,Đà Nẵng,retail,2024-01-20,Scott Pilgrim's Precious Little Life (Scott Pilgrim #1),Sách,Unknown,quyển,1725570.0,27,public_website,2025-07,3451140.0,0.0,3451140.0
ORD000109,P0086,4,461670.0,C0106,2025-07-19 04:05:00,transfer,offline,0.0,Đà Nẵng,retail,2024-01-20,"Starving Hearts (Triangular Trade Trilogy, #1)",Sách,Unknown,quyển,461670.0,19,public_website,2025-07,1846680.0,0.0,1846680.0
ORD000109,P0046,3,890000.0,C0106,2025-07-19 04:05:00,transfer,offline,0.0,Đà Nẵng,retail,2024-01-20,Máy ép plastic A4,Thiết bị văn phòng,Deli,chiếc,890000.0,4,lecturer_sample,2025-07,2670000.0,0.0,2670000.0
ORD000110,P0045,5,1850000.0,C0020,2025-07-04 20:15:00,e-wallet,offline,5000.0,Huế,retail,2024-07-17,Máy hủy tài liệu,Thiết bị văn phòng,Silicon,chiếc,1850000.0,3,lecturer_sample,2025-07,9250000.0,4552.000478722818,9245447.999521278
ORD000110,P0055,3,280000.0,C0020,2025-07-04 20:15:00,e-wallet,offline,5000.0,Huế,retail,2024-07-17,Thẻ nhớ microSD 64 GB,Phụ kiện máy tính,SanDisk,chiếc,280000.0,10,lecturer_sample,2025-07,840000.0,413.37085428401804,839586.629145716
ORD000110,P0040,4,17592.0,C0020,2025-07-04 20:15:00,e-wallet,offline,5000.0,Huế,retail,2024-07-17,Kẹp giấy 33 mm,Hồ sơ và lưu trữ,Plus,hộp,18000.0,30,lecturer_sample,2025-07,70368.0,34.628666993164025,70333.37133300684
ORD000111,P0061,30,49999750.0,C0153,2025-03-11 20:20:00,e-wallet,website,0.0,Đà Nẵng,wholesale,2024-12-08,Apple MacBook Pro 14 Inch Space Grey,Thiết bị văn phòng,Apple,chiếc,49999750.0,5,public_api,2025-03,1499992500.0,0.0,1499992500.0
ORD000111,P0043,17,3190000.0,C0153,2025-03-11 20:20:00,e-wallet,website,0.0,Đà Nẵng,wholesale,2024-12-08,Máy in laser đơn sắc,Thiết bị văn phòng,Brother,chiếc,3190000.0,3,lecturer_sample,2025-03,54230000.0,0.0,54230000.0
ORD000111,P0006,30,82000.0,C0153,2025-03-11 20:20:00,e-wallet,website,0.0,Đà Nẵng,wholesale,2024-12-08,Giấy in A4 70 gsm,Vở và giấy,Double A,ram,82000.0,25,lecturer_sample,2025-03,2460000.0,0.0,2460000.0
ORD000111,P0036,8,169827.0,C0153,2025-03-11 20:20:00,e-wallet,website,0.0,Đà Nẵng,wholesale,2024-12-08,Khay tài liệu 3 tầng,Hồ sơ và lưu trữ,Deli,bộ,185000.0,8,lecturer_sample,2025-03,1358616.0,0.0,1358616.0
ORD000112,P0087,1,662424.0,C0140,2025-04-04 02:49:00,e-wallet,shopee,0.0,Hải Phòng,retail,2024-09-18,Shakespeare's Sonnets,Sách,Unknown,quyển,681780.0,21,public_website,2025-04,662424.0,0.0,662424.0
ORD000112,P0042,4,42000.0,C0140,2025-04-04 02:49:00,e-wallet,shopee,0.0,Hải Phòng,retail,2024-09-18,Pin AAA 4 viên,Thiết bị văn phòng,Panasonic,vỉ,42000.0,22,lecturer_sample,2025-04,168000.0,0.0,168000.0
ORD000113,P0015,5,45000.0,C0036,2025-11-21 20:15:00,e-wallet,online,0.0,TP. Hồ Chí Minh,retail,2023-12-22,Bút máy học sinh,Bút viết,Hồng Hà,cây,45000.0,20,lecturer_sample,2025-11,225000.0,0.0,225000.0
ORD000113,P0016,4,25000.0,C0036,2025-11-21 20:15:00,e-wallet,online,0.0,TP. Hồ Chí Minh,retail,2023-12-22,Ống mực bút máy xanh,Bút viết,Hồng Hà,hộp,25000.0,25,lecturer_sample,2025-11,100000.0,0.0,100000.0
ORD000113,P0034,3,82714.0,C0036,2025-11-21 20:15:00,e-wallet,online,0.0,TP. Hồ Chí Minh,retail,2023-12-22,File hộp 10 cm,Hồ sơ và lưu trữ,Flexoffice,chiếc,85000.0,15,lecturer_sample,2025-11,248142.0,0.0,248142.0
ORD000114,P0058,15,328559.0,C0153,2025-11-23 17:06:00,e-wallet,website,0.0,Đà Nẵng,wholesale,2024-12-08,Bộ chia USB 4 cổng,Phụ kiện máy tính,Ugreen,chiếc,350000.0,8,lecturer_sample,2025-11,4928385.0,0.0,4928385.0
ORD000114,P0032,5,12000.0,C0153,2025-11-23 17:06:00,e-wallet,website,0.0,Đà Nẵng,wholesale,2024-12-08,Bìa nút A4,Hồ sơ và lưu trữ,Deli,chiếc,12000.0,35,lecturer_sample,2025-11,60000.0,0.0,60000.0
ORD000114,P0005,12,79000.0,C0153,2025-11-23 17:06:00,e-wallet,website,0.0,Đà Nẵng,wholesale,2024-12-08,Sổ tay bìa da A5,Vở và giấy,OEM,quyển,79000.0,15,lecturer_sample,2025-11,948000.0,0.0,948000.0
ORD000115,P0039,5,28000.0,C0133,2025-10-14 01:44:00,transfer,offline,0.0,Nha Trang,wholesale,2024-08-14,Kẹp bướm 25 mm,Hồ sơ và lưu trữ,Deli,hộp,28000.0,25,lecturer_sample,2025-10,140000.0,0.0,140000.0
ORD000115,P0035,14,16000.0,C0133,2025-10-14 01:44:00,transfer,offline,0.0,Nha Trang,wholesale,2024-08-14,Túi hồ sơ dây buộc,Hồ sơ và lưu trữ,Hồng Hà,chiếc,16000.0,25,lecturer_sample,2025-10,224000.0,0.0,224000.0
ORD000116,P0030,19,13170.0,C0022,2025-03-02 03:09:00,card,online,0.0,TP. Hồ Chí Minh,wholesale,2024-11-21,Hồ khô 15 g,Dụng cụ học tập,Thiên Long,thỏi,14000.0,28,lecturer_sample,2025-03,250230.0,0.0,250230.0
ORD000116,P0072,7,1999750.0,C0022,2025-03-02 03:09:00,card,online,0.0,TP. Hồ Chí Minh,wholesale,2024-11-21,Apple Airpower Wireless Charger,Phụ kiện máy tính,Apple,cái,1999750.0,1,public_api,2025-03,13998250.0,0.0,13998250.0
ORD000117,P0058,3,350000.0,C0208,2025-12-30 17:01:00,transfer,online,0.0,Cần Thơ,student,2024-12-27,Bộ chia USB 4 cổng,Phụ kiện máy tính,Ugreen,chiếc,350000.0,8,lecturer_sample,2025-12,1050000.0,0.0,1050000.0
ORD000117,P0059,4,55000.0,C0208,2025-12-30 17:01:00,transfer,online,0.0,Cần Thơ,student,2024-12-27,Tấm lót chuột,Phụ kiện máy tính,OEM,chiếc,55000.0,20,lecturer_sample,2025-12,220000.0,0.0,220000.0
ORD000117,P0015,4,45000.0,C0208,2025-12-30 17:01:00,transfer,online,0.0,Cần Thơ,student,2024-12-27,Bút máy học sinh,Bút viết,Hồng Hà,cây,45000.0,20,lecturer_sample,2025-12,180000.0,0.0,180000.0
ORD000118,P0067,2,14999750.0,C0048,2025-11-25 02:27:00,cash,shopee,0.0,Đà Nẵng,retail,2024-12-22,Samsung Galaxy Tab S8 Plus Grey,Thiết bị văn phòng,Samsung,chiếc,14999750.0,12,public_api,2025-11,29999500.0,0.0,29999500.0
ORD000118,P0039,1,28000.0,C0048,2025-11-25 02:27:00,cash,shopee,0.0,Đà Nẵng,retail,2024-12-22,Kẹp bướm 25 mm,Hồ sơ và lưu trữ,Deli,hộp,28000.0,25,lecturer_sample,2025-11,28000.0,0.0,28000.0
ORD000119,P0040,11,18000.0,C0205,2025-10-02 18:23:00,card,online,0.0,Nha Trang,office,2024-06-07,Kẹp giấy 33 mm,Hồ sơ và lưu trữ,Plus,hộp,18000.0,30,lecturer_sample,2025-10,198000.0,0.0,198000.0
ORD000119,P0024,3,8000.0,C0205,2025-10-02 18:23:00,card,online,0.0,Nha Trang,office,2024-06-07,Tẩy chì trắng,Dụng cụ học tập,Staedtler,viên,8000.0,40,lecturer_sample,2025-10,24000.0,0.0,24000.0
ORD000120,P0063,2,34999750.0,C0217,2025-08-24 01:11:00,transfer,offline,5000.0,Biên Hòa,retail,2024-08-29,Huawei Matebook X Pro,Thiết bị văn phòng,Huawei,chiếc,34999750.0,15,public_api,2025-08,69999500.0,4657.6595758837975,69994842.34042412
ORD000120,P0045,2,1850000.0,C0217,2025-08-24 01:11:00,transfer,offline,5000.0,Biên Hòa,retail,2024-08-29,Máy hủy tài liệu,Thiết bị văn phòng,Silicon,chiếc,1850000.0,3,lecturer_sample,2025-08,3700000.0,246.1923360991157,3699753.807663901
ORD000120,P0055,4,280000.0,C0217,2025-08-24 01:11:00,transfer,offline,5000.0,Biên Hòa,retail,2024-08-29,Thẻ nhớ microSD 64 GB,Phụ kiện máy tính,SanDisk,chiếc,280000.0,10,lecturer_sample,2025-08,1120000.0,74.52308552189449,1119925.476914478
ORD000120,P0008,5,65000.0,C0217,2025-08-24 01:11:00,transfer,offline,5000.0,Biên Hòa,retail,2024-08-29,Giấy màu A4 100 tờ,Vở và giấy,IK Plus,xấp,65000.0,15,lecturer_sample,2025-08,325000.0,21.625002495192593,324978.3749975048
ORD000121,P0058,4,350000.0,C0048,2025-09-08 02:34:00,transfer,offline,0.0,Đà Nẵng,retail,2024-12-22,Bộ chia USB 4 cổng,Phụ kiện máy tính,Ugreen,chiếc,350000.0,8,lecturer_sample,2025-09,1400000.0,0.0,1400000.0
ORD000121,P0090,3,1090498.0,C0048,2025-09-08 02:34:00,transfer,offline,0.0,Đà Nẵng,retail,2024-12-22,Rip it Up and Start Again,Sách,Unknown,quyển,1155660.0,30,public_website,2025-09,3271494.0,0.0,3271494.0
ORD000121,P0049,2,123343.0,C0048,2025-09-08 02:34:00,transfer,offline,0.0,Đà Nẵng,retail,2024-12-22,Máy đục lỗ 2 lỗ,Thiết bị văn phòng,Deli,chiếc,125000.0,10,lecturer_sample,2025-09,246686.0,0.0,246686.0
ORD000122,P0038,2,35000.0,C0130,2025-12-01 23:26:00,card,offline,10000.0,Hải Phòng,retail,2024-03-23,Nhãn dán phân loại,Hồ sơ và lưu trữ,Avery,xấp,35000.0,18,lecturer_sample,2025-12,70000.0,119.15948305211695,69880.84051694788
ORD000122,P0077,2,1686360.0,C0130,2025-12-01 23:26:00,card,offline,10000.0,Hải Phòng,retail,2024-03-23,Tipping the Velvet,Sách,Unknown,quyển,1773420.0,19,public_website,2025-12,3372720.0,5741.308166850513,3366978.6918331496
ORD000122,P0083,4,591690.0,C0130,2025-12-01 23:26:00,card,offline,10000.0,Hải Phòng,retail,2024-03-23,"The Coming Woman: A Novel Based on the Life of the Infamous Feminist, Victoria Woodhull",Sách,Unknown,quyển,591690.0,10,public_website,2025-12,2366760.0,4028.884258691833,2362731.1157413083
ORD000122,P0008,1,65000.0,C0130,2025-12-01 23:26:00,card,offline,10000.0,Hải Phòng,retail,2024-03-23,Giấy màu A4 100 tờ,Vở và giấy,IK Plus,xấp,65000.0,15,lecturer_sample,2025-12,65000.0,110.64809140553716,64889.351908594464
ORD000123,P0005,2,79000.0,C0069,2025-10-06 21:34:00,cash,shopee,0.0,Nha Trang,retail,2024-01-16,Sổ tay bìa da A5,Vở và giấy,OEM,quyển,79000.0,15,lecturer_sample,2025-10,158000.0,0.0,158000.0
ORD000123,P0064,1,27499750.0,C0069,2025-10-06 21:34:00,cash,shopee,0.0,Nha Trang,retail,2024-01-16,Lenovo Yoga 920,Thiết bị văn phòng,Lenovo,chiếc,27499750.0,8,public_api,2025-10,27499750.0,0.0,27499750.0
ORD000123,P0048,3,10894.0,C0069,2025-10-06 21:34:00,cash,shopee,0.0,Nha Trang,retail,2024-01-16,Kim bấm số 10,Thiết bị văn phòng,Max,hộp,12000.0,35,lecturer_sample,2025-10,32682.0,0.0,32682.0
ORD000124,P0061,1,49999750.0,C0031,2025-05-02 19:51:00,transfer,shopee,0.0,Biên Hòa,retail,2024-10-22,Apple MacBook Pro 14 Inch Space Grey,Thiết bị văn phòng,Apple,chiếc,49999750.0,5,public_api,2025-05,49999750.0,0.0,49999750.0
ORD000124,P0078,5,1653300.0,C0031,2025-05-02 19:51:00,transfer,shopee,0.0,Biên Hòa,retail,2024-10-22,Soumission,Sách,Unknown,quyển,1653300.0,22,public_website,2025-05,8266500.0,0.0,8266500.0
ORD000124,P0038,5,35000.0,C0031,2025-05-02 19:51:00,transfer,shopee,0.0,Biên Hòa,retail,2024-10-22,Nhãn dán phân loại,Hồ sơ và lưu trữ,Avery,xấp,35000.0,18,lecturer_sample,2025-05,175000.0,0.0,175000.0
ORD000125,P0078,2,1507714.0,C0181,2025-05-30 20:36:00,cash,website,50000.0,Nha Trang,retail,2024-12-23,Soumission,Sách,Unknown,quyển,1653300.0,22,public_website,2025-05,3015428.0,39933.223646224105,2975494.776353776
ORD000125,P0060,2,380080.0,C0181,2025-05-30 20:36:00,cash,website,50000.0,Nha Trang,retail,2024-12-23,Tai nghe có mic,Phụ kiện máy tính,Rapoo,chiếc,390000.0,8,lecturer_sample,2025-05,760160.0,10066.77635377589,750093.2236462241
ORD000126,P0056,1,180000.0,C0195,2025-12-13 22:31:00,e-wallet,online,0.0,Huế,retail,2023-12-24,Cáp HDMI 2 m,Phụ kiện máy tính,Ugreen,sợi,180000.0,12,lecturer_sample,2025-12,180000.0,0.0,180000.0
ORD000127,P0040,5,18000.0,C0192,2025-05-24 03:59:00,card,website,0.0,Nha Trang,retail,2024-05-18,Kẹp giấy 33 mm,Hồ sơ và lưu trữ,Plus,hộp,18000.0,30,lecturer_sample,2025-05,90000.0,0.0,90000.0
ORD000127,P0044,4,868962.0,C0192,2025-05-24 03:59:00,card,website,0.0,Nha Trang,retail,2024-05-18,Mực in laser đen,Thiết bị văn phòng,Brother,hộp,920000.0,5,lecturer_sample,2025-05,3475848.0,0.0,3475848.0
ORD000127,P0052,3,269815.0,C0192,2025-05-24 03:59:00,card,website,0.0,Nha Trang,retail,2024-05-18,Bàn phím có dây,Phụ kiện máy tính,Logitech,chiếc,290000.0,8,lecturer_sample,2025-05,809445.0,0.0,809445.0
ORD000127,P0078,5,1653300.0,C0192,2025-05-24 03:59:00,card,website,0.0,Nha Trang,retail,2024-05-18,Soumission,Sách,Unknown,quyển,1653300.0,22,public_website,2025-05,8266500.0,0.0,8266500.0
ORD000127,P0079,4,1547247.0,C0192,2025-05-24 03:59:00,card,website,0.0,Nha Trang,retail,2024-05-18,Sharp Objects,Sách,Unknown,quyển,1578060.0,24,public_website,2025-05,6188988.0,0.0,6188988.0
ORD000128,P0077,2,1644258.0,C0196,2025-01-25 16:06:00,e-wallet,offline,0.0,Hà Nội,student,2024-01-02,Tipping the Velvet,Sách,Unknown,quyển,1773420.0,19,public_website,2025-01,3288516.0,0.0,3288516.0
ORD000128,P0083,3,591690.0,C0196,2025-01-25 16:06:00,e-wallet,offline,0.0,Hà Nội,student,2024-01-02,"The Coming Woman: A Novel Based on the Life of the Infamous Feminist, Victoria Woodhull",Sách,Unknown,quyển,591690.0,10,public_website,2025-01,1775070.0,0.0,1775070.0
ORD000128,P0086,3,461670.0,C0196,2025-01-25 16:06:00,e-wallet,offline,0.0,Hà Nội,student,2024-01-02,"Starving Hearts (Triangular Trade Trilogy, #1)",Sách,Unknown,quyển,461670.0,19,public_website,2025-01,1385010.0,0.0,1385010.0
ORD000128,P0015,3,45000.0,C0196,2025-01-25 16:06:00,e-wallet,offline,0.0,Hà Nội,student,2024-01-02,Bút máy học sinh,Bút viết,Hồng Hà,cây,45000.0,20,lecturer_sample,2025-01,135000.0,0.0,135000.0
ORD000128,P0016,2,25000.0,C0196,2025-01-25 16:06:00,e-wallet,offline,0.0,Hà Nội,student,2024-01-02,Ống mực bút máy xanh,Bút viết,Hồng Hà,hộp,25000.0,25,lecturer_sample,2025-01,50000.0,0.0,50000.0
ORD000129,P0038,2,35000.0,C0161,2025-06-07 03:44:00,cash,offline,0.0,Hà Nội,student,2024-02-11,Nhãn dán phân loại,Hồ sơ và lưu trữ,Avery,xấp,35000.0,18,lecturer_sample,2025-06,70000.0,0.0,70000.0
ORD000129,P0008,4,65000.0,C0161,2025-06-07 03:44:00,cash,offline,0.0,Hà Nội,student,2024-02-11,Giấy màu A4 100 tờ,Vở và giấy,IK Plus,xấp,65000.0,15,lecturer_sample,2025-06,260000.0,0.0,260000.0
ORD000129,P0009,3,17801.0,C0161,2025-06-07 03:44:00,cash,offline,0.0,Hà Nội,student,2024-02-11,Giấy note 3 x 3 inch,Vở và giấy,Deli,xấp,18000.0,30,lecturer_sample,2025-06,53403.0,0.0,53403.0
ORD000130,P0035,3,14597.0,C0109,2025-12-22 18:30:00,cash,offline,0.0,Cần Thơ,retail,2024-03-11,Túi hồ sơ dây buộc,Hồ sơ và lưu trữ,Hồng Hà,chiếc,16000.0,25,lecturer_sample,2025-12,43791.0,0.0,43791.0
ORD000131,P0048,11,12000.0,C0199,2025-03-11 02:43:00,e-wallet,offline,10000.0,TP. Hồ Chí Minh,wholesale,2024-07-27,Kim bấm số 10,Thiết bị văn phòng,Max,hộp,12000.0,35,lecturer_sample,2025-03,132000.0,10000.0,122000.0
ORD000132,P0019,8,22000.0,C0039,2025-07-31 01:43:00,e-wallet,offline,5000.0,Cần Thơ,office,2024-07-24,Ruột chì kim 0.5 mm,Bút viết,Pentel,hộp,22000.0,25,lecturer_sample,2025-07,176000.0,346.0806367883717,175653.91936321164
ORD000132,P0083,4,591690.0,C0039,2025-07-31 01:43:00,e-wallet,offline,5000.0,Cần Thơ,office,2024-07-24,"The Coming Woman: A Novel Based on the Life of the Infamous Feminist, Victoria Woodhull",Sách,Unknown,quyển,591690.0,10,public_website,2025-07,2366760.0,4653.9193632116285,2362106.080636788
ORD000133,P0065,10,37499750.0,C0166,2025-02-13 19:35:00,transfer,online,20000.0,Huế,office,2024-07-22,New DELL XPS 13 9300 Laptop,Thiết bị văn phòng,Dell,chiếc,37499750.0,14,public_api,2025-02,374997500.0,19924.71224605154,374977575.28775394
ORD000133,P0026,8,65000.0,C0166,2025-02-13 19:35:00,transfer,online,20000.0,Huế,office,2024-07-22,Hộp bút vải,Dụng cụ học tập,OEM,chiếc,65000.0,15,lecturer_sample,2025-02,520000.0,27.629118508648194,519972.37088149134
ORD000133,P0086,2,448485.0,C0166,2025-02-13 19:35:00,transfer,online,20000.0,Huế,office,2024-07-22,"Starving Hearts (Triangular Trade Trilogy, #1)",Sách,Unknown,quyển,461670.0,19,public_website,2025-02,896970.0,47.65863543981187,896922.3413645602
ORD000134,P0057,2,220000.0,C0062,2025-09-11 22:07:00,card,website,5000.0,TP. Hồ Chí Minh,student,2023-12-01,Cáp USB-C 1 m,Phụ kiện máy tính,Anker,sợi,220000.0,15,lecturer_sample,2025-09,440000.0,5000.0,435000.0
ORD000135,P0016,1,25000.0,C0215,2025-10-19 22:23:00,cash,offline,0.0,Đà Nẵng,student,2024-07-07,Ống mực bút máy xanh,Bút viết,Hồng Hà,hộp,25000.0,25,lecturer_sample,2025-10,25000.0,0.0,25000.0
ORD000135,P0042,2,42000.0,C0215,2025-10-19 22:23:00,cash,offline,0.0,Đà Nẵng,student,2024-07-07,Pin AAA 4 viên,Thiết bị văn phòng,Panasonic,vỉ,42000.0,22,lecturer_sample,2025-10,84000.0,0.0,84000.0
ORD000136,P0045,14,1850000.0,C0016,2025-07-24 00:18:00,transfer,offline,0.0,Huế,wholesale,2024-10-14,Máy hủy tài liệu,Thiết bị văn phòng,Silicon,chiếc,1850000.0,3,lecturer_sample,2025-07,25900000.0,0.0,25900000.0
ORD000136,P0038,11,31989.0,C0016,2025-07-24 00:18:00,transfer,offline,0.0,Huế,wholesale,2024-10-14,Nhãn dán phân loại,Hồ sơ và lưu trữ,Avery,xấp,35000.0,18,lecturer_sample,2025-07,351879.0,0.0,351879.0
ORD000136,P0062,15,44999750.0,C0016,2025-07-24 00:18:00,transfer,offline,0.0,Huế,wholesale,2024-10-14,Asus Zenbook Pro Dual Screen Laptop,Thiết bị văn phòng,Asus,chiếc,44999750.0,9,public_api,2025-07,674996250.0,0.0,674996250.0
ORD000136,P0049,25,119811.0,C0016,2025-07-24 00:18:00,transfer,offline,0.0,Huế,wholesale,2024-10-14,Máy đục lỗ 2 lỗ,Thiết bị văn phòng,Deli,chiếc,125000.0,10,lecturer_sample,2025-07,2995275.0,0.0,2995275.0
ORD000137,P0087,5,681780.0,C0165,2025-02-03 20:44:00,e-wallet,offline,0.0,TP. Hồ Chí Minh,retail,2024-04-03,Shakespeare's Sonnets,Sách,Unknown,quyển,681780.0,21,public_website,2025-02,3408900.0,0.0,3408900.0
ORD000137,P0022,3,18000.0,C0165,2025-02-03 20:44:00,e-wallet,offline,0.0,TP. Hồ Chí Minh,retail,2024-04-03,Thước ê ke 2 chiếc,Dụng cụ học tập,Deli,bộ,18000.0,20,lecturer_sample,2025-02,54000.0,0.0,54000.0
ORD000138,P0062,3,40977902.0,C0169,2025-03-31 17:00:00,transfer,offline,0.0,Biên Hòa,retail,2024-12-12,Asus Zenbook Pro Dual Screen Laptop,Thiết bị văn phòng,Asus,chiếc,44999750.0,9,public_api,2025-03,122933706.0,0.0,122933706.0
ORD000138,P0049,1,125000.0,C0169,2025-03-31 17:00:00,transfer,offline,0.0,Biên Hòa,retail,2024-12-12,Máy đục lỗ 2 lỗ,Thiết bị văn phòng,Deli,chiếc,125000.0,10,lecturer_sample,2025-03,125000.0,0.0,125000.0
ORD000138,P0087,4,681780.0,C0169,2025-03-31 17:00:00,transfer,offline,0.0,Biên Hòa,retail,2024-12-12,Shakespeare's Sonnets,Sách,Unknown,quyển,681780.0,21,public_website,2025-03,2727120.0,0.0,2727120.0
ORD000138,P0047,1,78000.0,C0169,2025-03-31 17:00:00,transfer,offline,0.0,Biên Hòa,retail,2024-12-12,Máy dập ghim số 10,Thiết bị văn phòng,Max,chiếc,78000.0,15,lecturer_sample,2025-03,78000.0,0.0,78000.0
ORD000139,P0032,23,12000.0,C0148,2025-11-18 17:31:00,card,shopee,0.0,Nha Trang,wholesale,2024-11-02,Bìa nút A4,Hồ sơ và lưu trữ,Deli,chiếc,12000.0,35,lecturer_sample,2025-11,276000.0,0.0,276000.0
ORD000139,P0006,8,82000.0,C0148,2025-11-18 17:31:00,card,shopee,0.0,Nha Trang,wholesale,2024-11-02,Giấy in A4 70 gsm,Vở và giấy,Double A,ram,82000.0,25,lecturer_sample,2025-11,656000.0,0.0,656000.0
ORD000139,P0050,21,420000.0,C0148,2025-11-18 17:31:00,card,shopee,0.0,Nha Trang,wholesale,2024-11-02,Bảng trắng 60 x 90 cm,Thiết bị văn phòng,Bavico,chiếc,420000.0,5,lecturer_sample,2025-11,8820000.0,0.0,8820000.0
ORD000140,P0035,2,16000.0,C0220,2025-01-07 19:02:00,e-wallet,offline,0.0,Hải Phòng,student,2024-07-15,Túi hồ sơ dây buộc,Hồ sơ và lưu trữ,Hồng Hà,chiếc,16000.0,25,lecturer_sample,2025-01,32000.0,0.0,32000.0
ORD000140,P0015,3,45000.0,C0220,2025-01-07 19:02:00,e-wallet,offline,0.0,Hải Phòng,student,2024-07-15,Bút máy học sinh,Bút viết,Hồng Hà,cây,45000.0,20,lecturer_sample,2025-01,135000.0,0.0,135000.0
ORD000141,P0083,1,578639.0,C0020,2025-10-20 21:07:00,cash,website,0.0,Huế,retail,2024-07-17,"The Coming Woman: A Novel Based on the Life of the Infamous Feminist, Victoria Woodhull",Sách,Unknown,quyển,591690.0,10,public_website,2025-10,578639.0,0.0,578639.0
ORD000141,P0017,3,9000.0,C0020,2025-10-20 21:07:00,cash,website,0.0,Huế,retail,2024-07-17,Bút chì 2B,Bút viết,Staedtler,cây,9000.0,45,lecturer_sample,2025-10,27000.0,0.0,27000.0
ORD000142,P0049,5,123725.0,C0142,2025-08-22 16:23:00,transfer,online,0.0,Hải Phòng,retail,2024-08-29,Máy đục lỗ 2 lỗ,Thiết bị văn phòng,Deli,chiếc,125000.0,10,lecturer_sample,2025-08,618625.0,0.0,618625.0
ORD000143,P0074,5,466699.0,C0199,2025-04-12 03:57:00,cash,website,20000.0,TP. Hồ Chí Minh,wholesale,2024-07-27,Apple iPhone Charger,Phụ kiện máy tính,Apple,cái,499750.0,6,public_api,2025-04,2333495.0,13413.654479960382,2320081.3455200396
ORD000143,P0015,28,40921.0,C0199,2025-04-12 03:57:00,cash,website,20000.0,TP. Hồ Chí Minh,wholesale,2024-07-27,Bút máy học sinh,Bút viết,Hồng Hà,cây,45000.0,20,lecturer_sample,2025-04,1145788.0,6586.345520039617,1139201.6544799604
ORD000144,P0088,1,576180.0,C0136,2025-05-02 22:31:00,e-wallet,website,0.0,Hà Nội,retail,2024-04-11,Set Me Free,Sách,Unknown,quyển,576180.0,24,public_website,2025-05,576180.0,0.0,576180.0
ORD000144,P0084,5,745800.0,C0136,2025-05-02 22:31:00,e-wallet,website,0.0,Hà Nội,retail,2024-04-11,The Boys in the Boat: Nine Americans and Their Epic Quest for Gold at the 1936 Berlin Olympics,Sách,Unknown,quyển,745800.0,13,public_website,2025-05,3729000.0,0.0,3729000.0
ORD000144,P0025,4,15000.0,C0136,2025-05-02 22:31:00,e-wallet,website,0.0,Hà Nội,retail,2024-04-11,Gọt bút chì có hộp,Dụng cụ học tập,Deli,chiếc,15000.0,25,lecturer_sample,2025-05,60000.0,0.0,60000.0
ORD000144,P0005,5,79000.0,C0136,2025-05-02 22:31:00,e-wallet,website,0.0,Hà Nội,retail,2024-04-11,Sổ tay bìa da A5,Vở và giấy,OEM,quyển,79000.0,15,lecturer_sample,2025-05,395000.0,0.0,395000.0
ORD000144,P0022,2,18000.0,C0136,2025-05-02 22:31:00,e-wallet,website,0.0,Hà Nội,retail,2024-04-11,Thước ê ke 2 chiếc,Dụng cụ học tập,Deli,bộ,18000.0,20,lecturer_sample,2025-05,36000.0,0.0,36000.0
ORD000144,P0078,3,1625762.0,C0136,2025-05-02 22:31:00,e-wallet,website,0.0,Hà Nội,retail,2024-04-11,Soumission,Sách,Unknown,quyển,1653300.0,22,public_website,2025-05,4877286.0,0.0,4877286.0
ORD000144,P0079,4,1524693.0,C0136,2025-05-02 22:31:00,e-wallet,website,0.0,Hà Nội,retail,2024-04-11,Sharp Objects,Sách,Unknown,quyển,1578060.0,24,public_website,2025-05,6098772.0,0.0,6098772.0
ORD000145,P0018,4,38000.0,C0082,2025-08-20 20:14:00,transfer,offline,0.0,Nha Trang,retail,2023-11-29,Bút chì kim 0.5 mm,Bút viết,Pentel,cây,38000.0,20,lecturer_sample,2025-08,152000.0,0.0,152000.0
ORD000146,P0019,7,22000.0,C0105,2025-03-04 00:22:00,cash,offline,0.0,Cần Thơ,office,2024-09-06,Ruột chì kim 0.5 mm,Bút viết,Pentel,hộp,22000.0,25,lecturer_sample,2025-03,154000.0,0.0,154000.0
ORD000146,P0028,5,72982.0,C0105,2025-03-04 00:22:00,cash,offline,0.0,Cần Thơ,office,2024-09-06,Bộ màu nước 12 màu,Dụng cụ học tập,Pentel,bộ,78000.0,12,lecturer_sample,2025-03,364910.0,0.0,364910.0
ORD000146,P0025,2,15000.0,C0105,2025-03-04 00:22:00,cash,offline,0.0,Cần Thơ,office,2024-09-06,Gọt bút chì có hộp,Dụng cụ học tập,Deli,chiếc,15000.0,25,lecturer_sample,2025-03,30000.0,0.0,30000.0
ORD000146,P0012,6,4578.0,C0105,2025-03-04 00:22:00,cash,offline,0.0,Cần Thơ,office,2024-09-06,Bút bi đen 0.5 mm,Bút viết,Thiên Long,cây,5000.0,60,lecturer_sample,2025-03,27468.0,0.0,27468.0
ORD000146,P0015,8,42752.0,C0105,2025-03-04 00:22:00,cash,offline,0.0,Cần Thơ,office,2024-09-06,Bút máy học sinh,Bút viết,Hồng Hà,cây,45000.0,20,lecturer_sample,2025-03,342016.0,0.0,342016.0
ORD000147,P0073,4,2499750.0,C0141,2025-05-08 17:29:00,transfer,offline,10000.0,Nha Trang,retail,2024-11-24,Apple HomePod Mini Cosmic Grey,Phụ kiện máy tính,Apple,cái,2499750.0,5,public_api,2025-05,9999000.0,9523.990951303727,9989476.009048697
ORD000147,P0074,1,499750.0,C0141,2025-05-08 17:29:00,transfer,offline,10000.0,Nha Trang,retail,2024-11-24,Apple iPhone Charger,Phụ kiện máy tính,Apple,cái,499750.0,6,public_api,2025-05,499750.0,476.00904869627334,499273.99095130374
ORD000148,P0058,3,350000.0,C0067,2025-02-08 16:04:00,cash,website,0.0,Biên Hòa,retail,2024-09-15,Bộ chia USB 4 cổng,Phụ kiện máy tính,Ugreen,chiếc,350000.0,8,lecturer_sample,2025-02,1050000.0,0.0,1050000.0
ORD000149,P0076,2,1708410.0,C0119,2025-01-26 18:59:00,transfer,offline,0.0,Huế,retail,2023-12-18,A Light in the Attic,Sách,Unknown,quyển,1708410.0,16,public_website,2025-01,3416820.0,0.0,3416820.0
ORD000149,P0089,4,1558394.0,C0119,2025-01-26 18:59:00,transfer,offline,0.0,Huế,retail,2023-12-18,Scott Pilgrim's Precious Little Life (Scott Pilgrim #1),Sách,Unknown,quyển,1725570.0,27,public_website,2025-01,6233576.0,0.0,6233576.0
ORD000149,P0004,5,42000.0,C0119,2025-01-26 18:59:00,transfer,offline,0.0,Huế,retail,2023-12-18,Sổ lò xo A5 200 trang,Vở và giấy,Hải Tiến,quyển,42000.0,20,lecturer_sample,2025-01,210000.0,0.0,210000.0
ORD000150,P0043,10,3155058.0,C0166,2025-06-01 23:26:00,transfer,online,0.0,Huế,office,2024-07-22,Máy in laser đơn sắc,Thiết bị văn phòng,Brother,chiếc,3190000.0,3,lecturer_sample,2025-06,31550580.0,0.0,31550580.0
ORD000150,P0006,7,82000.0,C0166,2025-06-01 23:26:00,transfer,online,0.0,Huế,office,2024-07-22,Giấy in A4 70 gsm,Vở và giấy,Double A,ram,82000.0,25,lecturer_sample,2025-06,574000.0,0.0,574000.0
ORD000150,P0035,9,16000.0,C0166,2025-06-01 23:26:00,transfer,online,0.0,Huế,office,2024-07-22,Túi hồ sơ dây buộc,Hồ sơ và lưu trữ,Hồng Hà,chiếc,16000.0,25,lecturer_sample,2025-06,144000.0,0.0,144000.0
ORD000150,P0038,11,35000.0,C0166,2025-06-01 23:26:00,transfer,online,0.0,Huế,office,2024-07-22,Nhãn dán phân loại,Hồ sơ và lưu trữ,Avery,xấp,35000.0,18,lecturer_sample,2025-06,385000.0,0.0,385000.0
ORD000150,P0057,8,220000.0,C0166,2025-06-01 23:26:00,transfer,online,0.0,Huế,office,2024-07-22,Cáp USB-C 1 m,Phụ kiện máy tính,Anker,sợi,220000.0,15,lecturer_sample,2025-06,1760000.0,0.0,1760000.0
ORD000151,P0075,5,2468899.0,C0007,2025-06-14 01:14:00,e-wallet,online,0.0,Nha Trang,retail,2024-11-28,Apple MagSafe Battery Pack,Phụ kiện máy tính,Apple,cái,2499750.0,1,public_api,2025-06,12344495.0,0.0,12344495.0
ORD000152,P0076,2,1708410.0,C0026,2025-05-08 02:15:00,e-wallet,offline,0.0,Hà Nội,retail,2024-12-25,A Light in the Attic,Sách,Unknown,quyển,1708410.0,16,public_website,2025-05,3416820.0,0.0,3416820.0
ORD000152,P0006,5,82000.0,C0026,2025-05-08 02:15:00,e-wallet,offline,0.0,Hà Nội,retail,2024-12-25,Giấy in A4 70 gsm,Vở và giấy,Double A,ram,82000.0,25,lecturer_sample,2025-05,410000.0,0.0,410000.0
ORD000153,P0062,2,44999750.0,C0189,2025-12-24 21:58:00,e-wallet,online,10000.0,Đà Nẵng,student,2024-07-04,Asus Zenbook Pro Dual Screen Laptop,Thiết bị văn phòng,Asus,chiếc,44999750.0,9,public_api,2025-12,89999500.0,9758.740898568169,89989741.25910144
ORD000153,P0049,1,125000.0,C0189,2025-12-24 21:58:00,e-wallet,online,10000.0,Đà Nẵng,student,2024-07-04,Máy đục lỗ 2 lỗ,Thiết bị văn phòng,Deli,chiếc,125000.0,10,lecturer_sample,2025-12,125000.0,13.553882102911917,124986.44611789708
ORD000153,P0050,5,420000.0,C0189,2025-12-24 21:58:00,e-wallet,online,10000.0,Đà Nẵng,student,2024-07-04,Bảng trắng 60 x 90 cm,Thiết bị văn phòng,Bavico,chiếc,420000.0,5,lecturer_sample,2025-12,2100000.0,227.70521932892018,2099772.294780671
ORD000154,P0018,3,35478.0,C0135,2025-09-02 16:21:00,cash,shopee,10000.0,Cần Thơ,retail,2024-01-26,Bút chì kim 0.5 mm,Bút viết,Pentel,cây,38000.0,20,lecturer_sample,2025-09,106434.0,10.941434612730948,106423.05856538727
ORD000154,P0019,4,22000.0,C0135,2025-09-02 16:21:00,cash,shopee,10000.0,Cần Thơ,retail,2024-01-26,Ruột chì kim 0.5 mm,Bút viết,Pentel,hộp,22000.0,25,lecturer_sample,2025-09,88000.0,9.046416050513214,87990.9535839495
ORD000154,P0064,3,27499750.0,C0135,2025-09-02 16:21:00,cash,shopee,10000.0,Cần Thơ,retail,2024-01-26,Lenovo Yoga 920,Thiết bị văn phòng,Lenovo,chiếc,27499750.0,8,public_api,2025-09,82499250.0,8480.937947219343,82490769.06205279
ORD000154,P0085,2,1662286.0,C0135,2025-09-02 16:21:00,cash,shopee,10000.0,Cần Thơ,retail,2024-01-26,The Black Maria,Sách,Unknown,quyển,1720950.0,16,public_website,2025-09,3324572.0,341.7666079759865,3324230.233392024
ORD000154,P0078,4,1630914.0,C0135,2025-09-02 16:21:00,cash,shopee,10000.0,Cần Thơ,retail,2024-01-26,Soumission,Sách,Unknown,quyển,1653300.0,22,public_website,2025-09,6523656.0,670.6330266639412,6522985.366973336
ORD000154,P0079,3,1578060.0,C0135,2025-09-02 16:21:00,cash,shopee,10000.0,Cần Thơ,retail,2024-01-26,Sharp Objects,Sách,Unknown,quyển,1578060.0,24,public_website,2025-09,4734180.0,486.6745674774846,4733693.325432522
ORD000155,P0059,1,54196.0,C0144,2025-12-23 01:50:00,card,offline,0.0,TP. Hồ Chí Minh,student,2024-11-01,Tấm lót chuột,Phụ kiện máy tính,OEM,chiếc,55000.0,20,lecturer_sample,2025-12,54196.0,0.0,54196.0
ORD000155,P0076,4,1656089.0,C0144,2025-12-23 01:50:00,card,offline,0.0,TP. Hồ Chí Minh,student,2024-11-01,A Light in the Attic,Sách,Unknown,quyển,1708410.0,16,public_website,2025-12,6624356.0,0.0,6624356.0
ORD000155,P0089,5,1725570.0,C0144,2025-12-23 01:50:00,card,offline,0.0,TP. Hồ Chí Minh,student,2024-11-01,Scott Pilgrim's Precious Little Life (Scott Pilgrim #1),Sách,Unknown,quyển,1725570.0,27,public_website,2025-12,8627850.0,0.0,8627850.0
ORD000156,P0050,7,420000.0,C0155,2025-06-13 04:39:00,transfer,offline,0.0,Hải Phòng,wholesale,2024-12-16,Bảng trắng 60 x 90 cm,Thiết bị văn phòng,Bavico,chiếc,420000.0,5,lecturer_sample,2025-06,2940000.0,0.0,2940000.0
ORD000157,P0076,1,1708410.0,C0082,2025-03-28 02:56:00,cash,shopee,0.0,Nha Trang,retail,2023-11-29,A Light in the Attic,Sách,Unknown,quyển,1708410.0,16,public_website,2025-03,1708410.0,0.0,1708410.0
ORD000157,P0066,4,12244876.0,C0082,2025-03-28 02:56:00,cash,shopee,0.0,Nha Trang,retail,2023-11-29,iPad Mini 2021 Starlight,Thiết bị văn phòng,Apple,chiếc,12499750.0,9,public_api,2025-03,48979504.0,0.0,48979504.0
ORD000157,P0030,4,13043.0,C0082,2025-03-28 02:56:00,cash,shopee,0.0,Nha Trang,retail,2023-11-29,Hồ khô 15 g,Dụng cụ học tập,Thiên Long,thỏi,14000.0,28,lecturer_sample,2025-03,52172.0,0.0,52172.0
ORD000157,P0002,4,18000.0,C0082,2025-03-28 02:56:00,cash,shopee,0.0,Nha Trang,retail,2023-11-29,Vở kẻ ngang 120 trang,Vở và giấy,Campus,quyển,18000.0,30,lecturer_sample,2025-03,72000.0,0.0,72000.0
ORD000157,P0011,4,4760.0,C0082,2025-03-28 02:56:00,cash,shopee,0.0,Nha Trang,retail,2023-11-29,Bút bi xanh 0.5 mm,Bút viết,Thiên Long,cây,5000.0,70,lecturer_sample,2025-03,19040.0,0.0,19040.0
ORD000157,P0061,2,49999750.0,C0082,2025-03-28 02:56:00,cash,shopee,0.0,Nha Trang,retail,2023-11-29,Apple MacBook Pro 14 Inch Space Grey,Thiết bị văn phòng,Apple,chiếc,49999750.0,5,public_api,2025-03,99999500.0,0.0,99999500.0
ORD000158,P0087,5,673615.0,C0019,2025-01-18 20:01:00,transfer,shopee,50000.0,TP. Hồ Chí Minh,retail,2024-03-26,Shakespeare's Sonnets,Sách,Unknown,quyển,681780.0,21,public_website,2025-01,3368075.0,47263.599559369366,3320811.4004406305
ORD000158,P0008,3,65000.0,C0019,2025-01-18 20:01:00,transfer,shopee,50000.0,TP. Hồ Chí Minh,retail,2024-03-26,Giấy màu A4 100 tờ,Vở và giấy,IK Plus,xấp,65000.0,15,lecturer_sample,2025-01,195000.0,2736.400440630635,192263.59955936935
ORD000159,P0058,2,327892.0,C0158,2025-09-06 03:01:00,cash,offline,0.0,TP. Hồ Chí Minh,retail,2024-10-05,Bộ chia USB 4 cổng,Phụ kiện máy tính,Ugreen,chiếc,350000.0,8,lecturer_sample,2025-09,655784.0,0.0,655784.0
ORD000159,P0055,5,270395.0,C0158,2025-09-06 03:01:00,cash,offline,0.0,TP. Hồ Chí Minh,retail,2024-10-05,Thẻ nhớ microSD 64 GB,Phụ kiện máy tính,SanDisk,chiếc,280000.0,10,lecturer_sample,2025-09,1351975.0,0.0,1351975.0
ORD000160,P0005,3,79000.0,C0068,2025-12-05 20:19:00,e-wallet,offline,0.0,Nha Trang,retail,2024-07-27,Sổ tay bìa da A5,Vở và giấy,OEM,quyển,79000.0,15,lecturer_sample,2025-12,237000.0,0.0,237000.0
ORD000161,P0018,4,38000.0,C0023,2025-06-01 02:40:00,card,shopee,5000.0,Hải Phòng,retail,2024-02-23,Bút chì kim 0.5 mm,Bút viết,Pentel,cây,38000.0,20,lecturer_sample,2025-06,152000.0,1447.66592442041,150552.3340755796
ORD000161,P0019,3,22000.0,C0023,2025-06-01 02:40:00,card,shopee,5000.0,Hải Phòng,retail,2024-02-23,Ruột chì kim 0.5 mm,Bút viết,Pentel,hộp,22000.0,25,lecturer_sample,2025-06,66000.0,628.59178297202,65371.40821702798
ORD000161,P0016,5,25000.0,C0023,2025-06-01 02:40:00,card,shopee,5000.0,Hải Phòng,retail,2024-02-23,Ống mực bút máy xanh,Bút viết,Hồng Hà,hộp,25000.0,25,lecturer_sample,2025-06,125000.0,1190.5147404773106,123809.48525952268
ORD000161,P0026,3,60661.0,C0023,2025-06-01 02:40:00,card,shopee,5000.0,Hải Phòng,retail,2024-02-23,Hộp bút vải,Dụng cụ học tập,OEM,chiếc,65000.0,15,lecturer_sample,2025-06,181983.0,1733.2275521302595,180249.77244786973
ORD000162,P0020,10,85000.0,C0115,2025-01-23 20:28:00,cash,shopee,5000.0,TP. Hồ Chí Minh,office,2024-01-24,Bút dạ quang 5 màu,Bút viết,Stabilo,bộ,85000.0,15,lecturer_sample,2025-01,850000.0,4187.1921182266005,845812.8078817734
ORD000162,P0025,11,15000.0,C0115,2025-01-23 20:28:00,cash,shopee,5000.0,TP. Hồ Chí Minh,office,2024-01-24,Gọt bút chì có hộp,Dụng cụ học tập,Deli,chiếc,15000.0,25,lecturer_sample,2025-01,165000.0,812.807881773399,164187.1921182266
ORD000163,P0060,21,374781.0,C0016,2025-07-19 00:26:00,cash,online,0.0,Huế,wholesale,2024-10-14,Tai nghe có mic,Phụ kiện máy tính,Rapoo,chiếc,390000.0,8,lecturer_sample,2025-07,7870401.0,0.0,7870401.0
ORD000163,P0086,24,461670.0,C0016,2025-07-19 00:26:00,cash,online,0.0,Huế,wholesale,2024-10-14,"Starving Hearts (Triangular Trade Trilogy, #1)",Sách,Unknown,quyển,461670.0,19,public_website,2025-07,11080080.0,0.0,11080080.0
ORD000163,P0050,29,420000.0,C0016,2025-07-19 00:26:00,cash,online,0.0,Huế,wholesale,2024-10-14,Bảng trắng 60 x 90 cm,Thiết bị văn phòng,Bavico,chiếc,420000.0,5,lecturer_sample,2025-07,12180000.0,0.0,12180000.0
ORD000163,P0022,10,17510.0,C0016,2025-07-19 00:26:00,cash,online,0.0,Huế,wholesale,2024-10-14,Thước ê ke 2 chiếc,Dụng cụ học tập,Deli,bộ,18000.0,20,lecturer_sample,2025-07,175100.0,0.0,175100.0
ORD000163,P0027,9,92000.0,C0016,2025-07-19 00:26:00,cash,online,0.0,Huế,wholesale,2024-10-14,Bộ màu sáp 24 màu,Dụng cụ học tập,Crayola,bộ,92000.0,12,lecturer_sample,2025-07,828000.0,0.0,828000.0
ORD000164,P0056,21,180000.0,C0021,2025-12-16 22:12:00,card,website,0.0,Hải Phòng,wholesale,2024-05-27,Cáp HDMI 2 m,Phụ kiện máy tính,Ugreen,sợi,180000.0,12,lecturer_sample,2025-12,3780000.0,0.0,3780000.0
ORD000164,P0077,5,1695523.0,C0021,2025-12-16 22:12:00,card,website,0.0,Hải Phòng,wholesale,2024-05-27,Tipping the Velvet,Sách,Unknown,quyển,1773420.0,19,public_website,2025-12,8477615.0,0.0,8477615.0
ORD000164,P0083,21,538513.0,C0021,2025-12-16 22:12:00,card,website,0.0,Hải Phòng,wholesale,2024-05-27,"The Coming Woman: A Novel Based on the Life of the Infamous Feminist, Victoria Woodhull",Sách,Unknown,quyển,591690.0,10,public_website,2025-12,11308773.0,0.0,11308773.0
ORD000164,P0084,9,745800.0,C0021,2025-12-16 22:12:00,card,website,0.0,Hải Phòng,wholesale,2024-05-27,The Boys in the Boat: Nine Americans and Their Epic Quest for Gold at the 1936 Berlin Olympics,Sách,Unknown,quyển,745800.0,13,public_website,2025-12,6712200.0,0.0,6712200.0
ORD000164,P0007,23,99000.0,C0021,2025-12-16 22:12:00,card,website,0.0,Hải Phòng,wholesale,2024-05-27,Giấy in A4 80 gsm,Vở và giấy,PaperOne,ram,99000.0,20,lecturer_sample,2025-12,2277000.0,0.0,2277000.0
ORD000164,P0043,8,3032547.0,C0021,2025-12-16 22:12:00,card,website,0.0,Hải Phòng,wholesale,2024-05-27,Máy in laser đơn sắc,Thiết bị văn phòng,Brother,chiếc,3190000.0,3,lecturer_sample,2025-12,24260376.0,0.0,24260376.0
ORD000165,P0037,3,95000.0,C0026,2025-05-28 00:56:00,e-wallet,offline,0.0,Hà Nội,retail,2024-12-25,Cặp tài liệu A4,Hồ sơ và lưu trữ,OEM,chiếc,95000.0,10,lecturer_sample,2025-05,285000.0,0.0,285000.0
ORD000165,P0035,5,16000.0,C0026,2025-05-28 00:56:00,e-wallet,offline,0.0,Hà Nội,retail,2024-12-25,Túi hồ sơ dây buộc,Hồ sơ và lưu trữ,Hồng Hà,chiếc,16000.0,25,lecturer_sample,2025-05,80000.0,0.0,80000.0
ORD000166,P0029,4,24041.0,C0178,2025-07-25 16:25:00,card,offline,20000.0,Hà Nội,retail,2024-06-27,Kéo học sinh 13 cm,Dụng cụ học tập,Deli,chiếc,25000.0,18,lecturer_sample,2025-07,96164.0,54.93715110847203,96109.06284889152
ORD000166,P0022,2,18000.0,C0178,2025-07-25 16:25:00,card,offline,20000.0,Hà Nội,retail,2024-06-27,Thước ê ke 2 chiếc,Dụng cụ học tập,Deli,bộ,18000.0,20,lecturer_sample,2025-07,36000.0,20.566297573988113,35979.43370242601
ORD000166,P0068,4,8127452.0,C0178,2025-07-25 16:25:00,card,offline,20000.0,Hà Nội,retail,2024-06-27,Samsung Galaxy Tab White,Thiết bị văn phòng,Samsung,chiếc,8749750.0,18,public_api,2025-07,32509808.0,18572.399594478316,32491235.60040552
ORD000166,P0083,4,591690.0,C0178,2025-07-25 16:25:00,card,offline,20000.0,Hà Nội,retail,2024-06-27,"The Coming Woman: A Novel Based on the Life of the Infamous Feminist, Victoria Woodhull",Sách,Unknown,quyển,591690.0,10,public_website,2025-07,2366760.0,1352.0969568392252,2365407.9030431607
ORD000167,P0036,5,185000.0,C0023,2025-04-07 23:13:00,cash,offline,0.0,Hải Phòng,retail,2024-02-23,Khay tài liệu 3 tầng,Hồ sơ và lưu trữ,Deli,bộ,185000.0,8,lecturer_sample,2025-04,925000.0,0.0,925000.0
ORD000167,P0043,5,2879311.0,C0023,2025-04-07 23:13:00,cash,offline,0.0,Hải Phòng,retail,2024-02-23,Máy in laser đơn sắc,Thiết bị văn phòng,Brother,chiếc,3190000.0,3,lecturer_sample,2025-04,14396555.0,0.0,14396555.0
ORD000167,P0006,2,75281.0,C0023,2025-04-07 23:13:00,cash,offline,0.0,Hải Phòng,retail,2024-02-23,Giấy in A4 70 gsm,Vở và giấy,Double A,ram,82000.0,25,lecturer_sample,2025-04,150562.0,0.0,150562.0
ORD000167,P0034,1,85000.0,C0023,2025-04-07 23:13:00,cash,offline,0.0,Hải Phòng,retail,2024-02-23,File hộp 10 cm,Hồ sơ và lưu trữ,Flexoffice,chiếc,85000.0,15,lecturer_sample,2025-04,85000.0,0.0,85000.0
ORD000168,P0033,2,69000.0,C0117,2025-01-26 21:45:00,cash,shopee,0.0,Đà Nẵng,retail,2024-06-04,Bìa còng 5 cm,Hồ sơ và lưu trữ,King Jim,chiếc,69000.0,18,lecturer_sample,2025-01,138000.0,0.0,138000.0
ORD000168,P0006,5,82000.0,C0117,2025-01-26 21:45:00,cash,shopee,0.0,Đà Nẵng,retail,2024-06-04,Giấy in A4 70 gsm,Vở và giấy,Double A,ram,82000.0,25,lecturer_sample,2025-01,410000.0,0.0,410000.0
ORD000169,P0077,11,1630285.0,C0122,2025-10-29 00:22:00,e-wallet,offline,5000.0,Đà Nẵng,office,2024-12-15,Tipping the Velvet,Sách,Unknown,quyển,1773420.0,19,public_website,2025-10,17933135.0,4291.95175952423,17928843.048240475
ORD000169,P0083,5,591690.0,C0122,2025-10-29 00:22:00,e-wallet,offline,5000.0,Đà Nẵng,office,2024-12-15,"The Coming Woman: A Novel Based on the Life of the Infamous Feminist, Victoria Woodhull",Sách,Unknown,quyển,591690.0,10,public_website,2025-10,2958450.0,708.0482404757705,2957741.951759524
ORD000170,P0003,1,14000.0,C0174,2025-04-16 20:41:00,transfer,online,10000.0,TP. Hồ Chí Minh,retail,2024-05-09,Vở ô ly 96 trang,Vở và giấy,Hồng Hà,quyển,14000.0,35,lecturer_sample,2025-04,14000.0,9.281003939454708,13990.718996060545
ORD000170,P0070,5,3014115.0,C0174,2025-04-16 20:41:00,transfer,online,10000.0,TP. Hồ Chí Minh,retail,2024-05-09,Apple Airpods,Phụ kiện máy tính,Apple,cái,3249750.0,13,public_api,2025-04,15070575.0,9990.718996060546,15060584.281003939
ORD000171,P0078,3,1653300.0,C0182,2025-11-26 20:27:00,cash,offline,0.0,Cần Thơ,student,2024-05-26,Soumission,Sách,Unknown,quyển,1653300.0,22,public_website,2025-11,4959900.0,0.0,4959900.0
ORD000171,P0079,5,1578060.0,C0182,2025-11-26 20:27:00,cash,offline,0.0,Cần Thơ,student,2024-05-26,Sharp Objects,Sách,Unknown,quyển,1578060.0,24,public_website,2025-11,7890300.0,0.0,7890300.0
ORD000171,P0019,3,22000.0,C0182,2025-11-26 20:27:00,cash,offline,0.0,Cần Thơ,student,2024-05-26,Ruột chì kim 0.5 mm,Bút viết,Pentel,hộp,22000.0,25,lecturer_sample,2025-11,66000.0,0.0,66000.0
ORD000171,P0028,4,78000.0,C0182,2025-11-26 20:27:00,cash,offline,0.0,Cần Thơ,student,2024-05-26,Bộ màu nước 12 màu,Dụng cụ học tập,Pentel,bộ,78000.0,12,lecturer_sample,2025-11,312000.0,0.0,312000.0
ORD000171,P0046,3,890000.0,C0182,2025-11-26 20:27:00,cash,offline,0.0,Cần Thơ,student,2024-05-26,Máy ép plastic A4,Thiết bị văn phòng,Deli,chiếc,890000.0,4,lecturer_sample,2025-11,2670000.0,0.0,2670000.0
ORD000172,P0058,1,350000.0,C0071,2025-05-15 02:45:00,card,shopee,0.0,TP. Hồ Chí Minh,retail,2023-12-25,Bộ chia USB 4 cổng,Phụ kiện máy tính,Ugreen,chiếc,350000.0,8,lecturer_sample,2025-05,350000.0,0.0,350000.0
ORD000172,P0018,3,38000.0,C0071,2025-05-15 02:45:00,card,shopee,0.0,TP. Hồ Chí Minh,retail,2023-12-25,Bút chì kim 0.5 mm,Bút viết,Pentel,cây,38000.0,20,lecturer_sample,2025-05,114000.0,0.0,114000.0
ORD000172,P0019,4,22000.0,C0071,2025-05-15 02:45:00,card,shopee,0.0,TP. Hồ Chí Minh,retail,2023-12-25,Ruột chì kim 0.5 mm,Bút viết,Pentel,hộp,22000.0,25,lecturer_sample,2025-05,88000.0,0.0,88000.0
ORD000172,P0022,1,18000.0,C0071,2025-05-15 02:45:00,card,shopee,0.0,TP. Hồ Chí Minh,retail,2023-12-25,Thước ê ke 2 chiếc,Dụng cụ học tập,Deli,bộ,18000.0,20,lecturer_sample,2025-05,18000.0,0.0,18000.0
ORD000172,P0006,5,76333.0,C0071,2025-05-15 02:45:00,card,shopee,0.0,TP. Hồ Chí Minh,retail,2023-12-25,Giấy in A4 70 gsm,Vở và giấy,Double A,ram,82000.0,25,lecturer_sample,2025-05,381665.0,0.0,381665.0
ORD000172,P0075,2,2499750.0,C0071,2025-05-15 02:45:00,card,shopee,0.0,TP. Hồ Chí Minh,retail,2023-12-25,Apple MagSafe Battery Pack,Phụ kiện máy tính,Apple,cái,2499750.0,1,public_api,2025-05,4999500.0,0.0,4999500.0
ORD000173,P0078,5,1515210.0,C0164,2025-09-02 02:22:00,card,shopee,10000.0,Biên Hòa,retail,2024-11-18,Soumission,Sách,Unknown,quyển,1653300.0,22,public_website,2025-09,7576050.0,4806.72048178553,7571243.279518214
ORD000173,P0079,3,1578060.0,C0164,2025-09-02 02:22:00,card,shopee,10000.0,Biên Hòa,retail,2024-11-18,Sharp Objects,Sách,Unknown,quyển,1578060.0,24,public_website,2025-09,4734180.0,3003.6602148163515,4731176.339785184
ORD000173,P0089,2,1725570.0,C0164,2025-09-02 02:22:00,card,shopee,10000.0,Biên Hòa,retail,2024-11-18,Scott Pilgrim's Precious Little Life (Scott Pilgrim #1),Sách,Unknown,quyển,1725570.0,27,public_website,2025-09,3451140.0,2189.6193033981185,3448950.3806966017
ORD000174,P0033,2,69000.0,C0191,2025-06-07 22:50:00,cash,online,0.0,Hải Phòng,retail,2024-05-13,Bìa còng 5 cm,Hồ sơ và lưu trữ,King Jim,chiếc,69000.0,18,lecturer_sample,2025-06,138000.0,0.0,138000.0
ORD000174,P0042,4,42000.0,C0191,2025-06-07 22:50:00,cash,online,0.0,Hải Phòng,retail,2024-05-13,Pin AAA 4 viên,Thiết bị văn phòng,Panasonic,vỉ,42000.0,22,lecturer_sample,2025-06,168000.0,0.0,168000.0
ORD000174,P0012,4,5000.0,C0191,2025-06-07 22:50:00,cash,online,0.0,Hải Phòng,retail,2024-05-13,Bút bi đen 0.5 mm,Bút viết,Thiên Long,cây,5000.0,60,lecturer_sample,2025-06,20000.0,0.0,20000.0
ORD000174,P0006,2,82000.0,C0191,2025-06-07 22:50:00,cash,online,0.0,Hải Phòng,retail,2024-05-13,Giấy in A4 70 gsm,Vở và giấy,Double A,ram,82000.0,25,lecturer_sample,2025-06,164000.0,0.0,164000.0
ORD000175,P0089,1,1725570.0,C0052,2025-06-25 22:36:00,card,online,0.0,TP. Hồ Chí Minh,retail,2024-03-30,Scott Pilgrim's Precious Little Life (Scott Pilgrim #1),Sách,Unknown,quyển,1725570.0,27,public_website,2025-06,1725570.0,0.0,1725570.0
ORD000175,P0086,2,422509.0,C0052,2025-06-25 22:36:00,card,online,0.0,TP. Hồ Chí Minh,retail,2024-03-30,"Starving Hearts (Triangular Trade Trilogy, #1)",Sách,Unknown,quyển,461670.0,19,public_website,2025-06,845018.0,0.0,845018.0
ORD000175,P0078,2,1653300.0,C0052,2025-06-25 22:36:00,card,online,0.0,TP. Hồ Chí Minh,retail,2024-03-30,Soumission,Sách,Unknown,quyển,1653300.0,22,public_website,2025-06,3306600.0,0.0,3306600.0
ORD000175,P0079,1,1578060.0,C0052,2025-06-25 22:36:00,card,online,0.0,TP. Hồ Chí Minh,retail,2024-03-30,Sharp Objects,Sách,Unknown,quyển,1578060.0,24,public_website,2025-06,1578060.0,0.0,1578060.0
ORD000175,P0008,4,65000.0,C0052,2025-06-25 22:36:00,card,online,0.0,TP. Hồ Chí Minh,retail,2024-03-30,Giấy màu A4 100 tờ,Vở và giấy,IK Plus,xấp,65000.0,15,lecturer_sample,2025-06,260000.0,0.0,260000.0
ORD000175,P0029,4,25000.0,C0052,2025-06-25 22:36:00,card,online,0.0,TP. Hồ Chí Minh,retail,2024-03-30,Kéo học sinh 13 cm,Dụng cụ học tập,Deli,chiếc,25000.0,18,lecturer_sample,2025-06,100000.0,0.0,100000.0
ORD000176,P0066,2,12499750.0,C0123,2025-07-16 16:02:00,transfer,offline,0.0,Đà Nẵng,office,2024-03-28,iPad Mini 2021 Starlight,Thiết bị văn phòng,Apple,chiếc,12499750.0,9,public_api,2025-07,24999500.0,0.0,24999500.0
ORD000176,P0087,5,681780.0,C0123,2025-07-16 16:02:00,transfer,offline,0.0,Đà Nẵng,office,2024-03-28,Shakespeare's Sonnets,Sách,Unknown,quyển,681780.0,21,public_website,2025-07,3408900.0,0.0,3408900.0
ORD000177,P0052,2,290000.0,C0089,2025-06-09 18:06:00,card,offline,0.0,TP. Hồ Chí Minh,student,2024-08-14,Bàn phím có dây,Phụ kiện máy tính,Logitech,chiếc,290000.0,8,lecturer_sample,2025-06,580000.0,0.0,580000.0
ORD000177,P0059,4,55000.0,C0089,2025-06-09 18:06:00,card,offline,0.0,TP. Hồ Chí Minh,student,2024-08-14,Tấm lót chuột,Phụ kiện máy tính,OEM,chiếc,55000.0,20,lecturer_sample,2025-06,220000.0,0.0,220000.0
ORD000177,P0076,2,1708410.0,C0089,2025-06-09 18:06:00,card,offline,0.0,TP. Hồ Chí Minh,student,2024-08-14,A Light in the Attic,Sách,Unknown,quyển,1708410.0,16,public_website,2025-06,3416820.0,0.0,3416820.0
ORD000177,P0089,4,1725570.0,C0089,2025-06-09 18:06:00,card,offline,0.0,TP. Hồ Chí Minh,student,2024-08-14,Scott Pilgrim's Precious Little Life (Scott Pilgrim #1),Sách,Unknown,quyển,1725570.0,27,public_website,2025-06,6902280.0,0.0,6902280.0
ORD000178,P0045,3,1768752.0,C0058,2025-03-09 19:46:00,e-wallet,website,5000.0,Huế,retail,2024-06-19,Máy hủy tài liệu,Thiết bị văn phòng,Silicon,chiếc,1850000.0,3,lecturer_sample,2025-03,5306256.0,5000.0,5301256.0
ORD000179,P0003,11,14000.0,C0153,2025-01-26 02:06:00,e-wallet,shopee,0.0,Đà Nẵng,wholesale,2024-12-08,Vở ô ly 96 trang,Vở và giấy,Hồng Hà,quyển,14000.0,35,lecturer_sample,2025-01,154000.0,0.0,154000.0
ORD000179,P0038,25,35000.0,C0153,2025-01-26 02:06:00,e-wallet,shopee,0.0,Đà Nẵng,wholesale,2024-12-08,Nhãn dán phân loại,Hồ sơ và lưu trữ,Avery,xấp,35000.0,18,lecturer_sample,2025-01,875000.0,0.0,875000.0
ORD000179,P0035,18,16000.0,C0153,2025-01-26 02:06:00,e-wallet,shopee,0.0,Đà Nẵng,wholesale,2024-12-08,Túi hồ sơ dây buộc,Hồ sơ và lưu trữ,Hồng Hà,chiếc,16000.0,25,lecturer_sample,2025-01,288000.0,0.0,288000.0
ORD000180,P0013,5,5000.0,C0170,2025-09-24 20:39:00,cash,online,5000.0,Hải Phòng,student,2024-12-16,Bút bi đỏ 0.5 mm,Bút viết,Thiên Long,cây,5000.0,50,lecturer_sample,2025-09,25000.0,3.6312210878545765,24996.368778912147
ORD000180,P0077,3,1751395.0,C0170,2025-09-24 20:39:00,cash,online,5000.0,Hải Phòng,student,2024-12-16,Tipping the Velvet,Sách,Unknown,quyển,1773420.0,19,public_website,2025-09,5254185.0,763.1642948595679,5253421.835705141
ORD000180,P0083,3,548249.0,C0170,2025-09-24 20:39:00,cash,online,5000.0,Hải Phòng,student,2024-12-16,"The Coming Woman: A Novel Based on the Life of the Infamous Feminist, Victoria Woodhull",Sách,Unknown,quyển,591690.0,10,public_website,2025-09,1644747.0,238.89759962342202,1644508.1024003767
ORD000180,P0064,1,27499750.0,C0170,2025-09-24 20:39:00,cash,online,5000.0,Hải Phòng,student,2024-12-16,Lenovo Yoga 920,Thiết bị văn phòng,Lenovo,chiếc,27499750.0,8,public_api,2025-09,27499750.0,3994.3068844291556,27495755.69311557
ORD000181,P0002,5,18000.0,C0054,2025-12-19 23:21:00,transfer,website,50000.0,Đà Nẵng,retail,2024-08-26,Vở kẻ ngang 120 trang,Vở và giấy,Campus,quyển,18000.0,30,lecturer_sample,2025-12,90000.0,47473.362169005166,42526.637830994834
ORD000181,P0011,1,4790.0,C0054,2025-12-19 23:21:00,transfer,website,50000.0,Đà Nẵng,retail,2024-08-26,Bút bi xanh 0.5 mm,Bút viết,Thiên Long,cây,5000.0,70,lecturer_sample,2025-12,4790.0,2526.6378309948304,2263.3621690051696
ORD000182,P0076,3,1708410.0,C0117,2025-06-01 20:29:00,card,shopee,0.0,Đà Nẵng,retail,2024-06-04,A Light in the Attic,Sách,Unknown,quyển,1708410.0,16,public_website,2025-06,5125230.0,0.0,5125230.0
ORD000183,P0078,3,1501801.0,C0030,2025-02-19 04:56:00,e-wallet,website,20000.0,Nha Trang,student,2024-08-09,Soumission,Sách,Unknown,quyển,1653300.0,22,public_website,2025-02,4505403.0,20000.0,4485403.0
ORD000184,P0088,2,576180.0,C0209,2025-06-25 18:07:00,e-wallet,online,0.0,TP. Hồ Chí Minh,student,2024-09-30,Set Me Free,Sách,Unknown,quyển,576180.0,24,public_website,2025-06,1152360.0,0.0,1152360.0
ORD000184,P0084,1,727894.0,C0209,2025-06-25 18:07:00,e-wallet,online,0.0,TP. Hồ Chí Minh,student,2024-09-30,The Boys in the Boat: Nine Americans and Their Epic Quest for Gold at the 1936 Berlin Olympics,Sách,Unknown,quyển,745800.0,13,public_website,2025-06,727894.0,0.0,727894.0
ORD000184,P0035,1,16000.0,C0209,2025-06-25 18:07:00,e-wallet,online,0.0,TP. Hồ Chí Minh,student,2024-09-30,Túi hồ sơ dây buộc,Hồ sơ và lưu trữ,Hồng Hà,chiếc,16000.0,25,lecturer_sample,2025-06,16000.0,0.0,16000.0
ORD000185,P0017,4,9000.0,C0152,2025-09-06 04:36:00,transfer,online,0.0,Hải Phòng,retail,2024-07-11,Bút chì 2B,Bút viết,Staedtler,cây,9000.0,45,lecturer_sample,2025-09,36000.0,0.0,36000.0
ORD000185,P0035,4,16000.0,C0152,2025-09-06 04:36:00,transfer,online,0.0,Hải Phòng,retail,2024-07-11,Túi hồ sơ dây buộc,Hồ sơ và lưu trữ,Hồng Hà,chiếc,16000.0,25,lecturer_sample,2025-09,64000.0,0.0,64000.0
ORD000185,P0032,1,12000.0,C0152,2025-09-06 04:36:00,transfer,online,0.0,Hải Phòng,retail,2024-07-11,Bìa nút A4,Hồ sơ và lưu trữ,Deli,chiếc,12000.0,35,lecturer_sample,2025-09,12000.0,0.0,12000.0
ORD000185,P0006,3,82000.0,C0152,2025-09-06 04:36:00,transfer,online,0.0,Hải Phòng,retail,2024-07-11,Giấy in A4 70 gsm,Vở và giấy,Double A,ram,82000.0,25,lecturer_sample,2025-09,246000.0,0.0,246000.0
ORD000186,P0050,2,420000.0,C0174,2025-09-27 04:47:00,cash,offline,0.0,TP. Hồ Chí Minh,retail,2024-05-09,Bảng trắng 60 x 90 cm,Thiết bị văn phòng,Bavico,chiếc,420000.0,5,lecturer_sample,2025-09,840000.0,0.0,840000.0
ORD000186,P0089,4,1725570.0,C0174,2025-09-27 04:47:00,cash,offline,0.0,TP. Hồ Chí Minh,retail,2024-05-09,Scott Pilgrim's Precious Little Life (Scott Pilgrim #1),Sách,Unknown,quyển,1725570.0,27,public_website,2025-09,6902280.0,0.0,6902280.0
ORD000187,P0086,2,461670.0,C0212,2025-10-14 01:03:00,e-wallet,website,0.0,Huế,retail,2024-10-24,"Starving Hearts (Triangular Trade Trilogy, #1)",Sách,Unknown,quyển,461670.0,19,public_website,2025-10,923340.0,0.0,923340.0
ORD000188,P0005,4,79000.0,C0126,2025-06-14 19:21:00,e-wallet,offline,0.0,Hải Phòng,retail,2024-06-25,Sổ tay bìa da A5,Vở và giấy,OEM,quyển,79000.0,15,lecturer_sample,2025-06,316000.0,0.0,316000.0
ORD000188,P0020,1,82201.0,C0126,2025-06-14 19:21:00,e-wallet,offline,0.0,Hải Phòng,retail,2024-06-25,Bút dạ quang 5 màu,Bút viết,Stabilo,bộ,85000.0,15,lecturer_sample,2025-06,82201.0,0.0,82201.0
ORD000188,P0057,1,220000.0,C0126,2025-06-14 19:21:00,e-wallet,offline,0.0,Hải Phòng,retail,2024-06-25,Cáp USB-C 1 m,Phụ kiện máy tính,Anker,sợi,220000.0,15,lecturer_sample,2025-06,220000.0,0.0,220000.0
ORD000188,P0036,4,185000.0,C0126,2025-06-14 19:21:00,e-wallet,offline,0.0,Hải Phòng,retail,2024-06-25,Khay tài liệu 3 tầng,Hồ sơ và lưu trữ,Deli,bộ,185000.0,8,lecturer_sample,2025-06,740000.0,0.0,740000.0
ORD000188,P0022,5,18000.0,C0126,2025-06-14 19:21:00,e-wallet,offline,0.0,Hải Phòng,retail,2024-06-25,Thước ê ke 2 chiếc,Dụng cụ học tập,Deli,bộ,18000.0,20,lecturer_sample,2025-06,90000.0,0.0,90000.0
ORD000189,P0045,2,1805579.0,C0024,2025-11-07 01:40:00,card,offline,0.0,Cần Thơ,office,2024-06-09,Máy hủy tài liệu,Thiết bị văn phòng,Silicon,chiếc,1850000.0,3,lecturer_sample,2025-11,3611158.0,0.0,3611158.0
ORD000189,P0019,7,22000.0,C0024,2025-11-07 01:40:00,card,offline,0.0,Cần Thơ,office,2024-06-09,Ruột chì kim 0.5 mm,Bút viết,Pentel,hộp,22000.0,25,lecturer_sample,2025-11,154000.0,0.0,154000.0
ORD000190,P0064,3,24863075.0,C0159,2025-11-04 23:45:00,card,online,0.0,Hải Phòng,student,2024-10-15,Lenovo Yoga 920,Thiết bị văn phòng,Lenovo,chiếc,27499750.0,8,public_api,2025-11,74589225.0,0.0,74589225.0
ORD000190,P0010,2,165000.0,C0159,2025-11-04 23:45:00,card,online,0.0,Hải Phòng,student,2024-10-15,Giấy photo A3 70 gsm,Vở và giấy,Double A,ram,165000.0,10,lecturer_sample,2025-11,330000.0,0.0,330000.0
ORD000190,P0069,4,2499750.0,C0159,2025-11-04 23:45:00,card,online,0.0,Hải Phòng,student,2024-10-15,Amazon Echo Plus,Phụ kiện máy tính,Amazon,cái,2499750.0,12,public_api,2025-11,9999000.0,0.0,9999000.0
ORD000190,P0051,5,320000.0,C0159,2025-11-04 23:45:00,card,online,0.0,Hải Phòng,student,2024-10-15,Chuột không dây,Phụ kiện máy tính,Logitech,chiếc,320000.0,10,lecturer_sample,2025-11,1600000.0,0.0,1600000.0
ORD000191,P0018,4,38000.0,C0031,2025-07-21 19:29:00,cash,shopee,0.0,Biên Hòa,retail,2024-10-22,Bút chì kim 0.5 mm,Bút viết,Pentel,cây,38000.0,20,lecturer_sample,2025-07,152000.0,0.0,152000.0
ORD000191,P0019,5,20067.0,C0031,2025-07-21 19:29:00,cash,shopee,0.0,Biên Hòa,retail,2024-10-22,Ruột chì kim 0.5 mm,Bút viết,Pentel,hộp,22000.0,25,lecturer_sample,2025-07,100335.0,0.0,100335.0
ORD000191,P0069,4,2499750.0,C0031,2025-07-21 19:29:00,cash,shopee,0.0,Biên Hòa,retail,2024-10-22,Amazon Echo Plus,Phụ kiện máy tính,Amazon,cái,2499750.0,12,public_api,2025-07,9999000.0,0.0,9999000.0
ORD000191,P0051,1,320000.0,C0031,2025-07-21 19:29:00,cash,shopee,0.0,Biên Hòa,retail,2024-10-22,Chuột không dây,Phụ kiện máy tính,Logitech,chiếc,320000.0,10,lecturer_sample,2025-07,320000.0,0.0,320000.0
ORD000191,P0056,4,169823.0,C0031,2025-07-21 19:29:00,cash,shopee,0.0,Biên Hòa,retail,2024-10-22,Cáp HDMI 2 m,Phụ kiện máy tính,Ugreen,sợi,180000.0,12,lecturer_sample,2025-07,679292.0,0.0,679292.0
ORD000192,P0076,4,1708410.0,C0131,2025-04-02 03:37:00,card,online,0.0,Nha Trang,retail,2024-03-05,A Light in the Attic,Sách,Unknown,quyển,1708410.0,16,public_website,2025-04,6833640.0,0.0,6833640.0
ORD000192,P0089,5,1671411.0,C0131,2025-04-02 03:37:00,card,online,0.0,Nha Trang,retail,2024-03-05,Scott Pilgrim's Precious Little Life (Scott Pilgrim #1),Sách,Unknown,quyển,1725570.0,27,public_website,2025-04,8357055.0,0.0,8357055.0
ORD000193,P0013,5,4820.0,C0071,2025-07-23 21:18:00,card,shopee,0.0,TP. Hồ Chí Minh,retail,2023-12-25,Bút bi đỏ 0.5 mm,Bút viết,Thiên Long,cây,5000.0,50,lecturer_sample,2025-07,24100.0,0.0,24100.0
ORD000193,P0037,5,95000.0,C0071,2025-07-23 21:18:00,card,shopee,0.0,TP. Hồ Chí Minh,retail,2023-12-25,Cặp tài liệu A4,Hồ sơ và lưu trữ,OEM,chiếc,95000.0,10,lecturer_sample,2025-07,475000.0,0.0,475000.0
ORD000194,P0031,3,4000.0,C0052,2025-04-19 01:45:00,card,shopee,0.0,TP. Hồ Chí Minh,retail,2024-03-30,Bìa lá A4 trong,Hồ sơ và lưu trữ,Plus,chiếc,4000.0,60,lecturer_sample,2025-04,12000.0,0.0,12000.0
ORD000194,P0089,5,1725570.0,C0052,2025-04-19 01:45:00,card,shopee,0.0,TP. Hồ Chí Minh,retail,2024-03-30,Scott Pilgrim's Precious Little Life (Scott Pilgrim #1),Sách,Unknown,quyển,1725570.0,27,public_website,2025-04,8627850.0,0.0,8627850.0
ORD000195,P0077,11,1773420.0,C0171,2025-12-30 22:43:00,cash,shopee,10000.0,Biên Hòa,wholesale,2024-04-17,Tipping the Velvet,Sách,Unknown,quyển,1773420.0,19,public_website,2025-12,19507620.0,2864.0767526445256,19504755.923247356
ORD000195,P0083,30,591690.0,C0171,2025-12-30 22:43:00,cash,shopee,10000.0,Biên Hòa,wholesale,2024-04-17,"The Coming Woman: A Novel Based on the Life of the Infamous Feminist, Victoria Woodhull",Sách,Unknown,quyển,591690.0,10,public_website,2025-12,17750700.0,2606.1286416880776,17748093.871358313
ORD000195,P0078,14,1653300.0,C0171,2025-12-30 22:43:00,cash,shopee,10000.0,Biên Hòa,wholesale,2024-04-17,Soumission,Sách,Unknown,quyển,1653300.0,22,public_website,2025-12,23146200.0,3398.2870966350947,23142801.712903365
ORD000195,P0046,9,856317.0,C0171,2025-12-30 22:43:00,cash,shopee,10000.0,Biên Hòa,wholesale,2024-04-17,Máy ép plastic A4,Thiết bị văn phòng,Deli,chiếc,890000.0,4,lecturer_sample,2025-12,7706853.0,1131.507509032302,7705721.492490968
ORD000196,P0076,5,1708410.0,C0076,2025-04-16 04:34:00,transfer,shopee,0.0,Biên Hòa,student,2024-01-05,A Light in the Attic,Sách,Unknown,quyển,1708410.0,16,public_website,2025-04,8542050.0,0.0,8542050.0
ORD000196,P0089,5,1677071.0,C0076,2025-04-16 04:34:00,transfer,shopee,0.0,Biên Hòa,student,2024-01-05,Scott Pilgrim's Precious Little Life (Scott Pilgrim #1),Sách,Unknown,quyển,1725570.0,27,public_website,2025-04,8385355.0,0.0,8385355.0
ORD000197,P0035,4,15713.0,C0074,2025-12-22 02:03:00,transfer,online,20000.0,Biên Hòa,retail,2024-08-28,Túi hồ sơ dây buộc,Hồ sơ và lưu trữ,Hồng Hà,chiếc,16000.0,25,lecturer_sample,2025-12,62852.0,190.3609838124109,62661.63901618759
ORD000197,P0087,3,647142.0,C0074,2025-12-22 02:03:00,transfer,online,20000.0,Biên Hòa,retail,2024-08-28,Shakespeare's Sonnets,Sách,Unknown,quyển,681780.0,21,public_website,2025-12,1941426.0,5880.031874228244,1935545.9681257717
ORD000197,P0088,5,576180.0,C0074,2025-12-22 02:03:00,transfer,online,20000.0,Biên Hòa,retail,2024-08-28,Set Me Free,Sách,Unknown,quyển,576180.0,24,public_website,2025-12,2880900.0,8725.43368970239,2872174.5663102977
ORD000197,P0084,2,745800.0,C0074,2025-12-22 02:03:00,transfer,online,20000.0,Biên Hòa,retail,2024-08-28,The Boys in the Boat: Nine Americans and Their Epic Quest for Gold at the 1936 Berlin Olympics,Sách,Unknown,quyển,745800.0,13,public_website,2025-12,1491600.0,4517.6357706133795,1487082.3642293867
ORD000197,P0049,2,113338.0,C0074,2025-12-22 02:03:00,transfer,online,20000.0,Biên Hòa,retail,2024-08-28,Máy đục lỗ 2 lỗ,Thiết bị văn phòng,Deli,chiếc,125000.0,10,lecturer_sample,2025-12,226676.0,686.5376816435763,225989.4623183564
ORD000198,P0025,3,15000.0,C0045,2025-09-21 17:24:00,transfer,online,0.0,Đà Nẵng,retail,2024-12-22,Gọt bút chì có hộp,Dụng cụ học tập,Deli,chiếc,15000.0,25,lecturer_sample,2025-09,45000.0,0.0,45000.0
ORD000199,P0029,5,25000.0,C0120,2025-12-30 18:02:00,e-wallet,shopee,20000.0,TP. Hồ Chí Minh,retail,2024-04-03,Kéo học sinh 13 cm,Dụng cụ học tập,Deli,chiếc,25000.0,18,lecturer_sample,2025-12,125000.0,20000.0,105000.0
ORD000200,P0017,4,9000.0,C0201,2025-12-29 21:33:00,e-wallet,online,10000.0,Huế,retail,2024-12-24,Bút chì 2B,Bút viết,Staedtler,cây,9000.0,45,lecturer_sample,2025-12,36000.0,10000.0,26000.0
ORD000201,P0026,1,65000.0,C0057,2025-04-21 02:21:00,e-wallet,website,0.0,Hải Phòng,student,2024-08-30,Hộp bút vải,Dụng cụ học tập,OEM,chiếc,65000.0,15,lecturer_sample,2025-04,65000.0,0.0,65000.0
ORD000201,P0087,3,681780.0,C0057,2025-04-21 02:21:00,e-wallet,website,0.0,Hải Phòng,student,2024-08-30,Shakespeare's Sonnets,Sách,Unknown,quyển,681780.0,21,public_website,2025-04,2045340.0,0.0,2045340.0
ORD000202,P0060,5,364161.0,C0165,2025-11-12 01:15:00,card,offline,0.0,TP. Hồ Chí Minh,retail,2024-04-03,Tai nghe có mic,Phụ kiện máy tính,Rapoo,chiếc,390000.0,8,lecturer_sample,2025-11,1820805.0,0.0,1820805.0
ORD000202,P0029,5,25000.0,C0165,2025-11-12 01:15:00,card,offline,0.0,TP. Hồ Chí Minh,retail,2024-04-03,Kéo học sinh 13 cm,Dụng cụ học tập,Deli,chiếc,25000.0,18,lecturer_sample,2025-11,125000.0,0.0,125000.0
ORD000202,P0085,1,1720950.0,C0165,2025-11-12 01:15:00,card,offline,0.0,TP. Hồ Chí Minh,retail,2024-04-03,The Black Maria,Sách,Unknown,quyển,1720950.0,16,public_website,2025-11,1720950.0,0.0,1720950.0
ORD000202,P0087,2,681780.0,C0165,2025-11-12 01:15:00,card,offline,0.0,TP. Hồ Chí Minh,retail,2024-04-03,Shakespeare's Sonnets,Sách,Unknown,quyển,681780.0,21,public_website,2025-11,1363560.0,0.0,1363560.0
ORD000202,P0035,1,14641.0,C0165,2025-11-12 01:15:00,card,offline,0.0,TP. Hồ Chí Minh,retail,2024-04-03,Túi hồ sơ dây buộc,Hồ sơ và lưu trữ,Hồng Hà,chiếc,16000.0,25,lecturer_sample,2025-11,14641.0,0.0,14641.0
ORD000203,P0019,4,22000.0,C0198,2025-10-04 00:00:00,cash,offline,0.0,Đà Nẵng,retail,2024-10-11,Ruột chì kim 0.5 mm,Bút viết,Pentel,hộp,22000.0,25,lecturer_sample,2025-10,88000.0,0.0,88000.0
ORD000203,P0056,1,164491.0,C0198,2025-10-04 00:00:00,cash,offline,0.0,Đà Nẵng,retail,2024-10-11,Cáp HDMI 2 m,Phụ kiện máy tính,Ugreen,sợi,180000.0,12,lecturer_sample,2025-10,164491.0,0.0,164491.0
ORD000204,P0016,2,23417.0,C0118,2025-06-19 16:05:00,cash,online,0.0,Cần Thơ,retail,2023-12-19,Ống mực bút máy xanh,Bút viết,Hồng Hà,hộp,25000.0,25,lecturer_sample,2025-06,46834.0,0.0,46834.0
ORD000205,P0035,1,16000.0,C0116,2025-11-19 22:27:00,cash,shopee,5000.0,Đà Nẵng,retail,2024-11-15,Túi hồ sơ dây buộc,Hồ sơ và lưu trữ,Hồng Hà,chiếc,16000.0,25,lecturer_sample,2025-11,16000.0,1951.219512195122,14048.780487804877
ORD000205,P0012,5,5000.0,C0116,2025-11-19 22:27:00,cash,shopee,5000.0,Đà Nẵng,retail,2024-11-15,Bút bi đen 0.5 mm,Bút viết,Thiên Long,cây,5000.0,60,lecturer_sample,2025-11,25000.0,3048.780487804878,21951.219512195123
ORD000206,P0070,1,3249750.0,C0202,2025-12-18 20:38:00,e-wallet,shopee,0.0,TP. Hồ Chí Minh,student,2024-10-03,Apple Airpods,Phụ kiện máy tính,Apple,cái,3249750.0,13,public_api,2025-12,3249750.0,0.0,3249750.0
ORD000207,P0074,3,450277.0,C0137,2025-04-23 18:47:00,transfer,offline,0.0,Huế,student,2024-07-07,Apple iPhone Charger,Phụ kiện máy tính,Apple,cái,499750.0,6,public_api,2025-04,1350831.0,0.0,1350831.0
ORD000207,P0048,5,12000.0,C0137,2025-04-23 18:47:00,transfer,offline,0.0,Huế,student,2024-07-07,Kim bấm số 10,Thiết bị văn phòng,Max,hộp,12000.0,35,lecturer_sample,2025-04,60000.0,0.0,60000.0
ORD000208,P0048,5,12000.0,C0011,2025-01-04 01:38:00,card,offline,0.0,Huế,retail,2024-12-22,Kim bấm số 10,Thiết bị văn phòng,Max,hộp,12000.0,35,lecturer_sample,2025-01,60000.0,0.0,60000.0
ORD000208,P0008,2,65000.0,C0011,2025-01-04 01:38:00,card,offline,0.0,Huế,retail,2024-12-22,Giấy màu A4 100 tờ,Vở và giấy,IK Plus,xấp,65000.0,15,lecturer_sample,2025-01,130000.0,0.0,130000.0
ORD000209,P0074,1,499750.0,C0214,2025-05-10 19:07:00,e-wallet,online,0.0,Biên Hòa,student,2024-05-31,Apple iPhone Charger,Phụ kiện máy tính,Apple,cái,499750.0,6,public_api,2025-05,499750.0,0.0,499750.0
ORD000210,P0043,9,3190000.0,C0018,2025-05-09 17:12:00,transfer,offline,5000.0,Cần Thơ,office,2024-03-23,Máy in laser đơn sắc,Thiết bị văn phòng,Brother,chiếc,3190000.0,3,lecturer_sample,2025-05,28710000.0,4272.4485847793085,28705727.55141522
ORD000210,P0006,12,82000.0,C0018,2025-05-09 17:12:00,transfer,offline,5000.0,Cần Thơ,office,2024-03-23,Giấy in A4 70 gsm,Vở và giấy,Double A,ram,82000.0,25,lecturer_sample,2025-05,984000.0,146.43292955147476,983853.5670704485
ORD000210,P0012,11,5000.0,C0018,2025-05-09 17:12:00,transfer,offline,5000.0,Cần Thơ,office,2024-03-23,Bút bi đen 0.5 mm,Bút viết,Thiên Long,cây,5000.0,60,lecturer_sample,2025-05,55000.0,8.18476740379178,54991.81523259621
ORD000210,P0058,11,350000.0,C0018,2025-05-09 17:12:00,transfer,offline,5000.0,Cần Thơ,office,2024-03-23,Bộ chia USB 4 cổng,Phụ kiện máy tính,Ugreen,chiếc,350000.0,8,lecturer_sample,2025-05,3850000.0,572.9337182654245,3849427.0662817345
ORD000211,P0073,3,2353905.0,C0081,2025-08-08 18:00:00,card,offline,0.0,Hà Nội,retail,2024-06-20,Apple HomePod Mini Cosmic Grey,Phụ kiện máy tính,Apple,cái,2499750.0,5,public_api,2025-08,7061715.0,0.0,7061715.0
ORD000211,P0057,3,207642.0,C0081,2025-08-08 18:00:00,card,offline,0.0,Hà Nội,retail,2024-06-20,Cáp USB-C 1 m,Phụ kiện máy tính,Anker,sợi,220000.0,15,lecturer_sample,2025-08,622926.0,0.0,622926.0
ORD000212,P0025,12,15000.0,C0028,2025-04-01 02:38:00,transfer,offline,0.0,Hải Phòng,office,2023-12-31,Gọt bút chì có hộp,Dụng cụ học tập,Deli,chiếc,15000.0,25,lecturer_sample,2025-04,180000.0,0.0,180000.0
ORD000213,P0052,5,275086.0,C0020,2025-01-11 00:40:00,cash,online,0.0,Huế,retail,2024-07-17,Bàn phím có dây,Phụ kiện máy tính,Logitech,chiếc,290000.0,8,lecturer_sample,2025-01,1375430.0,0.0,1375430.0
ORD000213,P0059,2,55000.0,C0020,2025-01-11 00:40:00,cash,online,0.0,Huế,retail,2024-07-17,Tấm lót chuột,Phụ kiện máy tính,OEM,chiếc,55000.0,20,lecturer_sample,2025-01,110000.0,0.0,110000.0
ORD000214,P0042,5,42000.0,C0058,2025-10-30 03:54:00,cash,shopee,0.0,Huế,retail,2024-06-19,Pin AAA 4 viên,Thiết bị văn phòng,Panasonic,vỉ,42000.0,22,lecturer_sample,2025-10,210000.0,0.0,210000.0
ORD000214,P0045,5,1850000.0,C0058,2025-10-30 03:54:00,cash,shopee,0.0,Huế,retail,2024-06-19,Máy hủy tài liệu,Thiết bị văn phòng,Silicon,chiếc,1850000.0,3,lecturer_sample,2025-10,9250000.0,0.0,9250000.0
ORD000215,P0088,2,576180.0,C0041,2025-04-03 01:36:00,cash,offline,0.0,Cần Thơ,student,2024-08-28,Set Me Free,Sách,Unknown,quyển,576180.0,24,public_website,2025-04,1152360.0,0.0,1152360.0
ORD000215,P0043,2,3190000.0,C0041,2025-04-03 01:36:00,cash,offline,0.0,Cần Thơ,student,2024-08-28,Máy in laser đơn sắc,Thiết bị văn phòng,Brother,chiếc,3190000.0,3,lecturer_sample,2025-04,6380000.0,0.0,6380000.0
ORD000215,P0006,3,82000.0,C0041,2025-04-03 01:36:00,cash,offline,0.0,Cần Thơ,student,2024-08-28,Giấy in A4 70 gsm,Vở và giấy,Double A,ram,82000.0,25,lecturer_sample,2025-04,246000.0,0.0,246000.0
ORD000215,P0019,4,19879.0,C0041,2025-04-03 01:36:00,cash,offline,0.0,Cần Thơ,student,2024-08-28,Ruột chì kim 0.5 mm,Bút viết,Pentel,hộp,22000.0,25,lecturer_sample,2025-04,79516.0,0.0,79516.0
ORD000216,P0056,4,165611.0,C0167,2025-06-15 17:45:00,cash,online,0.0,Nha Trang,student,2024-07-11,Cáp HDMI 2 m,Phụ kiện máy tính,Ugreen,sợi,180000.0,12,lecturer_sample,2025-06,662444.0,0.0,662444.0
ORD000216,P0025,4,15000.0,C0167,2025-06-15 17:45:00,cash,online,0.0,Nha Trang,student,2024-07-11,Gọt bút chì có hộp,Dụng cụ học tập,Deli,chiếc,15000.0,25,lecturer_sample,2025-06,60000.0,0.0,60000.0
ORD000216,P0067,3,14999750.0,C0167,2025-06-15 17:45:00,cash,online,0.0,Nha Trang,student,2024-07-11,Samsung Galaxy Tab S8 Plus Grey,Thiết bị văn phòng,Samsung,chiếc,14999750.0,12,public_api,2025-06,44999250.0,0.0,44999250.0
ORD000216,P0050,4,378249.0,C0167,2025-06-15 17:45:00,cash,online,0.0,Nha Trang,student,2024-07-11,Bảng trắng 60 x 90 cm,Thiết bị văn phòng,Bavico,chiếc,420000.0,5,lecturer_sample,2025-06,1512996.0,0.0,1512996.0
ORD000216,P0034,2,85000.0,C0167,2025-06-15 17:45:00,cash,online,0.0,Nha Trang,student,2024-07-11,File hộp 10 cm,Hồ sơ và lưu trữ,Flexoffice,chiếc,85000.0,15,lecturer_sample,2025-06,170000.0,0.0,170000.0
ORD000217,P0015,3,42450.0,C0059,2025-02-10 00:41:00,transfer,offline,0.0,Biên Hòa,retail,2024-08-18,Bút máy học sinh,Bút viết,Hồng Hà,cây,45000.0,20,lecturer_sample,2025-02,127350.0,0.0,127350.0
ORD000217,P0016,4,25000.0,C0059,2025-02-10 00:41:00,transfer,offline,0.0,Biên Hòa,retail,2024-08-18,Ống mực bút máy xanh,Bút viết,Hồng Hà,hộp,25000.0,25,lecturer_sample,2025-02,100000.0,0.0,100000.0
ORD000217,P0053,5,165000.0,C0059,2025-02-10 00:41:00,transfer,offline,0.0,Biên Hòa,retail,2024-08-18,USB 32 GB,Phụ kiện máy tính,SanDisk,chiếc,165000.0,15,lecturer_sample,2025-02,825000.0,0.0,825000.0
ORD000218,P0051,2,320000.0,C0214,2025-07-30 16:15:00,cash,website,0.0,Biên Hòa,student,2024-05-31,Chuột không dây,Phụ kiện máy tính,Logitech,chiếc,320000.0,10,lecturer_sample,2025-07,640000.0,0.0,640000.0
ORD000218,P0059,3,52057.0,C0214,2025-07-30 16:15:00,cash,website,0.0,Biên Hòa,student,2024-05-31,Tấm lót chuột,Phụ kiện máy tính,OEM,chiếc,55000.0,20,lecturer_sample,2025-07,156171.0,0.0,156171.0
ORD000219,P0064,11,27499750.0,C0104,2025-11-04 01:40:00,card,website,0.0,Hà Nội,wholesale,2024-10-27,Lenovo Yoga 920,Thiết bị văn phòng,Lenovo,chiếc,27499750.0,8,public_api,2025-11,302497250.0,0.0,302497250.0
ORD000220,P0053,12,165000.0,C0121,2025-09-04 18:14:00,card,offline,0.0,Nha Trang,office,2024-09-09,USB 32 GB,Phụ kiện máy tính,SanDisk,chiếc,165000.0,15,lecturer_sample,2025-09,1980000.0,0.0,1980000.0
ORD000220,P0073,9,2499750.0,C0121,2025-09-04 18:14:00,card,offline,0.0,Nha Trang,office,2024-09-09,Apple HomePod Mini Cosmic Grey,Phụ kiện máy tính,Apple,cái,2499750.0,5,public_api,2025-09,22497750.0,0.0,22497750.0
ORD000220,P0017,3,9000.0,C0121,2025-09-04 18:14:00,card,offline,0.0,Nha Trang,office,2024-09-09,Bút chì 2B,Bút viết,Staedtler,cây,9000.0,45,lecturer_sample,2025-09,27000.0,0.0,27000.0
ORD000221,P0078,2,1653300.0,C0099,2025-03-09 17:01:00,transfer,online,0.0,TP. Hồ Chí Minh,retail,2024-10-11,Soumission,Sách,Unknown,quyển,1653300.0,22,public_website,2025-03,3306600.0,0.0,3306600.0
ORD000221,P0079,5,1578060.0,C0099,2025-03-09 17:01:00,transfer,online,0.0,TP. Hồ Chí Minh,retail,2024-10-11,Sharp Objects,Sách,Unknown,quyển,1578060.0,24,public_website,2025-03,7890300.0,0.0,7890300.0
ORD000222,P0043,4,3190000.0,C0201,2025-10-01 00:48:00,cash,website,0.0,Huế,retail,2024-12-24,Máy in laser đơn sắc,Thiết bị văn phòng,Brother,chiếc,3190000.0,3,lecturer_sample,2025-10,12760000.0,0.0,12760000.0
ORD000222,P0006,3,78949.0,C0201,2025-10-01 00:48:00,cash,website,0.0,Huế,retail,2024-12-24,Giấy in A4 70 gsm,Vở và giấy,Double A,ram,82000.0,25,lecturer_sample,2025-10,236847.0,0.0,236847.0
ORD000223,P0035,2,14521.0,C0110,2025-04-29 04:30:00,card,online,10000.0,Hà Nội,retail,2024-04-04,Túi hồ sơ dây buộc,Hồ sơ và lưu trữ,Hồng Hà,chiếc,16000.0,25,lecturer_sample,2025-04,29042.0,45.47139820556917,28996.52860179443
ORD000223,P0052,5,271666.0,C0110,2025-04-29 04:30:00,card,online,10000.0,Hà Nội,retail,2024-04-04,Bàn phím có dây,Phụ kiện máy tính,Logitech,chiếc,290000.0,8,lecturer_sample,2025-04,1358330.0,2126.753127352482,1356203.2468726474
ORD000223,P0069,2,2499750.0,C0110,2025-04-29 04:30:00,card,online,10000.0,Hà Nội,retail,2024-04-04,Amazon Echo Plus,Phụ kiện máy tính,Amazon,cái,2499750.0,12,public_api,2025-04,4999500.0,7827.775474441949,4991672.224525558
ORD000224,P0002,1,18000.0,C0191,2025-01-05 01:33:00,card,offline,0.0,Hải Phòng,retail,2024-05-13,Vở kẻ ngang 120 trang,Vở và giấy,Campus,quyển,18000.0,30,lecturer_sample,2025-01,18000.0,0.0,18000.0
ORD000225,P0038,5,35000.0,C0167,2025-10-27 20:16:00,e-wallet,offline,0.0,Nha Trang,student,2024-07-11,Nhãn dán phân loại,Hồ sơ và lưu trữ,Avery,xấp,35000.0,18,lecturer_sample,2025-10,175000.0,0.0,175000.0
ORD000225,P0033,3,65687.0,C0167,2025-10-27 20:16:00,e-wallet,offline,0.0,Nha Trang,student,2024-07-11,Bìa còng 5 cm,Hồ sơ và lưu trữ,King Jim,chiếc,69000.0,18,lecturer_sample,2025-10,197061.0,0.0,197061.0
ORD000225,P0006,4,80110.0,C0167,2025-10-27 20:16:00,e-wallet,offline,0.0,Nha Trang,student,2024-07-11,Giấy in A4 70 gsm,Vở và giấy,Double A,ram,82000.0,25,lecturer_sample,2025-10,320440.0,0.0,320440.0
ORD000225,P0060,1,366675.0,C0167,2025-10-27 20:16:00,e-wallet,offline,0.0,Nha Trang,student,2024-07-11,Tai nghe có mic,Phụ kiện máy tính,Rapoo,chiếc,390000.0,8,lecturer_sample,2025-10,366675.0,0.0,366675.0
ORD000225,P0069,2,2499750.0,C0167,2025-10-27 20:16:00,e-wallet,offline,0.0,Nha Trang,student,2024-07-11,Amazon Echo Plus,Phụ kiện máy tính,Amazon,cái,2499750.0,12,public_api,2025-10,4999500.0,0.0,4999500.0
ORD000225,P0051,5,320000.0,C0167,2025-10-27 20:16:00,e-wallet,offline,0.0,Nha Trang,student,2024-07-11,Chuột không dây,Phụ kiện máy tính,Logitech,chiếc,320000.0,10,lecturer_sample,2025-10,1600000.0,0.0,1600000.0
ORD000226,P0005,24,79000.0,C0087,2025-10-10 01:44:00,transfer,online,0.0,Hà Nội,wholesale,2023-12-27,Sổ tay bìa da A5,Vở và giấy,OEM,quyển,79000.0,15,lecturer_sample,2025-10,1896000.0,0.0,1896000.0
ORD000226,P0035,7,16000.0,C0087,2025-10-10 01:44:00,transfer,online,0.0,Hà Nội,wholesale,2023-12-27,Túi hồ sơ dây buộc,Hồ sơ và lưu trữ,Hồng Hà,chiếc,16000.0,25,lecturer_sample,2025-10,112000.0,0.0,112000.0
ORD000226,P0056,16,180000.0,C0087,2025-10-10 01:44:00,transfer,online,0.0,Hà Nội,wholesale,2023-12-27,Cáp HDMI 2 m,Phụ kiện máy tính,Ugreen,sợi,180000.0,12,lecturer_sample,2025-10,2880000.0,0.0,2880000.0
ORD000227,P0026,5,65000.0,C0010,2025-07-16 22:39:00,e-wallet,offline,50000.0,Cần Thơ,retail,2024-05-20,Hộp bút vải,Dụng cụ học tập,OEM,chiếc,65000.0,15,lecturer_sample,2025-07,325000.0,1008.6034181911216,323991.39658180886
ORD000227,P0088,1,545037.0,C0010,2025-07-16 22:39:00,e-wallet,offline,50000.0,Cần Thơ,retail,2024-05-20,Set Me Free,Sách,Unknown,quyển,576180.0,24,public_website,2025-07,545037.0,1691.4651730481057,543345.5348269519
ORD000227,P0084,2,745800.0,C0010,2025-07-16 22:39:00,e-wallet,offline,50000.0,Cần Thơ,retail,2024-05-20,The Boys in the Boat: Nine Americans and Their Epic Quest for Gold at the 1936 Berlin Olympics,Sách,Unknown,quyển,745800.0,13,public_website,2025-07,1491600.0,4629.024180227314,1486970.9758197726
ORD000227,P0071,1,13749750.0,C0010,2025-07-16 22:39:00,e-wallet,offline,50000.0,Cần Thơ,retail,2024-05-20,Apple AirPods Max Silver,Phụ kiện máy tính,Apple,cái,13749750.0,11,public_api,2025-07,13749750.0,42670.90722853346,13707079.092771467
ORD000228,P0072,3,1999750.0,C0168,2025-01-01 18:05:00,card,offline,0.0,Biên Hòa,student,2024-09-03,Apple Airpower Wireless Charger,Phụ kiện máy tính,Apple,cái,1999750.0,1,public_api,2025-01,5999250.0,0.0,5999250.0
ORD000228,P0032,2,12000.0,C0168,2025-01-01 18:05:00,card,offline,0.0,Biên Hòa,student,2024-09-03,Bìa nút A4,Hồ sơ và lưu trữ,Deli,chiếc,12000.0,35,lecturer_sample,2025-01,24000.0,0.0,24000.0
ORD000228,P0006,4,82000.0,C0168,2025-01-01 18:05:00,card,offline,0.0,Biên Hòa,student,2024-09-03,Giấy in A4 70 gsm,Vở và giấy,Double A,ram,82000.0,25,lecturer_sample,2025-01,328000.0,0.0,328000.0
ORD000228,P0052,3,290000.0,C0168,2025-01-01 18:05:00,card,offline,0.0,Biên Hòa,student,2024-09-03,Bàn phím có dây,Phụ kiện máy tính,Logitech,chiếc,290000.0,8,lecturer_sample,2025-01,870000.0,0.0,870000.0
ORD000228,P0059,5,55000.0,C0168,2025-01-01 18:05:00,card,offline,0.0,Biên Hòa,student,2024-09-03,Tấm lót chuột,Phụ kiện máy tính,OEM,chiếc,55000.0,20,lecturer_sample,2025-01,275000.0,0.0,275000.0
ORD000228,P0067,1,14999750.0,C0168,2025-01-01 18:05:00,card,offline,0.0,Biên Hòa,student,2024-09-03,Samsung Galaxy Tab S8 Plus Grey,Thiết bị văn phòng,Samsung,chiếc,14999750.0,12,public_api,2025-01,14999750.0,0.0,14999750.0
ORD000228,P0064,3,26737039.0,C0168,2025-01-01 18:05:00,card,offline,0.0,Biên Hòa,student,2024-09-03,Lenovo Yoga 920,Thiết bị văn phòng,Lenovo,chiếc,27499750.0,8,public_api,2025-01,80211117.0,0.0,80211117.0
ORD000228,P0008,3,63257.0,C0168,2025-01-01 18:05:00,card,offline,0.0,Biên Hòa,student,2024-09-03,Giấy màu A4 100 tờ,Vở và giấy,IK Plus,xấp,65000.0,15,lecturer_sample,2025-01,189771.0,0.0,189771.0
ORD000229,P0049,12,125000.0,C0148,2025-05-10 03:28:00,e-wallet,online,5000.0,Nha Trang,wholesale,2024-11-02,Máy đục lỗ 2 lỗ,Thiết bị văn phòng,Deli,chiếc,125000.0,10,lecturer_sample,2025-05,1500000.0,83.3997204374651,1499916.6002795626
ORD000229,P0070,12,3045400.0,C0148,2025-05-10 03:28:00,e-wallet,online,5000.0,Nha Trang,wholesale,2024-11-02,Apple Airpods,Phụ kiện máy tính,Apple,cái,3249750.0,13,public_api,2025-05,36544800.0,2031.8840689620502,36542768.11593104
ORD000229,P0069,16,2499750.0,C0148,2025-05-10 03:28:00,e-wallet,online,5000.0,Nha Trang,wholesale,2024-11-02,Amazon Echo Plus,Phụ kiện máy tính,Amazon,cái,2499750.0,12,public_api,2025-05,39996000.0,2223.77014574457,39993776.229854256
ORD000229,P0041,5,628117.0,C0148,2025-05-10 03:28:00,e-wallet,online,5000.0,Nha Trang,wholesale,2024-11-02,Máy tính cầm tay khoa học,Thiết bị văn phòng,Casio,chiếc,680000.0,8,lecturer_sample,2025-05,3140585.0,174.6159406733976,3140410.3840593267
ORD000229,P0042,14,42000.0,C0148,2025-05-10 03:28:00,e-wallet,online,5000.0,Nha Trang,wholesale,2024-11-02,Pin AAA 4 viên,Thiết bị văn phòng,Panasonic,vỉ,42000.0,22,lecturer_sample,2025-05,588000.0,32.692690411486325,587967.3073095885
ORD000229,P0052,26,269926.0,C0148,2025-05-10 03:28:00,e-wallet,online,5000.0,Nha Trang,wholesale,2024-11-02,Bàn phím có dây,Phụ kiện máy tính,Logitech,chiếc,290000.0,8,lecturer_sample,2025-05,7018076.0,390.20371760592224,7017685.796282394
ORD000229,P0059,22,51859.0,C0148,2025-05-10 03:28:00,e-wallet,online,5000.0,Nha Trang,wholesale,2024-11-02,Tấm lót chuột,Phụ kiện máy tính,OEM,chiếc,55000.0,20,lecturer_sample,2025-05,1140898.0,63.43371616510871,1140834.5662838349
ORD000230,P0068,2,8037609.0,C0091,2025-04-23 01:17:00,transfer,offline,0.0,Nha Trang,retail,2024-03-27,Samsung Galaxy Tab White,Thiết bị văn phòng,Samsung,chiếc,8749750.0,18,public_api,2025-04,16075218.0,0.0,16075218.0
ORD000231,P0010,5,161093.0,C0052,2025-05-09 01:22:00,e-wallet,online,0.0,TP. Hồ Chí Minh,retail,2024-03-30,Giấy photo A3 70 gsm,Vở và giấy,Double A,ram,165000.0,10,lecturer_sample,2025-05,805465.0,0.0,805465.0
ORD000232,P0079,23,1578060.0,C0096,2025-11-14 21:31:00,e-wallet,offline,0.0,Đà Nẵng,wholesale,2024-06-17,Sharp Objects,Sách,Unknown,quyển,1578060.0,24,public_website,2025-11,36295380.0,0.0,36295380.0
ORD000232,P0025,21,14146.0,C0096,2025-11-14 21:31:00,e-wallet,offline,0.0,Đà Nẵng,wholesale,2024-06-17,Gọt bút chì có hộp,Dụng cụ học tập,Deli,chiếc,15000.0,25,lecturer_sample,2025-11,297066.0,0.0,297066.0
ORD000232,P0017,22,9000.0,C0096,2025-11-14 21:31:00,e-wallet,offline,0.0,Đà Nẵng,wholesale,2024-06-17,Bút chì 2B,Bút viết,Staedtler,cây,9000.0,45,lecturer_sample,2025-11,198000.0,0.0,198000.0
ORD000232,P0070,16,3249750.0,C0096,2025-11-14 21:31:00,e-wallet,offline,0.0,Đà Nẵng,wholesale,2024-06-17,Apple Airpods,Phụ kiện máy tính,Apple,cái,3249750.0,13,public_api,2025-11,51996000.0,0.0,51996000.0
ORD000233,P0041,3,680000.0,C0176,2025-03-31 23:07:00,card,offline,0.0,Hải Phòng,retail,2024-11-23,Máy tính cầm tay khoa học,Thiết bị văn phòng,Casio,chiếc,680000.0,8,lecturer_sample,2025-03,2040000.0,0.0,2040000.0
ORD000233,P0002,4,16756.0,C0176,2025-03-31 23:07:00,card,offline,0.0,Hải Phòng,retail,2024-11-23,Vở kẻ ngang 120 trang,Vở và giấy,Campus,quyển,18000.0,30,lecturer_sample,2025-03,67024.0,0.0,67024.0
ORD000233,P0011,2,5000.0,C0176,2025-03-31 23:07:00,card,offline,0.0,Hải Phòng,retail,2024-11-23,Bút bi xanh 0.5 mm,Bút viết,Thiên Long,cây,5000.0,70,lecturer_sample,2025-03,10000.0,0.0,10000.0
ORD000233,P0052,2,290000.0,C0176,2025-03-31 23:07:00,card,offline,0.0,Hải Phòng,retail,2024-11-23,Bàn phím có dây,Phụ kiện máy tính,Logitech,chiếc,290000.0,8,lecturer_sample,2025-03,580000.0,0.0,580000.0
ORD000233,P0059,3,55000.0,C0176,2025-03-31 23:07:00,card,offline,0.0,Hải Phòng,retail,2024-11-23,Tấm lót chuột,Phụ kiện máy tính,OEM,chiếc,55000.0,20,lecturer_sample,2025-03,165000.0,0.0,165000.0
ORD000234,P0089,17,1725570.0,C0103,2025-05-24 23:11:00,transfer,online,0.0,Cần Thơ,wholesale,2024-09-01,Scott Pilgrim's Precious Little Life (Scott Pilgrim #1),Sách,Unknown,quyển,1725570.0,27,public_website,2025-05,29334690.0,0.0,29334690.0
ORD000234,P0076,30,1560563.0,C0103,2025-05-24 23:11:00,transfer,online,0.0,Cần Thơ,wholesale,2024-09-01,A Light in the Attic,Sách,Unknown,quyển,1708410.0,16,public_website,2025-05,46816890.0,0.0,46816890.0
ORD000235,P0089,5,1560422.0,C0207,2025-01-05 18:26:00,e-wallet,offline,0.0,Hải Phòng,retail,2024-10-14,Scott Pilgrim's Precious Little Life (Scott Pilgrim #1),Sách,Unknown,quyển,1725570.0,27,public_website,2025-01,7802110.0,0.0,7802110.0
ORD000235,P0046,1,890000.0,C0207,2025-01-05 18:26:00,e-wallet,offline,0.0,Hải Phòng,retail,2024-10-14,Máy ép plastic A4,Thiết bị văn phòng,Deli,chiếc,890000.0,4,lecturer_sample,2025-01,890000.0,0.0,890000.0
ORD000236,P0009,8,18000.0,C0016,2025-04-21 20:30:00,card,offline,0.0,Huế,wholesale,2024-10-14,Giấy note 3 x 3 inch,Vở và giấy,Deli,xấp,18000.0,30,lecturer_sample,2025-04,144000.0,0.0,144000.0
ORD000236,P0068,26,8031450.0,C0016,2025-04-21 20:30:00,card,offline,0.0,Huế,wholesale,2024-10-14,Samsung Galaxy Tab White,Thiết bị văn phòng,Samsung,chiếc,8749750.0,18,public_api,2025-04,208817700.0,0.0,208817700.0
ORD000236,P0043,23,3190000.0,C0016,2025-04-21 20:30:00,card,offline,0.0,Huế,wholesale,2024-10-14,Máy in laser đơn sắc,Thiết bị văn phòng,Brother,chiếc,3190000.0,3,lecturer_sample,2025-04,73370000.0,0.0,73370000.0
ORD000236,P0032,22,12000.0,C0016,2025-04-21 20:30:00,card,offline,0.0,Huế,wholesale,2024-10-14,Bìa nút A4,Hồ sơ và lưu trữ,Deli,chiếc,12000.0,35,lecturer_sample,2025-04,264000.0,0.0,264000.0
ORD000237,P0043,25,2967864.0,C0200,2025-05-26 21:20:00,transfer,website,0.0,Biên Hòa,wholesale,2024-03-18,Máy in laser đơn sắc,Thiết bị văn phòng,Brother,chiếc,3190000.0,3,lecturer_sample,2025-05,74196600.0,0.0,74196600.0
ORD000237,P0082,25,1100220.0,C0200,2025-05-26 21:20:00,transfer,website,0.0,Biên Hòa,wholesale,2024-03-18,The Dirty Little Secrets of Getting Your Dream Job,Sách,Unknown,quyển,1100220.0,8,public_website,2025-05,27505500.0,0.0,27505500.0
ORD000237,P0035,17,14503.0,C0200,2025-05-26 21:20:00,transfer,website,0.0,Biên Hòa,wholesale,2024-03-18,Túi hồ sơ dây buộc,Hồ sơ và lưu trữ,Hồng Hà,chiếc,16000.0,25,lecturer_sample,2025-05,246551.0,0.0,246551.0
ORD000238,P0026,3,61547.0,C0042,2025-06-25 19:20:00,card,website,0.0,TP. Hồ Chí Minh,retail,2024-05-20,Hộp bút vải,Dụng cụ học tập,OEM,chiếc,65000.0,15,lecturer_sample,2025-06,184641.0,0.0,184641.0
ORD000238,P0025,4,15000.0,C0042,2025-06-25 19:20:00,card,website,0.0,TP. Hồ Chí Minh,retail,2024-05-20,Gọt bút chì có hộp,Dụng cụ học tập,Deli,chiếc,15000.0,25,lecturer_sample,2025-06,60000.0,0.0,60000.0
ORD000239,P0023,4,42000.0,C0048,2025-01-12 18:46:00,cash,offline,0.0,Đà Nẵng,retail,2024-12-22,Compa học sinh,Dụng cụ học tập,Maped,chiếc,42000.0,15,lecturer_sample,2025-01,168000.0,0.0,168000.0
ORD000240,P0036,5,185000.0,C0017,2025-09-01 00:03:00,cash,offline,0.0,TP. Hồ Chí Minh,retail,2024-11-22,Khay tài liệu 3 tầng,Hồ sơ và lưu trữ,Deli,bộ,185000.0,8,lecturer_sample,2025-09,925000.0,0.0,925000.0
ORD000241,P0026,2,65000.0,C0168,2025-07-19 20:14:00,transfer,online,0.0,Biên Hòa,student,2024-09-03,Hộp bút vải,Dụng cụ học tập,OEM,chiếc,65000.0,15,lecturer_sample,2025-07,130000.0,0.0,130000.0
ORD000242,P0088,4,576180.0,C0170,2025-07-02 21:55:00,transfer,online,0.0,Hải Phòng,student,2024-12-16,Set Me Free,Sách,Unknown,quyển,576180.0,24,public_website,2025-07,2304720.0,0.0,2304720.0
ORD000242,P0084,5,745800.0,C0170,2025-07-02 21:55:00,transfer,online,0.0,Hải Phòng,student,2024-12-16,The Boys in the Boat: Nine Americans and Their Epic Quest for Gold at the 1936 Berlin Olympics,Sách,Unknown,quyển,745800.0,13,public_website,2025-07,3729000.0,0.0,3729000.0
ORD000242,P0025,5,15000.0,C0170,2025-07-02 21:55:00,transfer,online,0.0,Hải Phòng,student,2024-12-16,Gọt bút chì có hộp,Dụng cụ học tập,Deli,chiếc,15000.0,25,lecturer_sample,2025-07,75000.0,0.0,75000.0
ORD000243,P0039,5,28000.0,C0089,2025-09-05 00:14:00,card,offline,10000.0,TP. Hồ Chí Minh,student,2024-08-14,Kẹp bướm 25 mm,Hồ sơ và lưu trữ,Deli,hộp,28000.0,25,lecturer_sample,2025-09,140000.0,1609.3045390434525,138390.69546095654
ORD000243,P0033,4,65063.0,C0089,2025-09-05 00:14:00,card,offline,10000.0,TP. Hồ Chí Minh,student,2024-08-14,Bìa còng 5 cm,Hồ sơ và lưu trữ,King Jim,chiếc,69000.0,18,lecturer_sample,2025-09,260252.0,2991.605177822404,257260.3948221776
ORD000243,P0006,1,79689.0,C0089,2025-09-05 00:14:00,card,offline,10000.0,TP. Hồ Chí Minh,student,2024-08-14,Giấy in A4 70 gsm,Vở và giấy,Double A,ram,82000.0,25,lecturer_sample,2025-09,79689.0,916.0276386559549,78772.97236134404
ORD000243,P0028,5,78000.0,C0089,2025-09-05 00:14:00,card,offline,10000.0,TP. Hồ Chí Minh,student,2024-08-14,Bộ màu nước 12 màu,Dụng cụ học tập,Pentel,bộ,78000.0,12,lecturer_sample,2025-09,390000.0,4483.062644478188,385516.93735552183
ORD000244,P0049,1,125000.0,C0002,2025-10-08 21:12:00,e-wallet,offline,50000.0,Hải Phòng,retail,2024-04-16,Máy đục lỗ 2 lỗ,Thiết bị văn phòng,Deli,chiếc,125000.0,10,lecturer_sample,2025-10,125000.0,39808.91719745223,85191.08280254777
ORD000244,P0035,2,16000.0,C0002,2025-10-08 21:12:00,e-wallet,offline,50000.0,Hải Phòng,retail,2024-04-16,Túi hồ sơ dây buộc,Hồ sơ và lưu trữ,Hồng Hà,chiếc,16000.0,25,lecturer_sample,2025-10,32000.0,10191.082802547771,21808.91719745223
ORD000245,P0026,3,65000.0,C0205,2025-11-11 04:44:00,transfer,offline,0.0,Nha Trang,office,2024-06-07,Hộp bút vải,Dụng cụ học tập,OEM,chiếc,65000.0,15,lecturer_sample,2025-11,195000.0,0.0,195000.0
ORD000245,P0067,11,14999750.0,C0205,2025-11-11 04:44:00,transfer,offline,0.0,Nha Trang,office,2024-06-07,Samsung Galaxy Tab S8 Plus Grey,Thiết bị văn phòng,Samsung,chiếc,14999750.0,12,public_api,2025-11,164997250.0,0.0,164997250.0
ORD000245,P0037,11,95000.0,C0205,2025-11-11 04:44:00,transfer,offline,0.0,Nha Trang,office,2024-06-07,Cặp tài liệu A4,Hồ sơ và lưu trữ,OEM,chiếc,95000.0,10,lecturer_sample,2025-11,1045000.0,0.0,1045000.0
ORD000246,P0003,4,13184.0,C0083,2025-01-10 18:03:00,card,offline,10000.0,Cần Thơ,retail,2024-07-17,Vở ô ly 96 trang,Vở và giấy,Hồng Hà,quyển,14000.0,35,lecturer_sample,2025-01,52736.0,1615.909056089228,51120.09094391077
ORD000246,P0026,1,65000.0,C0083,2025-01-10 18:03:00,card,offline,10000.0,Cần Thơ,retail,2024-07-17,Hộp bút vải,Dụng cụ học tập,OEM,chiếc,65000.0,15,lecturer_sample,2025-01,65000.0,1991.696159090561,63008.30384090944
ORD000246,P0012,2,5000.0,C0083,2025-01-10 18:03:00,card,offline,10000.0,Cần Thơ,retail,2024-07-17,Bút bi đen 0.5 mm,Bút viết,Thiên Long,cây,5000.0,60,lecturer_sample,2025-01,10000.0,306.4147937062401,9693.58520629376
ORD000246,P0039,4,28000.0,C0083,2025-01-10 18:03:00,card,offline,10000.0,Cần Thơ,retail,2024-07-17,Kẹp bướm 25 mm,Hồ sơ và lưu trữ,Deli,hộp,28000.0,25,lecturer_sample,2025-01,112000.0,3431.84568950989,108568.1543104901
ORD000246,P0002,4,18000.0,C0083,2025-01-10 18:03:00,card,offline,10000.0,Cần Thơ,retail,2024-07-17,Vở kẻ ngang 120 trang,Vở và giấy,Campus,quyển,18000.0,30,lecturer_sample,2025-01,72000.0,2206.186514684929,69793.81348531507
ORD000246,P0011,3,4873.0,C0083,2025-01-10 18:03:00,card,offline,10000.0,Cần Thơ,retail,2024-07-17,Bút bi xanh 0.5 mm,Bút viết,Thiên Long,cây,5000.0,70,lecturer_sample,2025-01,14619.0,447.94778691915246,14171.052213080848
ORD000247,P0022,2,18000.0,C0032,2025-05-08 22:49:00,card,website,0.0,Hải Phòng,student,2024-02-07,Thước ê ke 2 chiếc,Dụng cụ học tập,Deli,bộ,18000.0,20,lecturer_sample,2025-05,36000.0,0.0,36000.0
ORD000247,P0089,1,1638363.0,C0032,2025-05-08 22:49:00,card,website,0.0,Hải Phòng,student,2024-02-07,Scott Pilgrim's Precious Little Life (Scott Pilgrim #1),Sách,Unknown,quyển,1725570.0,27,public_website,2025-05,1638363.0,0.0,1638363.0
ORD000247,P0086,1,461670.0,C0032,2025-05-08 22:49:00,card,website,0.0,Hải Phòng,student,2024-02-07,"Starving Hearts (Triangular Trade Trilogy, #1)",Sách,Unknown,quyển,461670.0,19,public_website,2025-05,461670.0,0.0,461670.0
ORD000247,P0067,3,14999750.0,C0032,2025-05-08 22:49:00,card,website,0.0,Hải Phòng,student,2024-02-07,Samsung Galaxy Tab S8 Plus Grey,Thiết bị văn phòng,Samsung,chiếc,14999750.0,12,public_api,2025-05,44999250.0,0.0,44999250.0
ORD000247,P0064,1,25288796.0,C0032,2025-05-08 22:49:00,card,website,0.0,Hải Phòng,student,2024-02-07,Lenovo Yoga 920,Thiết bị văn phòng,Lenovo,chiếc,27499750.0,8,public_api,2025-05,25288796.0,0.0,25288796.0
ORD000247,P0059,1,55000.0,C0032,2025-05-08 22:49:00,card,website,0.0,Hải Phòng,student,2024-02-07,Tấm lót chuột,Phụ kiện máy tính,OEM,chiếc,55000.0,20,lecturer_sample,2025-05,55000.0,0.0,55000.0
ORD000247,P0019,4,22000.0,C0032,2025-05-08 22:49:00,card,website,0.0,Hải Phòng,student,2024-02-07,Ruột chì kim 0.5 mm,Bút viết,Pentel,hộp,22000.0,25,lecturer_sample,2025-05,88000.0,0.0,88000.0
ORD000248,P0022,1,18000.0,C0043,2025-05-23 01:07:00,transfer,offline,0.0,Biên Hòa,retail,2024-02-16,Thước ê ke 2 chiếc,Dụng cụ học tập,Deli,bộ,18000.0,20,lecturer_sample,2025-05,18000.0,0.0,18000.0
ORD000248,P0088,4,576180.0,C0043,2025-05-23 01:07:00,transfer,offline,0.0,Biên Hòa,retail,2024-02-16,Set Me Free,Sách,Unknown,quyển,576180.0,24,public_website,2025-05,2304720.0,0.0,2304720.0
ORD000249,P0032,2,12000.0,C0159,2025-06-24 04:40:00,cash,offline,0.0,Hải Phòng,student,2024-10-15,Bìa nút A4,Hồ sơ và lưu trữ,Deli,chiếc,12000.0,35,lecturer_sample,2025-06,24000.0,0.0,24000.0
ORD000249,P0006,5,79384.0,C0159,2025-06-24 04:40:00,cash,offline,0.0,Hải Phòng,student,2024-10-15,Giấy in A4 70 gsm,Vở và giấy,Double A,ram,82000.0,25,lecturer_sample,2025-06,396920.0,0.0,396920.0
ORD000250,P0035,4,15205.0,C0207,2025-08-14 03:12:00,card,website,0.0,Hải Phòng,retail,2024-10-14,Túi hồ sơ dây buộc,Hồ sơ và lưu trữ,Hồng Hà,chiếc,16000.0,25,lecturer_sample,2025-08,60820.0,0.0,60820.0
ORD000251,P0048,2,12000.0,C0139,2025-12-23 23:12:00,transfer,offline,0.0,TP. Hồ Chí Minh,retail,2024-08-15,Kim bấm số 10,Thiết bị văn phòng,Max,hộp,12000.0,35,lecturer_sample,2025-12,24000.0,0.0,24000.0
ORD000251,P0029,3,25000.0,C0139,2025-12-23 23:12:00,transfer,offline,0.0,TP. Hồ Chí Minh,retail,2024-08-15,Kéo học sinh 13 cm,Dụng cụ học tập,Deli,chiếc,25000.0,18,lecturer_sample,2025-12,75000.0,0.0,75000.0
ORD000252,P0067,1,14999750.0,C0117,2025-01-02 04:40:00,transfer,offline,0.0,Đà Nẵng,retail,2024-06-04,Samsung Galaxy Tab S8 Plus Grey,Thiết bị văn phòng,Samsung,chiếc,14999750.0,12,public_api,2025-01,14999750.0,0.0,14999750.0
ORD000252,P0055,5,256785.0,C0117,2025-01-02 04:40:00,transfer,offline,0.0,Đà Nẵng,retail,2024-06-04,Thẻ nhớ microSD 64 GB,Phụ kiện máy tính,SanDisk,chiếc,280000.0,10,lecturer_sample,2025-01,1283925.0,0.0,1283925.0
ORD000253,P0026,21,65000.0,C0175,2025-09-13 04:35:00,card,offline,0.0,Nha Trang,wholesale,2024-03-25,Hộp bút vải,Dụng cụ học tập,OEM,chiếc,65000.0,15,lecturer_sample,2025-09,1365000.0,0.0,1365000.0
ORD000254,P0010,4,165000.0,C0012,2025-03-08 18:55:00,cash,online,0.0,TP. Hồ Chí Minh,retail,2024-06-09,Giấy photo A3 70 gsm,Vở và giấy,Double A,ram,165000.0,10,lecturer_sample,2025-03,660000.0,0.0,660000.0
ORD000255,P0033,1,69000.0,C0135,2025-11-17 03:37:00,transfer,shopee,0.0,Cần Thơ,retail,2024-01-26,Bìa còng 5 cm,Hồ sơ và lưu trữ,King Jim,chiếc,69000.0,18,lecturer_sample,2025-11,69000.0,0.0,69000.0
ORD000255,P0008,1,65000.0,C0135,2025-11-17 03:37:00,transfer,shopee,0.0,Cần Thơ,retail,2024-01-26,Giấy màu A4 100 tờ,Vở và giấy,IK Plus,xấp,65000.0,15,lecturer_sample,2025-11,65000.0,0.0,65000.0
ORD000256,P0076,2,1708410.0,C0191,2025-08-01 21:50:00,cash,offline,0.0,Hải Phòng,retail,2024-05-13,A Light in the Attic,Sách,Unknown,quyển,1708410.0,16,public_website,2025-08,3416820.0,0.0,3416820.0
ORD000256,P0089,2,1725570.0,C0191,2025-08-01 21:50:00,cash,offline,0.0,Hải Phòng,retail,2024-05-13,Scott Pilgrim's Precious Little Life (Scott Pilgrim #1),Sách,Unknown,quyển,1725570.0,27,public_website,2025-08,3451140.0,0.0,3451140.0
ORD000256,P0005,2,79000.0,C0191,2025-08-01 21:50:00,cash,offline,0.0,Hải Phòng,retail,2024-05-13,Sổ tay bìa da A5,Vở và giấy,OEM,quyển,79000.0,15,lecturer_sample,2025-08,158000.0,0.0,158000.0
ORD000256,P0007,2,99000.0,C0191,2025-08-01 21:50:00,cash,offline,0.0,Hải Phòng,retail,2024-05-13,Giấy in A4 80 gsm,Vở và giấy,PaperOne,ram,99000.0,20,lecturer_sample,2025-08,198000.0,0.0,198000.0
ORD000256,P0043,5,3190000.0,C0191,2025-08-01 21:50:00,cash,offline,0.0,Hải Phòng,retail,2024-05-13,Máy in laser đơn sắc,Thiết bị văn phòng,Brother,chiếc,3190000.0,3,lecturer_sample,2025-08,15950000.0,0.0,15950000.0
ORD000257,P0062,11,44999750.0,C0028,2025-11-24 01:22:00,transfer,online,0.0,Hải Phòng,office,2023-12-31,Asus Zenbook Pro Dual Screen Laptop,Thiết bị văn phòng,Asus,chiếc,44999750.0,9,public_api,2025-11,494997250.0,0.0,494997250.0
ORD000257,P0049,7,118688.0,C0028,2025-11-24 01:22:00,transfer,online,0.0,Hải Phòng,office,2023-12-31,Máy đục lỗ 2 lỗ,Thiết bị văn phòng,Deli,chiếc,125000.0,10,lecturer_sample,2025-11,830816.0,0.0,830816.0
ORD000257,P0009,7,16868.0,C0028,2025-11-24 01:22:00,transfer,online,0.0,Hải Phòng,office,2023-12-31,Giấy note 3 x 3 inch,Vở và giấy,Deli,xấp,18000.0,30,lecturer_sample,2025-11,118076.0,0.0,118076.0
ORD000257,P0073,12,2499750.0,C0028,2025-11-24 01:22:00,transfer,online,0.0,Hải Phòng,office,2023-12-31,Apple HomePod Mini Cosmic Grey,Phụ kiện máy tính,Apple,cái,2499750.0,5,public_api,2025-11,29997000.0,0.0,29997000.0
ORD000257,P0074,7,499750.0,C0028,2025-11-24 01:22:00,transfer,online,0.0,Hải Phòng,office,2023-12-31,Apple iPhone Charger,Phụ kiện máy tính,Apple,cái,499750.0,6,public_api,2025-11,3498250.0,0.0,3498250.0
ORD000258,P0085,24,1720950.0,C0145,2025-10-07 19:24:00,cash,website,0.0,Cần Thơ,wholesale,2024-04-29,The Black Maria,Sách,Unknown,quyển,1720950.0,16,public_website,2025-10,41302800.0,0.0,41302800.0
ORD000258,P0023,9,38941.0,C0145,2025-10-07 19:24:00,cash,website,0.0,Cần Thơ,wholesale,2024-04-29,Compa học sinh,Dụng cụ học tập,Maped,chiếc,42000.0,15,lecturer_sample,2025-10,350469.0,0.0,350469.0
ORD000258,P0088,14,529702.0,C0145,2025-10-07 19:24:00,cash,website,0.0,Cần Thơ,wholesale,2024-04-29,Set Me Free,Sách,Unknown,quyển,576180.0,24,public_website,2025-10,7415828.0,0.0,7415828.0
ORD000258,P0084,15,745800.0,C0145,2025-10-07 19:24:00,cash,website,0.0,Cần Thơ,wholesale,2024-04-29,The Boys in the Boat: Nine Americans and Their Epic Quest for Gold at the 1936 Berlin Olympics,Sách,Unknown,quyển,745800.0,13,public_website,2025-10,11187000.0,0.0,11187000.0
ORD000259,P0049,2,125000.0,C0211,2025-12-20 20:58:00,e-wallet,offline,5000.0,Huế,retail,2024-07-04,Máy đục lỗ 2 lỗ,Thiết bị văn phòng,Deli,chiếc,125000.0,10,lecturer_sample,2025-12,250000.0,141.16717016290693,249858.8328298371
ORD000259,P0085,5,1720950.0,C0211,2025-12-20 20:58:00,e-wallet,offline,5000.0,Huế,retail,2024-07-04,The Black Maria,Sách,Unknown,quyển,1720950.0,16,public_website,2025-12,8604750.0,4858.832829837093,8599891.167170163
ORD000260,P0085,5,1563626.0,C0066,2025-06-03 17:36:00,transfer,online,0.0,Đà Nẵng,student,2024-03-16,The Black Maria,Sách,Unknown,quyển,1720950.0,16,public_website,2025-06,7818130.0,0.0,7818130.0
ORD000260,P0067,3,14999750.0,C0066,2025-06-03 17:36:00,transfer,online,0.0,Đà Nẵng,student,2024-03-16,Samsung Galaxy Tab S8 Plus Grey,Thiết bị văn phòng,Samsung,chiếc,14999750.0,12,public_api,2025-06,44999250.0,0.0,44999250.0
ORD000261,P0085,2,1680427.0,C0207,2025-10-23 22:05:00,cash,website,0.0,Hải Phòng,retail,2024-10-14,The Black Maria,Sách,Unknown,quyển,1720950.0,16,public_website,2025-10,3360854.0,0.0,3360854.0
ORD000261,P0029,1,25000.0,C0207,2025-10-23 22:05:00,cash,website,0.0,Hải Phòng,retail,2024-10-14,Kéo học sinh 13 cm,Dụng cụ học tập,Deli,chiếc,25000.0,18,lecturer_sample,2025-10,25000.0,0.0,25000.0
ORD000261,P0079,4,1578060.0,C0207,2025-10-23 22:05:00,cash,website,0.0,Hải Phòng,retail,2024-10-14,Sharp Objects,Sách,Unknown,quyển,1578060.0,24,public_website,2025-10,6312240.0,0.0,6312240.0
ORD000261,P0089,5,1725570.0,C0207,2025-10-23 22:05:00,cash,website,0.0,Hải Phòng,retail,2024-10-14,Scott Pilgrim's Precious Little Life (Scott Pilgrim #1),Sách,Unknown,quyển,1725570.0,27,public_website,2025-10,8627850.0,0.0,8627850.0
ORD000262,P0019,5,22000.0,C0139,2025-10-17 18:20:00,e-wallet,website,0.0,TP. Hồ Chí Minh,retail,2024-08-15,Ruột chì kim 0.5 mm,Bút viết,Pentel,hộp,22000.0,25,lecturer_sample,2025-10,110000.0,0.0,110000.0
ORD000262,P0005,1,79000.0,C0139,2025-10-17 18:20:00,e-wallet,website,0.0,TP. Hồ Chí Minh,retail,2024-08-15,Sổ tay bìa da A5,Vở và giấy,OEM,quyển,79000.0,15,lecturer_sample,2025-10,79000.0,0.0,79000.0
ORD000263,P0042,2,39618.0,C0075,2025-07-21 18:08:00,e-wallet,online,0.0,Cần Thơ,retail,2024-02-29,Pin AAA 4 viên,Thiết bị văn phòng,Panasonic,vỉ,42000.0,22,lecturer_sample,2025-07,79236.0,0.0,79236.0
ORD000263,P0068,2,8749750.0,C0075,2025-07-21 18:08:00,e-wallet,online,0.0,Cần Thơ,retail,2024-02-29,Samsung Galaxy Tab White,Thiết bị văn phòng,Samsung,chiếc,8749750.0,18,public_api,2025-07,17499500.0,0.0,17499500.0
ORD000263,P0043,5,3190000.0,C0075,2025-07-21 18:08:00,e-wallet,online,0.0,Cần Thơ,retail,2024-02-29,Máy in laser đơn sắc,Thiết bị văn phòng,Brother,chiếc,3190000.0,3,lecturer_sample,2025-07,15950000.0,0.0,15950000.0
ORD000264,P0071,4,13749750.0,C0158,2025-09-26 19:15:00,cash,offline,0.0,TP. Hồ Chí Minh,retail,2024-10-05,Apple AirPods Max Silver,Phụ kiện máy tính,Apple,cái,13749750.0,11,public_api,2025-09,54999000.0,0.0,54999000.0
ORD000265,P0003,19,14000.0,C0090,2025-04-08 21:22:00,e-wallet,online,0.0,TP. Hồ Chí Minh,wholesale,2024-01-02,Vở ô ly 96 trang,Vở và giấy,Hồng Hà,quyển,14000.0,35,lecturer_sample,2025-04,266000.0,0.0,266000.0
ORD000265,P0017,12,9000.0,C0090,2025-04-08 21:22:00,e-wallet,online,0.0,TP. Hồ Chí Minh,wholesale,2024-01-02,Bút chì 2B,Bút viết,Staedtler,cây,9000.0,45,lecturer_sample,2025-04,108000.0,0.0,108000.0
ORD000265,P0089,16,1725570.0,C0090,2025-04-08 21:22:00,e-wallet,online,0.0,TP. Hồ Chí Minh,wholesale,2024-01-02,Scott Pilgrim's Precious Little Life (Scott Pilgrim #1),Sách,Unknown,quyển,1725570.0,27,public_website,2025-04,27609120.0,0.0,27609120.0
ORD000266,P0087,3,681780.0,C0187,2025-02-13 17:47:00,card,offline,0.0,Hà Nội,office,2024-02-01,Shakespeare's Sonnets,Sách,Unknown,quyển,681780.0,21,public_website,2025-02,2045340.0,0.0,2045340.0
ORD000267,P0019,12,22000.0,C0121,2025-01-12 21:13:00,transfer,shopee,0.0,Nha Trang,office,2024-09-09,Ruột chì kim 0.5 mm,Bút viết,Pentel,hộp,22000.0,25,lecturer_sample,2025-01,264000.0,0.0,264000.0
ORD000267,P0048,11,11369.0,C0121,2025-01-12 21:13:00,transfer,shopee,0.0,Nha Trang,office,2024-09-09,Kim bấm số 10,Thiết bị văn phòng,Max,hộp,12000.0,35,lecturer_sample,2025-01,125059.0,0.0,125059.0
ORD000267,P0068,6,8749750.0,C0121,2025-01-12 21:13:00,transfer,shopee,0.0,Nha Trang,office,2024-09-09,Samsung Galaxy Tab White,Thiết bị văn phòng,Samsung,chiếc,8749750.0,18,public_api,2025-01,52498500.0,0.0,52498500.0
ORD000267,P0043,6,3190000.0,C0121,2025-01-12 21:13:00,transfer,shopee,0.0,Nha Trang,office,2024-09-09,Máy in laser đơn sắc,Thiết bị văn phòng,Brother,chiếc,3190000.0,3,lecturer_sample,2025-01,19140000.0,0.0,19140000.0
ORD000268,P0087,2,681780.0,C0179,2025-11-13 20:03:00,card,website,0.0,Nha Trang,office,2024-06-30,Shakespeare's Sonnets,Sách,Unknown,quyển,681780.0,21,public_website,2025-11,1363560.0,0.0,1363560.0
ORD000268,P0007,12,99000.0,C0179,2025-11-13 20:03:00,card,website,0.0,Nha Trang,office,2024-06-30,Giấy in A4 80 gsm,Vở và giấy,PaperOne,ram,99000.0,20,lecturer_sample,2025-11,1188000.0,0.0,1188000.0
ORD000269,P0043,5,3190000.0,C0098,2025-09-19 03:06:00,cash,offline,0.0,TP. Hồ Chí Minh,retail,2024-12-16,Máy in laser đơn sắc,Thiết bị văn phòng,Brother,chiếc,3190000.0,3,lecturer_sample,2025-09,15950000.0,0.0,15950000.0
ORD000269,P0008,4,65000.0,C0098,2025-09-19 03:06:00,cash,offline,0.0,TP. Hồ Chí Minh,retail,2024-12-16,Giấy màu A4 100 tờ,Vở và giấy,IK Plus,xấp,65000.0,15,lecturer_sample,2025-09,260000.0,0.0,260000.0
ORD000269,P0018,2,38000.0,C0098,2025-09-19 03:06:00,cash,offline,0.0,TP. Hồ Chí Minh,retail,2024-12-16,Bút chì kim 0.5 mm,Bút viết,Pentel,cây,38000.0,20,lecturer_sample,2025-09,76000.0,0.0,76000.0
ORD000269,P0049,3,125000.0,C0098,2025-09-19 03:06:00,cash,offline,0.0,TP. Hồ Chí Minh,retail,2024-12-16,Máy đục lỗ 2 lỗ,Thiết bị văn phòng,Deli,chiếc,125000.0,10,lecturer_sample,2025-09,375000.0,0.0,375000.0
ORD000270,P0056,7,172642.0,C0078,2025-05-02 00:17:00,card,offline,0.0,Hà Nội,office,2024-08-30,Cáp HDMI 2 m,Phụ kiện máy tính,Ugreen,sợi,180000.0,12,lecturer_sample,2025-05,1208494.0,0.0,1208494.0
ORD000270,P0079,3,1494209.0,C0078,2025-05-02 00:17:00,card,offline,0.0,Hà Nội,office,2024-08-30,Sharp Objects,Sách,Unknown,quyển,1578060.0,24,public_website,2025-05,4482627.0,0.0,4482627.0
ORD000270,P0076,12,1708410.0,C0078,2025-05-02 00:17:00,card,offline,0.0,Hà Nội,office,2024-08-30,A Light in the Attic,Sách,Unknown,quyển,1708410.0,16,public_website,2025-05,20500920.0,0.0,20500920.0
ORD000270,P0089,12,1725570.0,C0078,2025-05-02 00:17:00,card,offline,0.0,Hà Nội,office,2024-08-30,Scott Pilgrim's Precious Little Life (Scott Pilgrim #1),Sách,Unknown,quyển,1725570.0,27,public_website,2025-05,20706840.0,0.0,20706840.0
ORD000271,P0028,2,78000.0,C0107,2025-05-05 01:09:00,transfer,offline,0.0,Đà Nẵng,retail,2024-01-21,Bộ màu nước 12 màu,Dụng cụ học tập,Pentel,bộ,78000.0,12,lecturer_sample,2025-05,156000.0,0.0,156000.0
ORD000271,P0054,2,227313.0,C0107,2025-05-05 01:09:00,transfer,offline,0.0,Đà Nẵng,retail,2024-01-21,USB 64 GB,Phụ kiện máy tính,Kingston,chiếc,245000.0,12,lecturer_sample,2025-05,454626.0,0.0,454626.0
ORD000272,P0088,2,558255.0,C0181,2025-09-26 18:27:00,cash,offline,0.0,Nha Trang,retail,2024-12-23,Set Me Free,Sách,Unknown,quyển,576180.0,24,public_website,2025-09,1116510.0,0.0,1116510.0
ORD000272,P0084,4,691581.0,C0181,2025-09-26 18:27:00,cash,offline,0.0,Nha Trang,retail,2024-12-23,The Boys in the Boat: Nine Americans and Their Epic Quest for Gold at the 1936 Berlin Olympics,Sách,Unknown,quyển,745800.0,13,public_website,2025-09,2766324.0,0.0,2766324.0
ORD000272,P0086,3,461670.0,C0181,2025-09-26 18:27:00,cash,offline,0.0,Nha Trang,retail,2024-12-23,"Starving Hearts (Triangular Trade Trilogy, #1)",Sách,Unknown,quyển,461670.0,19,public_website,2025-09,1385010.0,0.0,1385010.0
ORD000272,P0085,2,1720950.0,C0181,2025-09-26 18:27:00,cash,offline,0.0,Nha Trang,retail,2024-12-23,The Black Maria,Sách,Unknown,quyển,1720950.0,16,public_website,2025-09,3441900.0,0.0,3441900.0
ORD000272,P0028,2,78000.0,C0181,2025-09-26 18:27:00,cash,offline,0.0,Nha Trang,retail,2024-12-23,Bộ màu nước 12 màu,Dụng cụ học tập,Pentel,bộ,78000.0,12,lecturer_sample,2025-09,156000.0,0.0,156000.0
ORD000272,P0049,5,125000.0,C0181,2025-09-26 18:27:00,cash,offline,0.0,Nha Trang,retail,2024-12-23,Máy đục lỗ 2 lỗ,Thiết bị văn phòng,Deli,chiếc,125000.0,10,lecturer_sample,2025-09,625000.0,0.0,625000.0
ORD000273,P0021,5,7000.0,C0156,2025-10-19 01:14:00,transfer,online,0.0,Hải Phòng,retail,2024-03-22,Thước thẳng 20 cm,Dụng cụ học tập,Thiên Long,cây,7000.0,35,lecturer_sample,2025-10,35000.0,0.0,35000.0
ORD000273,P0003,3,14000.0,C0156,2025-10-19 01:14:00,transfer,online,0.0,Hải Phòng,retail,2024-03-22,Vở ô ly 96 trang,Vở và giấy,Hồng Hà,quyển,14000.0,35,lecturer_sample,2025-10,42000.0,0.0,42000.0
ORD000273,P0017,4,9000.0,C0156,2025-10-19 01:14:00,transfer,online,0.0,Hải Phòng,retail,2024-03-22,Bút chì 2B,Bút viết,Staedtler,cây,9000.0,45,lecturer_sample,2025-10,36000.0,0.0,36000.0
ORD000274,P0070,2,2944118.0,C0036,2025-03-25 19:14:00,e-wallet,offline,20000.0,TP. Hồ Chí Minh,retail,2023-12-22,Apple Airpods,Phụ kiện máy tính,Apple,cái,3249750.0,13,public_api,2025-03,5888236.0,20000.0,5868236.0
ORD000275,P0040,4,16839.0,C0113,2025-11-12 23:44:00,cash,online,0.0,Đà Nẵng,student,2024-04-10,Kẹp giấy 33 mm,Hồ sơ và lưu trữ,Plus,hộp,18000.0,30,lecturer_sample,2025-11,67356.0,0.0,67356.0
ORD000275,P0022,5,18000.0,C0113,2025-11-12 23:44:00,cash,online,0.0,Đà Nẵng,student,2024-04-10,Thước ê ke 2 chiếc,Dụng cụ học tập,Deli,bộ,18000.0,20,lecturer_sample,2025-11,90000.0,0.0,90000.0
ORD000276,P0010,2,165000.0,C0135,2025-11-26 03:50:00,cash,website,0.0,Cần Thơ,retail,2024-01-26,Giấy photo A3 70 gsm,Vở và giấy,Double A,ram,165000.0,10,lecturer_sample,2025-11,330000.0,0.0,330000.0
ORD000277,P0056,3,180000.0,C0102,2025-01-22 00:24:00,e-wallet,website,0.0,Cần Thơ,retail,2024-06-04,Cáp HDMI 2 m,Phụ kiện máy tính,Ugreen,sợi,180000.0,12,lecturer_sample,2025-01,540000.0,0.0,540000.0
ORD000277,P0005,4,79000.0,C0102,2025-01-22 00:24:00,e-wallet,website,0.0,Cần Thơ,retail,2024-06-04,Sổ tay bìa da A5,Vở và giấy,OEM,quyển,79000.0,15,lecturer_sample,2025-01,316000.0,0.0,316000.0
ORD000278,P0077,5,1707183.0,C0014,2025-12-21 00:57:00,cash,offline,0.0,Biên Hòa,retail,2024-12-05,Tipping the Velvet,Sách,Unknown,quyển,1773420.0,19,public_website,2025-12,8535915.0,0.0,8535915.0
ORD000278,P0083,2,591690.0,C0014,2025-12-21 00:57:00,cash,offline,0.0,Biên Hòa,retail,2024-12-05,"The Coming Woman: A Novel Based on the Life of the Infamous Feminist, Victoria Woodhull",Sách,Unknown,quyển,591690.0,10,public_website,2025-12,1183380.0,0.0,1183380.0
ORD000279,P0083,2,539100.0,C0083,2025-08-19 16:11:00,cash,offline,0.0,Cần Thơ,retail,2024-07-17,"The Coming Woman: A Novel Based on the Life of the Infamous Feminist, Victoria Woodhull",Sách,Unknown,quyển,591690.0,10,public_website,2025-08,1078200.0,0.0,1078200.0
ORD000279,P0082,1,1052984.0,C0083,2025-08-19 16:11:00,cash,offline,0.0,Cần Thơ,retail,2024-07-17,The Dirty Little Secrets of Getting Your Dream Job,Sách,Unknown,quyển,1100220.0,8,public_website,2025-08,1052984.0,0.0,1052984.0
ORD000280,P0088,9,576180.0,C0022,2025-09-27 03:24:00,transfer,offline,20000.0,TP. Hồ Chí Minh,wholesale,2024-11-21,Set Me Free,Sách,Unknown,quyển,576180.0,24,public_website,2025-09,5185620.0,13816.124967029102,5171803.875032971
ORD000280,P0015,27,45000.0,C0022,2025-09-27 03:24:00,transfer,offline,20000.0,TP. Hồ Chí Minh,wholesale,2024-11-21,Bút máy học sinh,Bút viết,Hồng Hà,cây,45000.0,20,lecturer_sample,2025-09,1215000.0,3237.1426820593024,1211762.8573179408
ORD000280,P0005,14,79000.0,C0022,2025-09-27 03:24:00,transfer,offline,20000.0,TP. Hồ Chí Minh,wholesale,2024-11-21,Sổ tay bìa da A5,Vở và giấy,OEM,quyển,79000.0,15,lecturer_sample,2025-09,1106000.0,2946.7323509115954,1103053.2676490885
ORD000281,P0083,3,591690.0,C0197,2025-08-17 20:40:00,cash,online,0.0,Hải Phòng,student,2024-04-02,"The Coming Woman: A Novel Based on the Life of the Infamous Feminist, Victoria Woodhull",Sách,Unknown,quyển,591690.0,10,public_website,2025-08,1775070.0,0.0,1775070.0
ORD000282,P0079,4,1578060.0,C0128,2025-09-14 00:51:00,e-wallet,online,0.0,Biên Hòa,retail,2023-12-17,Sharp Objects,Sách,Unknown,quyển,1578060.0,24,public_website,2025-09,6312240.0,0.0,6312240.0
ORD000282,P0089,5,1725570.0,C0128,2025-09-14 00:51:00,e-wallet,online,0.0,Biên Hòa,retail,2023-12-17,Scott Pilgrim's Precious Little Life (Scott Pilgrim #1),Sách,Unknown,quyển,1725570.0,27,public_website,2025-09,8627850.0,0.0,8627850.0
ORD000283,P0076,1,1708410.0,C0141,2025-05-24 01:40:00,card,offline,5000.0,Nha Trang,retail,2024-11-24,A Light in the Attic,Sách,Unknown,quyển,1708410.0,16,public_website,2025-05,1708410.0,1047.3735747060396,1707362.626425294
ORD000283,P0089,4,1578069.0,C0141,2025-05-24 01:40:00,card,offline,5000.0,Nha Trang,retail,2024-11-24,Scott Pilgrim's Precious Little Life (Scott Pilgrim #1),Sách,Unknown,quyển,1725570.0,27,public_website,2025-05,6312276.0,3869.8620814974975,6308406.137918502
ORD000283,P0015,3,45000.0,C0141,2025-05-24 01:40:00,card,offline,5000.0,Nha Trang,retail,2024-11-24,Bút máy học sinh,Bút viết,Hồng Hà,cây,45000.0,20,lecturer_sample,2025-05,135000.0,82.76434379646298,134917.23565620353
ORD000284,P0016,4,24206.0,C0178,2025-12-26 01:36:00,card,offline,20000.0,Hà Nội,retail,2024-06-27,Ống mực bút máy xanh,Bút viết,Hồng Hà,hộp,25000.0,25,lecturer_sample,2025-12,96824.0,1437.8122159985269,95386.18778400148
ORD000284,P0040,5,18000.0,C0178,2025-12-26 01:36:00,card,offline,20000.0,Hà Nội,retail,2024-06-27,Kẹp giấy 33 mm,Hồ sơ và lưu trữ,Plus,hộp,18000.0,30,lecturer_sample,2025-12,90000.0,1336.4775204481061,88663.52247955189
ORD000284,P0052,4,290000.0,C0178,2025-12-26 01:36:00,card,offline,20000.0,Hà Nội,retail,2024-06-27,Bàn phím có dây,Phụ kiện máy tính,Logitech,chiếc,290000.0,8,lecturer_sample,2025-12,1160000.0,17225.710263553367,1142774.2897364467
ORD000285,P0019,5,21753.0,C0178,2025-05-21 21:33:00,e-wallet,shopee,5000.0,Hà Nội,retail,2024-06-27,Ruột chì kim 0.5 mm,Bút viết,Pentel,hộp,22000.0,25,lecturer_sample,2025-05,108765.0,5000.0,103765.0
ORD000286,P0047,2,71834.0,C0074,2025-08-08 01:54:00,e-wallet,online,0.0,Biên Hòa,retail,2024-08-28,Máy dập ghim số 10,Thiết bị văn phòng,Max,chiếc,78000.0,15,lecturer_sample,2025-08,143668.0,0.0,143668.0
ORD000286,P0032,3,10802.0,C0074,2025-08-08 01:54:00,e-wallet,online,0.0,Biên Hòa,retail,2024-08-28,Bìa nút A4,Hồ sơ và lưu trữ,Deli,chiếc,12000.0,35,lecturer_sample,2025-08,32406.0,0.0,32406.0
ORD000286,P0006,1,82000.0,C0074,2025-08-08 01:54:00,e-wallet,online,0.0,Biên Hòa,retail,2024-08-28,Giấy in A4 70 gsm,Vở và giấy,Double A,ram,82000.0,25,lecturer_sample,2025-08,82000.0,0.0,82000.0
ORD000287,P0055,22,257351.0,C0204,2025-03-03 03:54:00,cash,offline,0.0,Cần Thơ,wholesale,2023-12-11,Thẻ nhớ microSD 64 GB,Phụ kiện máy tính,SanDisk,chiếc,280000.0,10,lecturer_sample,2025-03,5661722.0,0.0,5661722.0
ORD000288,P0007,3,99000.0,C0164,2025-04-15 03:18:00,cash,shopee,0.0,Biên Hòa,retail,2024-11-18,Giấy in A4 80 gsm,Vở và giấy,PaperOne,ram,99000.0,20,lecturer_sample,2025-04,297000.0,0.0,297000.0
ORD000288,P0043,5,3190000.0,C0164,2025-04-15 03:18:00,cash,shopee,0.0,Biên Hòa,retail,2024-11-18,Máy in laser đơn sắc,Thiết bị văn phòng,Brother,chiếc,3190000.0,3,lecturer_sample,2025-04,15950000.0,0.0,15950000.0
ORD000288,P0048,1,11010.0,C0164,2025-04-15 03:18:00,cash,shopee,0.0,Biên Hòa,retail,2024-11-18,Kim bấm số 10,Thiết bị văn phòng,Max,hộp,12000.0,35,lecturer_sample,2025-04,11010.0,0.0,11010.0
ORD000289,P0074,4,452295.0,C0214,2025-06-24 02:30:00,card,online,0.0,Biên Hòa,student,2024-05-31,Apple iPhone Charger,Phụ kiện máy tính,Apple,cái,499750.0,6,public_api,2025-06,1809180.0,0.0,1809180.0
ORD000289,P0058,5,350000.0,C0214,2025-06-24 02:30:00,card,online,0.0,Biên Hòa,student,2024-05-31,Bộ chia USB 4 cổng,Phụ kiện máy tính,Ugreen,chiếc,350000.0,8,lecturer_sample,2025-06,1750000.0,0.0,1750000.0
ORD000289,P0043,3,3190000.0,C0214,2025-06-24 02:30:00,card,online,0.0,Biên Hòa,student,2024-05-31,Máy in laser đơn sắc,Thiết bị văn phòng,Brother,chiếc,3190000.0,3,lecturer_sample,2025-06,9570000.0,0.0,9570000.0
ORD000289,P0082,1,1100220.0,C0214,2025-06-24 02:30:00,card,online,0.0,Biên Hòa,student,2024-05-31,The Dirty Little Secrets of Getting Your Dream Job,Sách,Unknown,quyển,1100220.0,8,public_website,2025-06,1100220.0,0.0,1100220.0
ORD000290,P0032,1,11612.0,C0176,2025-06-20 04:58:00,e-wallet,offline,0.0,Hải Phòng,retail,2024-11-23,Bìa nút A4,Hồ sơ và lưu trữ,Deli,chiếc,12000.0,35,lecturer_sample,2025-06,11612.0,0.0,11612.0
ORD000290,P0025,3,13867.0,C0176,2025-06-20 04:58:00,e-wallet,offline,0.0,Hải Phòng,retail,2024-11-23,Gọt bút chì có hộp,Dụng cụ học tập,Deli,chiếc,15000.0,25,lecturer_sample,2025-06,41601.0,0.0,41601.0
ORD000290,P0004,1,42000.0,C0176,2025-06-20 04:58:00,e-wallet,offline,0.0,Hải Phòng,retail,2024-11-23,Sổ lò xo A5 200 trang,Vở và giấy,Hải Tiến,quyển,42000.0,20,lecturer_sample,2025-06,42000.0,0.0,42000.0
ORD000290,P0089,2,1725570.0,C0176,2025-06-20 04:58:00,e-wallet,offline,0.0,Hải Phòng,retail,2024-11-23,Scott Pilgrim's Precious Little Life (Scott Pilgrim #1),Sách,Unknown,quyển,1725570.0,27,public_website,2025-06,3451140.0,0.0,3451140.0
ORD000291,P0010,1,161939.0,C0213,2025-06-04 19:33:00,cash,offline,0.0,Biên Hòa,retail,2024-06-30,Giấy photo A3 70 gsm,Vở và giấy,Double A,ram,165000.0,10,lecturer_sample,2025-06,161939.0,0.0,161939.0
ORD000291,P0072,2,1999750.0,C0213,2025-06-04 19:33:00,cash,offline,0.0,Biên Hòa,retail,2024-06-30,Apple Airpower Wireless Charger,Phụ kiện máy tính,Apple,cái,1999750.0,1,public_api,2025-06,3999500.0,0.0,3999500.0
ORD000292,P0070,1,3249750.0,C0124,2025-09-26 20:49:00,transfer,offline,0.0,Nha Trang,retail,2024-02-26,Apple Airpods,Phụ kiện máy tính,Apple,cái,3249750.0,13,public_api,2025-09,3249750.0,0.0,3249750.0
ORD000292,P0009,5,18000.0,C0124,2025-09-26 20:49:00,transfer,offline,0.0,Nha Trang,retail,2024-02-26,Giấy note 3 x 3 inch,Vở và giấy,Deli,xấp,18000.0,30,lecturer_sample,2025-09,90000.0,0.0,90000.0
ORD000293,P0008,3,65000.0,C0080,2025-01-24 02:54:00,cash,online,20000.0,Biên Hòa,retail,2024-08-02,Giấy màu A4 100 tờ,Vở và giấy,IK Plus,xấp,65000.0,15,lecturer_sample,2025-01,195000.0,13978.494623655915,181021.50537634408
ORD000293,P0042,2,42000.0,C0080,2025-01-24 02:54:00,cash,online,20000.0,Biên Hòa,retail,2024-08-02,Pin AAA 4 viên,Thiết bị văn phòng,Panasonic,vỉ,42000.0,22,lecturer_sample,2025-01,84000.0,6021.5053763440865,77978.49462365592
ORD000294,P0039,5,28000.0,C0050,2025-05-27 20:34:00,cash,offline,20000.0,Hà Nội,retail,2024-08-04,Kẹp bướm 25 mm,Hồ sơ và lưu trữ,Deli,hộp,28000.0,25,lecturer_sample,2025-05,140000.0,19310.344827586207,120689.6551724138
ORD000294,P0012,1,5000.0,C0050,2025-05-27 20:34:00,cash,offline,20000.0,Hà Nội,retail,2024-08-04,Bút bi đen 0.5 mm,Bút viết,Thiên Long,cây,5000.0,60,lecturer_sample,2025-05,5000.0,689.6551724137931,4310.3448275862065
ORD000295,P0063,15,34999750.0,C0090,2025-10-09 21:17:00,cash,offline,0.0,TP. Hồ Chí Minh,wholesale,2024-01-02,Huawei Matebook X Pro,Thiết bị văn phòng,Huawei,chiếc,34999750.0,15,public_api,2025-10,524996250.0,0.0,524996250.0
ORD000295,P0045,6,1850000.0,C0090,2025-10-09 21:17:00,cash,offline,0.0,TP. Hồ Chí Minh,wholesale,2024-01-02,Máy hủy tài liệu,Thiết bị văn phòng,Silicon,chiếc,1850000.0,3,lecturer_sample,2025-10,11100000.0,0.0,11100000.0
ORD000296,P0008,6,65000.0,C0121,2025-12-12 16:06:00,e-wallet,online,0.0,Nha Trang,office,2024-09-09,Giấy màu A4 100 tờ,Vở và giấy,IK Plus,xấp,65000.0,15,lecturer_sample,2025-12,390000.0,0.0,390000.0
ORD000296,P0035,5,15366.0,C0121,2025-12-12 16:06:00,e-wallet,online,0.0,Nha Trang,office,2024-09-09,Túi hồ sơ dây buộc,Hồ sơ và lưu trữ,Hồng Hà,chiếc,16000.0,25,lecturer_sample,2025-12,76830.0,0.0,76830.0
ORD000297,P0012,4,5000.0,C0137,2025-02-11 04:48:00,e-wallet,offline,0.0,Huế,student,2024-07-07,Bút bi đen 0.5 mm,Bút viết,Thiên Long,cây,5000.0,60,lecturer_sample,2025-02,20000.0,0.0,20000.0
ORD000297,P0076,2,1708410.0,C0137,2025-02-11 04:48:00,e-wallet,offline,0.0,Huế,student,2024-07-07,A Light in the Attic,Sách,Unknown,quyển,1708410.0,16,public_website,2025-02,3416820.0,0.0,3416820.0
ORD000298,P0085,1,1720950.0,C0158,2025-05-13 21:25:00,card,online,0.0,TP. Hồ Chí Minh,retail,2024-10-05,The Black Maria,Sách,Unknown,quyển,1720950.0,16,public_website,2025-05,1720950.0,0.0,1720950.0
ORD000299,P0026,1,61617.0,C0029,2025-06-29 23:29:00,cash,offline,0.0,Huế,retail,2024-09-13,Hộp bút vải,Dụng cụ học tập,OEM,chiếc,65000.0,15,lecturer_sample,2025-06,61617.0,0.0,61617.0
ORD000299,P0032,4,12000.0,C0029,2025-06-29 23:29:00,cash,offline,0.0,Huế,retail,2024-09-13,Bìa nút A4,Hồ sơ và lưu trữ,Deli,chiếc,12000.0,35,lecturer_sample,2025-06,48000.0,0.0,48000.0
ORD000299,P0045,2,1850000.0,C0029,2025-06-29 23:29:00,cash,offline,0.0,Huế,retail,2024-09-13,Máy hủy tài liệu,Thiết bị văn phòng,Silicon,chiếc,1850000.0,3,lecturer_sample,2025-06,3700000.0,0.0,3700000.0
ORD000300,P0019,4,22000.0,C0141,2025-03-23 23:24:00,e-wallet,shopee,0.0,Nha Trang,retail,2024-11-24,Ruột chì kim 0.5 mm,Bút viết,Pentel,hộp,22000.0,25,lecturer_sample,2025-03,88000.0,0.0,88000.0
ORD000301,P0059,5,55000.0,C0088,2025-10-07 03:15:00,e-wallet,offline,0.0,Đà Nẵng,retail,2024-08-11,Tấm lót chuột,Phụ kiện máy tính,OEM,chiếc,55000.0,20,lecturer_sample,2025-10,275000.0,0.0,275000.0
ORD000302,P0036,25,185000.0,C0143,2025-02-19 23:11:00,e-wallet,offline,0.0,Huế,wholesale,2024-01-02,Khay tài liệu 3 tầng,Hồ sơ và lưu trữ,Deli,bộ,185000.0,8,lecturer_sample,2025-02,4625000.0,0.0,4625000.0
ORD000302,P0053,7,165000.0,C0143,2025-02-19 23:11:00,e-wallet,offline,0.0,Huế,wholesale,2024-01-02,USB 32 GB,Phụ kiện máy tính,SanDisk,chiếc,165000.0,15,lecturer_sample,2025-02,1155000.0,0.0,1155000.0
ORD000303,P0069,3,2499750.0,C0036,2025-10-26 04:40:00,e-wallet,offline,0.0,TP. Hồ Chí Minh,retail,2023-12-22,Amazon Echo Plus,Phụ kiện máy tính,Amazon,cái,2499750.0,12,public_api,2025-10,7499250.0,0.0,7499250.0
ORD000303,P0040,3,17717.0,C0036,2025-10-26 04:40:00,e-wallet,offline,0.0,TP. Hồ Chí Minh,retail,2023-12-22,Kẹp giấy 33 mm,Hồ sơ và lưu trữ,Plus,hộp,18000.0,30,lecturer_sample,2025-10,53151.0,0.0,53151.0
ORD000303,P0026,3,61909.0,C0036,2025-10-26 04:40:00,e-wallet,offline,0.0,TP. Hồ Chí Minh,retail,2023-12-22,Hộp bút vải,Dụng cụ học tập,OEM,chiếc,65000.0,15,lecturer_sample,2025-10,185727.0,0.0,185727.0
ORD000304,P0027,10,85775.0,C0157,2025-09-19 22:54:00,cash,offline,0.0,Hải Phòng,office,2023-12-21,Bộ màu sáp 24 màu,Dụng cụ học tập,Crayola,bộ,92000.0,12,lecturer_sample,2025-09,857750.0,0.0,857750.0
ORD000305,P0035,4,16000.0,C0073,2025-01-16 19:27:00,transfer,shopee,0.0,Hải Phòng,retail,2024-01-22,Túi hồ sơ dây buộc,Hồ sơ và lưu trữ,Hồng Hà,chiếc,16000.0,25,lecturer_sample,2025-01,64000.0,0.0,64000.0
ORD000305,P0028,5,78000.0,C0073,2025-01-16 19:27:00,transfer,shopee,0.0,Hải Phòng,retail,2024-01-22,Bộ màu nước 12 màu,Dụng cụ học tập,Pentel,bộ,78000.0,12,lecturer_sample,2025-01,390000.0,0.0,390000.0
ORD000306,P0059,4,53923.0,C0093,2025-08-02 18:18:00,cash,offline,0.0,TP. Hồ Chí Minh,retail,2023-12-18,Tấm lót chuột,Phụ kiện máy tính,OEM,chiếc,55000.0,20,lecturer_sample,2025-08,215692.0,0.0,215692.0
ORD000306,P0013,5,4780.0,C0093,2025-08-02 18:18:00,cash,offline,0.0,TP. Hồ Chí Minh,retail,2023-12-18,Bút bi đỏ 0.5 mm,Bút viết,Thiên Long,cây,5000.0,50,lecturer_sample,2025-08,23900.0,0.0,23900.0
ORD000306,P0008,4,65000.0,C0093,2025-08-02 18:18:00,cash,offline,0.0,TP. Hồ Chí Minh,retail,2023-12-18,Giấy màu A4 100 tờ,Vở và giấy,IK Plus,xấp,65000.0,15,lecturer_sample,2025-08,260000.0,0.0,260000.0
ORD000306,P0002,5,16823.0,C0093,2025-08-02 18:18:00,cash,offline,0.0,TP. Hồ Chí Minh,retail,2023-12-18,Vở kẻ ngang 120 trang,Vở và giấy,Campus,quyển,18000.0,30,lecturer_sample,2025-08,84115.0,0.0,84115.0
ORD000306,P0043,2,3190000.0,C0093,2025-08-02 18:18:00,cash,offline,0.0,TP. Hồ Chí Minh,retail,2023-12-18,Máy in laser đơn sắc,Thiết bị văn phòng,Brother,chiếc,3190000.0,3,lecturer_sample,2025-08,6380000.0,0.0,6380000.0
ORD000306,P0006,5,82000.0,C0093,2025-08-02 18:18:00,cash,offline,0.0,TP. Hồ Chí Minh,retail,2023-12-18,Giấy in A4 70 gsm,Vở và giấy,Double A,ram,82000.0,25,lecturer_sample,2025-08,410000.0,0.0,410000.0
ORD000307,P0085,4,1561256.0,C0128,2025-05-03 03:32:00,card,offline,50000.0,Biên Hòa,retail,2023-12-17,The Black Maria,Sách,Unknown,quyển,1720950.0,16,public_website,2025-05,6245024.0,39810.72479592381,6205213.275204076
ORD000307,P0052,5,286674.0,C0128,2025-05-03 03:32:00,card,offline,50000.0,Biên Hòa,retail,2023-12-17,Bàn phím có dây,Phụ kiện máy tính,Logitech,chiếc,290000.0,8,lecturer_sample,2025-05,1433370.0,9137.434636077189,1424232.5653639229
ORD000307,P0059,3,55000.0,C0128,2025-05-03 03:32:00,card,offline,50000.0,Biên Hòa,retail,2023-12-17,Tấm lót chuột,Phụ kiện máy tính,OEM,chiếc,55000.0,20,lecturer_sample,2025-05,165000.0,1051.8405679990067,163948.159432001
ORD000308,P0056,22,167062.0,C0021,2025-09-26 01:05:00,cash,shopee,0.0,Hải Phòng,wholesale,2024-05-27,Cáp HDMI 2 m,Phụ kiện máy tính,Ugreen,sợi,180000.0,12,lecturer_sample,2025-09,3675364.0,0.0,3675364.0
ORD000309,P0040,3,18000.0,C0014,2025-06-26 00:49:00,card,offline,0.0,Biên Hòa,retail,2024-12-05,Kẹp giấy 33 mm,Hồ sơ và lưu trữ,Plus,hộp,18000.0,30,lecturer_sample,2025-06,54000.0,0.0,54000.0
ORD000310,P0072,3,1912138.0,C0010,2025-12-23 01:47:00,transfer,online,0.0,Cần Thơ,retail,2024-05-20,Apple Airpower Wireless Charger,Phụ kiện máy tính,Apple,cái,1999750.0,1,public_api,2025-12,5736414.0,0.0,5736414.0
ORD000310,P0024,3,8000.0,C0010,2025-12-23 01:47:00,transfer,online,0.0,Cần Thơ,retail,2024-05-20,Tẩy chì trắng,Dụng cụ học tập,Staedtler,viên,8000.0,40,lecturer_sample,2025-12,24000.0,0.0,24000.0
ORD000311,P0023,5,40292.0,C0033,2025-09-16 17:54:00,cash,online,0.0,Cần Thơ,student,2024-08-29,Compa học sinh,Dụng cụ học tập,Maped,chiếc,42000.0,15,lecturer_sample,2025-09,201460.0,0.0,201460.0
ORD000311,P0055,3,258584.0,C0033,2025-09-16 17:54:00,cash,online,0.0,Cần Thơ,student,2024-08-29,Thẻ nhớ microSD 64 GB,Phụ kiện máy tính,SanDisk,chiếc,280000.0,10,lecturer_sample,2025-09,775752.0,0.0,775752.0
ORD000311,P0025,2,15000.0,C0033,2025-09-16 17:54:00,cash,online,0.0,Cần Thơ,student,2024-08-29,Gọt bút chì có hộp,Dụng cụ học tập,Deli,chiếc,15000.0,25,lecturer_sample,2025-09,30000.0,0.0,30000.0
ORD000312,P0088,7,576180.0,C0205,2025-09-28 16:21:00,transfer,offline,0.0,Nha Trang,office,2024-06-07,Set Me Free,Sách,Unknown,quyển,576180.0,24,public_website,2025-09,4033260.0,0.0,4033260.0
ORD000312,P0076,6,1555404.0,C0205,2025-09-28 16:21:00,transfer,offline,0.0,Nha Trang,office,2024-06-07,A Light in the Attic,Sách,Unknown,quyển,1708410.0,16,public_website,2025-09,9332424.0,0.0,9332424.0
ORD000312,P0069,4,2499750.0,C0205,2025-09-28 16:21:00,transfer,offline,0.0,Nha Trang,office,2024-06-07,Amazon Echo Plus,Phụ kiện máy tính,Amazon,cái,2499750.0,12,public_api,2025-09,9999000.0,0.0,9999000.0
ORD000312,P0051,9,320000.0,C0205,2025-09-28 16:21:00,transfer,offline,0.0,Nha Trang,office,2024-06-07,Chuột không dây,Phụ kiện máy tính,Logitech,chiếc,320000.0,10,lecturer_sample,2025-09,2880000.0,0.0,2880000.0
ORD000312,P0035,10,16000.0,C0205,2025-09-28 16:21:00,transfer,offline,0.0,Nha Trang,office,2024-06-07,Túi hồ sơ dây buộc,Hồ sơ và lưu trữ,Hồng Hà,chiếc,16000.0,25,lecturer_sample,2025-09,160000.0,0.0,160000.0
ORD000312,P0058,12,329950.0,C0205,2025-09-28 16:21:00,transfer,offline,0.0,Nha Trang,office,2024-06-07,Bộ chia USB 4 cổng,Phụ kiện máy tính,Ugreen,chiếc,350000.0,8,lecturer_sample,2025-09,3959400.0,0.0,3959400.0
ORD000313,P0074,22,499750.0,C0038,2025-09-29 22:00:00,cash,offline,0.0,Nha Trang,wholesale,2024-06-12,Apple iPhone Charger,Phụ kiện máy tính,Apple,cái,499750.0,6,public_api,2025-09,10994500.0,0.0,10994500.0
ORD000313,P0035,18,16000.0,C0038,2025-09-29 22:00:00,cash,offline,0.0,Nha Trang,wholesale,2024-06-12,Túi hồ sơ dây buộc,Hồ sơ và lưu trữ,Hồng Hà,chiếc,16000.0,25,lecturer_sample,2025-09,288000.0,0.0,288000.0
ORD000314,P0009,5,17042.0,C0167,2025-05-20 21:17:00,transfer,shopee,0.0,Nha Trang,student,2024-07-11,Giấy note 3 x 3 inch,Vở và giấy,Deli,xấp,18000.0,30,lecturer_sample,2025-05,85210.0,0.0,85210.0
ORD000314,P0058,2,350000.0,C0167,2025-05-20 21:17:00,transfer,shopee,0.0,Nha Trang,student,2024-07-11,Bộ chia USB 4 cổng,Phụ kiện máy tính,Ugreen,chiếc,350000.0,8,lecturer_sample,2025-05,700000.0,0.0,700000.0
ORD000315,P0037,28,95000.0,C0003,2025-12-11 16:53:00,e-wallet,offline,0.0,TP. Hồ Chí Minh,wholesale,2024-12-09,Cặp tài liệu A4,Hồ sơ và lưu trữ,OEM,chiếc,95000.0,10,lecturer_sample,2025-12,2660000.0,0.0,2660000.0
ORD000316,P0086,1,420488.0,C0050,2025-01-18 16:39:00,transfer,website,0.0,Hà Nội,retail,2024-08-04,"Starving Hearts (Triangular Trade Trilogy, #1)",Sách,Unknown,quyển,461670.0,19,public_website,2025-01,420488.0,0.0,420488.0
ORD000317,P0083,1,591690.0,C0220,2025-11-06 18:24:00,card,offline,0.0,Hải Phòng,student,2024-07-15,"The Coming Woman: A Novel Based on the Life of the Infamous Feminist, Victoria Woodhull",Sách,Unknown,quyển,591690.0,10,public_website,2025-11,591690.0,0.0,591690.0
ORD000317,P0050,3,404166.0,C0220,2025-11-06 18:24:00,card,offline,0.0,Hải Phòng,student,2024-07-15,Bảng trắng 60 x 90 cm,Thiết bị văn phòng,Bavico,chiếc,420000.0,5,lecturer_sample,2025-11,1212498.0,0.0,1212498.0
ORD000317,P0088,3,576180.0,C0220,2025-11-06 18:24:00,card,offline,0.0,Hải Phòng,student,2024-07-15,Set Me Free,Sách,Unknown,quyển,576180.0,24,public_website,2025-11,1728540.0,0.0,1728540.0
ORD000318,P0035,13,16000.0,C0200,2025-02-07 20:49:00,card,website,0.0,Biên Hòa,wholesale,2024-03-18,Túi hồ sơ dây buộc,Hồ sơ và lưu trữ,Hồng Hà,chiếc,16000.0,25,lecturer_sample,2025-02,208000.0,0.0,208000.0
ORD000319,P0058,12,350000.0,C0018,2025-09-09 19:39:00,e-wallet,offline,0.0,Cần Thơ,office,2024-03-23,Bộ chia USB 4 cổng,Phụ kiện máy tính,Ugreen,chiếc,350000.0,8,lecturer_sample,2025-09,4200000.0,0.0,4200000.0
ORD000319,P0010,9,150034.0,C0018,2025-09-09 19:39:00,e-wallet,offline,0.0,Cần Thơ,office,2024-03-23,Giấy photo A3 70 gsm,Vở và giấy,Double A,ram,165000.0,10,lecturer_sample,2025-09,1350306.0,0.0,1350306.0
ORD000320,P0039,3,28000.0,C0019,2025-02-07 01:46:00,cash,shopee,5000.0,TP. Hồ Chí Minh,retail,2024-03-26,Kẹp bướm 25 mm,Hồ sơ và lưu trữ,Deli,hộp,28000.0,25,lecturer_sample,2025-02,84000.0,236.83774246263886,83763.16225753736
ORD000320,P0083,3,563122.0,C0019,2025-02-07 01:46:00,cash,shopee,5000.0,TP. Hồ Chí Minh,retail,2024-03-26,"The Coming Woman: A Novel Based on the Life of the Infamous Feminist, Victoria Woodhull",Sách,Unknown,quyển,591690.0,10,public_website,2025-02,1689366.0,4763.162257537361,1684602.8377424628
ORD000321,P0036,1,185000.0,C0132,2025-12-30 04:31:00,cash,online,0.0,Cần Thơ,retail,2024-01-02,Khay tài liệu 3 tầng,Hồ sơ và lưu trữ,Deli,bộ,185000.0,8,lecturer_sample,2025-12,185000.0,0.0,185000.0
ORD000321,P0066,4,12499750.0,C0132,2025-12-30 04:31:00,cash,online,0.0,Cần Thơ,retail,2024-01-02,iPad Mini 2021 Starlight,Thiết bị văn phòng,Apple,chiếc,12499750.0,9,public_api,2025-12,49999000.0,0.0,49999000.0
ORD000322,P0006,19,75940.0,C0138,2025-07-03 21:43:00,card,offline,0.0,Nha Trang,wholesale,2024-05-06,Giấy in A4 70 gsm,Vở và giấy,Double A,ram,82000.0,25,lecturer_sample,2025-07,1442860.0,0.0,1442860.0
ORD000322,P0058,11,350000.0,C0138,2025-07-03 21:43:00,card,offline,0.0,Nha Trang,wholesale,2024-05-06,Bộ chia USB 4 cổng,Phụ kiện máy tính,Ugreen,chiếc,350000.0,8,lecturer_sample,2025-07,3850000.0,0.0,3850000.0
ORD000323,P0035,4,14602.0,C0011,2025-07-17 02:12:00,e-wallet,offline,0.0,Huế,retail,2024-12-22,Túi hồ sơ dây buộc,Hồ sơ và lưu trữ,Hồng Hà,chiếc,16000.0,25,lecturer_sample,2025-07,58408.0,0.0,58408.0
ORD000323,P0010,2,165000.0,C0011,2025-07-17 02:12:00,e-wallet,offline,0.0,Huế,retail,2024-12-22,Giấy photo A3 70 gsm,Vở và giấy,Double A,ram,165000.0,10,lecturer_sample,2025-07,330000.0,0.0,330000.0
ORD000324,P0048,1,12000.0,C0152,2025-05-03 23:24:00,e-wallet,website,0.0,Hải Phòng,retail,2024-07-11,Kim bấm số 10,Thiết bị văn phòng,Max,hộp,12000.0,35,lecturer_sample,2025-05,12000.0,0.0,12000.0
ORD000325,P0012,22,5000.0,C0015,2025-06-23 04:46:00,e-wallet,website,0.0,TP. Hồ Chí Minh,wholesale,2024-06-08,Bút bi đen 0.5 mm,Bút viết,Thiên Long,cây,5000.0,60,lecturer_sample,2025-06,110000.0,0.0,110000.0
ORD000326,P0044,1,895957.0,C0149,2025-04-30 17:02:00,transfer,offline,0.0,Cần Thơ,retail,2024-02-25,Mực in laser đen,Thiết bị văn phòng,Brother,hộp,920000.0,5,lecturer_sample,2025-04,895957.0,0.0,895957.0
ORD000326,P0003,1,14000.0,C0149,2025-04-30 17:02:00,transfer,offline,0.0,Cần Thơ,retail,2024-02-25,Vở ô ly 96 trang,Vở và giấy,Hồng Hà,quyển,14000.0,35,lecturer_sample,2025-04,14000.0,0.0,14000.0
ORD000326,P0055,2,253612.0,C0149,2025-04-30 17:02:00,transfer,offline,0.0,Cần Thơ,retail,2024-02-25,Thẻ nhớ microSD 64 GB,Phụ kiện máy tính,SanDisk,chiếc,280000.0,10,lecturer_sample,2025-04,507224.0,0.0,507224.0
ORD000327,P0055,5,280000.0,C0210,2025-02-24 17:31:00,e-wallet,offline,0.0,Hà Nội,retail,2024-09-12,Thẻ nhớ microSD 64 GB,Phụ kiện máy tính,SanDisk,chiếc,280000.0,10,lecturer_sample,2025-02,1400000.0,0.0,1400000.0
ORD000327,P0006,3,79653.0,C0210,2025-02-24 17:31:00,e-wallet,offline,0.0,Hà Nội,retail,2024-09-12,Giấy in A4 70 gsm,Vở và giấy,Double A,ram,82000.0,25,lecturer_sample,2025-02,238959.0,0.0,238959.0
ORD000327,P0043,1,3190000.0,C0210,2025-02-24 17:31:00,e-wallet,offline,0.0,Hà Nội,retail,2024-09-12,Máy in laser đơn sắc,Thiết bị văn phòng,Brother,chiếc,3190000.0,3,lecturer_sample,2025-02,3190000.0,0.0,3190000.0
ORD000328,P0038,5,35000.0,C0086,2025-02-02 17:17:00,transfer,offline,0.0,Hà Nội,student,2024-09-19,Nhãn dán phân loại,Hồ sơ và lưu trữ,Avery,xấp,35000.0,18,lecturer_sample,2025-02,175000.0,0.0,175000.0
ORD000329,P0002,4,18000.0,C0026,2025-11-21 01:24:00,e-wallet,shopee,20000.0,Hà Nội,retail,2024-12-25,Vở kẻ ngang 120 trang,Vở và giấy,Campus,quyển,18000.0,30,lecturer_sample,2025-11,72000.0,13211.009174311926,58788.99082568807
ORD000329,P0011,2,5000.0,C0026,2025-11-21 01:24:00,e-wallet,shopee,20000.0,Hà Nội,retail,2024-12-25,Bút bi xanh 0.5 mm,Bút viết,Thiên Long,cây,5000.0,70,lecturer_sample,2025-11,10000.0,1834.862385321101,8165.137614678899
ORD000329,P0017,3,9000.0,C0026,2025-11-21 01:24:00,e-wallet,shopee,20000.0,Hà Nội,retail,2024-12-25,Bút chì 2B,Bút viết,Staedtler,cây,9000.0,45,lecturer_sample,2025-11,27000.0,4954.128440366972,22045.87155963303
ORD000330,P0053,5,165000.0,C0106,2025-05-03 18:39:00,card,offline,20000.0,Đà Nẵng,retail,2024-01-20,USB 32 GB,Phụ kiện máy tính,SanDisk,chiếc,165000.0,15,lecturer_sample,2025-05,825000.0,561.3712864779062,824438.6287135221
ORD000330,P0064,1,27167312.0,C0106,2025-05-03 18:39:00,card,offline,20000.0,Đà Nẵng,retail,2024-01-20,Lenovo Yoga 920,Thiết bị văn phòng,Lenovo,chiếc,27499750.0,8,public_api,2025-05,27167312.0,18485.998651620193,27148826.00134838
ORD000330,P0055,5,280000.0,C0106,2025-05-03 18:39:00,card,offline,20000.0,Đà Nẵng,retail,2024-01-20,Thẻ nhớ microSD 64 GB,Phụ kiện máy tính,SanDisk,chiếc,280000.0,10,lecturer_sample,2025-05,1400000.0,952.6300619019014,1399047.3699380981
ORD000331,P0056,4,180000.0,C0195,2025-10-05 00:14:00,transfer,shopee,5000.0,Huế,retail,2023-12-24,Cáp HDMI 2 m,Phụ kiện máy tính,Ugreen,sợi,180000.0,12,lecturer_sample,2025-10,720000.0,4712.041884816754,715287.9581151833
ORD000331,P0019,2,22000.0,C0195,2025-10-05 00:14:00,transfer,shopee,5000.0,Huế,retail,2023-12-24,Ruột chì kim 0.5 mm,Bút viết,Pentel,hộp,22000.0,25,lecturer_sample,2025-10,44000.0,287.95811518324604,43712.041884816754
ORD000332,P0038,1,32054.0,C0012,2025-01-29 02:23:00,e-wallet,offline,0.0,TP. Hồ Chí Minh,retail,2024-06-09,Nhãn dán phân loại,Hồ sơ và lưu trữ,Avery,xấp,35000.0,18,lecturer_sample,2025-01,32054.0,0.0,32054.0
ORD000332,P0029,1,25000.0,C0012,2025-01-29 02:23:00,e-wallet,offline,0.0,TP. Hồ Chí Minh,retail,2024-06-09,Kéo học sinh 13 cm,Dụng cụ học tập,Deli,chiếc,25000.0,18,lecturer_sample,2025-01,25000.0,0.0,25000.0
ORD000333,P0052,1,290000.0,C0030,2025-02-06 19:46:00,cash,offline,0.0,Nha Trang,student,2024-08-09,Bàn phím có dây,Phụ kiện máy tính,Logitech,chiếc,290000.0,8,lecturer_sample,2025-02,290000.0,0.0,290000.0
ORD000333,P0059,4,51359.0,C0030,2025-02-06 19:46:00,cash,offline,0.0,Nha Trang,student,2024-08-09,Tấm lót chuột,Phụ kiện máy tính,OEM,chiếc,55000.0,20,lecturer_sample,2025-02,205436.0,0.0,205436.0
ORD000333,P0068,2,8749750.0,C0030,2025-02-06 19:46:00,cash,offline,0.0,Nha Trang,student,2024-08-09,Samsung Galaxy Tab White,Thiết bị văn phòng,Samsung,chiếc,8749750.0,18,public_api,2025-02,17499500.0,0.0,17499500.0
ORD000334,P0019,2,22000.0,C0150,2025-09-06 16:56:00,transfer,online,20000.0,Cần Thơ,retail,2023-11-28,Ruột chì kim 0.5 mm,Bút viết,Pentel,hộp,22000.0,25,lecturer_sample,2025-09,44000.0,995.4751131221719,43004.52488687783
ORD000334,P0055,3,280000.0,C0150,2025-09-06 16:56:00,transfer,online,20000.0,Cần Thơ,retail,2023-11-28,Thẻ nhớ microSD 64 GB,Phụ kiện máy tính,SanDisk,chiếc,280000.0,10,lecturer_sample,2025-09,840000.0,19004.524886877825,820995.4751131221
ORD000335,P0013,3,5000.0,C0033,2025-01-18 03:36:00,e-wallet,offline,0.0,Cần Thơ,student,2024-08-29,Bút bi đỏ 0.5 mm,Bút viết,Thiên Long,cây,5000.0,50,lecturer_sample,2025-01,15000.0,0.0,15000.0
ORD000336,P0087,4,626883.0,C0076,2025-11-06 18:50:00,e-wallet,website,0.0,Biên Hòa,student,2024-01-05,Shakespeare's Sonnets,Sách,Unknown,quyển,681780.0,21,public_website,2025-11,2507532.0,0.0,2507532.0
ORD000336,P0084,4,689959.0,C0076,2025-11-06 18:50:00,e-wallet,website,0.0,Biên Hòa,student,2024-01-05,The Boys in the Boat: Nine Americans and Their Epic Quest for Gold at the 1936 Berlin Olympics,Sách,Unknown,quyển,745800.0,13,public_website,2025-11,2759836.0,0.0,2759836.0
ORD000336,P0052,4,267438.0,C0076,2025-11-06 18:50:00,e-wallet,website,0.0,Biên Hòa,student,2024-01-05,Bàn phím có dây,Phụ kiện máy tính,Logitech,chiếc,290000.0,8,lecturer_sample,2025-11,1069752.0,0.0,1069752.0
ORD000337,P0053,4,165000.0,C0084,2025-08-12 01:14:00,cash,offline,0.0,Biên Hòa,retail,2024-12-06,USB 32 GB,Phụ kiện máy tính,SanDisk,chiếc,165000.0,15,lecturer_sample,2025-08,660000.0,0.0,660000.0
ORD000337,P0015,1,45000.0,C0084,2025-08-12 01:14:00,cash,offline,0.0,Biên Hòa,retail,2024-12-06,Bút máy học sinh,Bút viết,Hồng Hà,cây,45000.0,20,lecturer_sample,2025-08,45000.0,0.0,45000.0
ORD000337,P0002,2,18000.0,C0084,2025-08-12 01:14:00,cash,offline,0.0,Biên Hòa,retail,2024-12-06,Vở kẻ ngang 120 trang,Vở và giấy,Campus,quyển,18000.0,30,lecturer_sample,2025-08,36000.0,0.0,36000.0
ORD000337,P0005,1,79000.0,C0084,2025-08-12 01:14:00,cash,offline,0.0,Biên Hòa,retail,2024-12-06,Sổ tay bìa da A5,Vở và giấy,OEM,quyển,79000.0,15,lecturer_sample,2025-08,79000.0,0.0,79000.0
ORD000338,P0058,9,338540.0,C0105,2025-04-22 18:22:00,card,offline,0.0,Cần Thơ,office,2024-09-06,Bộ chia USB 4 cổng,Phụ kiện máy tính,Ugreen,chiếc,350000.0,8,lecturer_sample,2025-04,3046860.0,0.0,3046860.0
ORD000338,P0008,2,61213.0,C0105,2025-04-22 18:22:00,card,offline,0.0,Cần Thơ,office,2024-09-06,Giấy màu A4 100 tờ,Vở và giấy,IK Plus,xấp,65000.0,15,lecturer_sample,2025-04,122426.0,0.0,122426.0
ORD000339,P0033,3,69000.0,C0036,2025-12-27 22:11:00,card,online,0.0,TP. Hồ Chí Minh,retail,2023-12-22,Bìa còng 5 cm,Hồ sơ và lưu trữ,King Jim,chiếc,69000.0,18,lecturer_sample,2025-12,207000.0,0.0,207000.0
ORD000339,P0006,3,82000.0,C0036,2025-12-27 22:11:00,card,online,0.0,TP. Hồ Chí Minh,retail,2023-12-22,Giấy in A4 70 gsm,Vở và giấy,Double A,ram,82000.0,25,lecturer_sample,2025-12,246000.0,0.0,246000.0
ORD000339,P0056,5,180000.0,C0036,2025-12-27 22:11:00,card,online,0.0,TP. Hồ Chí Minh,retail,2023-12-22,Cáp HDMI 2 m,Phụ kiện máy tính,Ugreen,sợi,180000.0,12,lecturer_sample,2025-12,900000.0,0.0,900000.0
ORD000339,P0078,2,1500016.0,C0036,2025-12-27 22:11:00,card,online,0.0,TP. Hồ Chí Minh,retail,2023-12-22,Soumission,Sách,Unknown,quyển,1653300.0,22,public_website,2025-12,3000032.0,0.0,3000032.0
ORD000339,P0079,3,1428039.0,C0036,2025-12-27 22:11:00,card,online,0.0,TP. Hồ Chí Minh,retail,2023-12-22,Sharp Objects,Sách,Unknown,quyển,1578060.0,24,public_website,2025-12,4284117.0,0.0,4284117.0
ORD000340,P0042,2,42000.0,C0173,2025-07-06 16:07:00,cash,online,0.0,Hải Phòng,retail,2024-04-22,Pin AAA 4 viên,Thiết bị văn phòng,Panasonic,vỉ,42000.0,22,lecturer_sample,2025-07,84000.0,0.0,84000.0
ORD000340,P0005,3,79000.0,C0173,2025-07-06 16:07:00,cash,online,0.0,Hải Phòng,retail,2024-04-22,Sổ tay bìa da A5,Vở và giấy,OEM,quyển,79000.0,15,lecturer_sample,2025-07,237000.0,0.0,237000.0
ORD000341,P0052,3,290000.0,C0030,2025-11-29 23:47:00,card,offline,0.0,Nha Trang,student,2024-08-09,Bàn phím có dây,Phụ kiện máy tính,Logitech,chiếc,290000.0,8,lecturer_sample,2025-11,870000.0,0.0,870000.0
ORD000341,P0019,4,22000.0,C0030,2025-11-29 23:47:00,card,offline,0.0,Nha Trang,student,2024-08-09,Ruột chì kim 0.5 mm,Bút viết,Pentel,hộp,22000.0,25,lecturer_sample,2025-11,88000.0,0.0,88000.0
ORD000341,P0068,1,8749750.0,C0030,2025-11-29 23:47:00,card,offline,0.0,Nha Trang,student,2024-08-09,Samsung Galaxy Tab White,Thiết bị văn phòng,Samsung,chiếc,8749750.0,18,public_api,2025-11,8749750.0,0.0,8749750.0
ORD000341,P0043,5,3190000.0,C0030,2025-11-29 23:47:00,card,offline,0.0,Nha Trang,student,2024-08-09,Máy in laser đơn sắc,Thiết bị văn phòng,Brother,chiếc,3190000.0,3,lecturer_sample,2025-11,15950000.0,0.0,15950000.0
ORD000341,P0032,5,11288.0,C0030,2025-11-29 23:47:00,card,offline,0.0,Nha Trang,student,2024-08-09,Bìa nút A4,Hồ sơ và lưu trữ,Deli,chiếc,12000.0,35,lecturer_sample,2025-11,56440.0,0.0,56440.0
ORD000341,P0006,3,80777.0,C0030,2025-11-29 23:47:00,card,offline,0.0,Nha Trang,student,2024-08-09,Giấy in A4 70 gsm,Vở và giấy,Double A,ram,82000.0,25,lecturer_sample,2025-11,242331.0,0.0,242331.0
ORD000342,P0008,2,65000.0,C0208,2025-02-03 19:57:00,card,offline,10000.0,Cần Thơ,student,2024-12-27,Giấy màu A4 100 tờ,Vở và giấy,IK Plus,xấp,65000.0,15,lecturer_sample,2025-02,130000.0,382.30740161833666,129617.69259838166
ORD000342,P0035,2,16000.0,C0208,2025-02-03 19:57:00,card,offline,10000.0,Cần Thơ,student,2024-12-27,Túi hồ sơ dây buộc,Hồ sơ và lưu trữ,Hồng Hà,chiếc,16000.0,25,lecturer_sample,2025-02,32000.0,94.10643732143672,31905.893562678564
ORD000342,P0016,1,25000.0,C0208,2025-02-03 19:57:00,card,offline,10000.0,Cần Thơ,student,2024-12-27,Ống mực bút máy xanh,Bút viết,Hồng Hà,hộp,25000.0,25,lecturer_sample,2025-02,25000.0,73.52065415737243,24926.47934584263
ORD000342,P0087,5,642681.0,C0208,2025-02-03 19:57:00,card,offline,10000.0,Cần Thơ,student,2024-12-27,Shakespeare's Sonnets,Sách,Unknown,quyển,681780.0,21,public_website,2025-02,3213405.0,9450.065506902854,3203954.934493097
ORD000343,P0018,3,38000.0,C0108,2025-08-17 03:41:00,card,offline,0.0,Hải Phòng,student,2024-10-02,Bút chì kim 0.5 mm,Bút viết,Pentel,cây,38000.0,20,lecturer_sample,2025-08,114000.0,0.0,114000.0
ORD000343,P0019,3,22000.0,C0108,2025-08-17 03:41:00,card,offline,0.0,Hải Phòng,student,2024-10-02,Ruột chì kim 0.5 mm,Bút viết,Pentel,hộp,22000.0,25,lecturer_sample,2025-08,66000.0,0.0,66000.0
ORD000344,P0040,13,18000.0,C0171,2025-12-24 00:53:00,card,offline,0.0,Biên Hòa,wholesale,2024-04-17,Kẹp giấy 33 mm,Hồ sơ và lưu trữ,Plus,hộp,18000.0,30,lecturer_sample,2025-12,234000.0,0.0,234000.0
ORD000344,P0050,16,407097.0,C0171,2025-12-24 00:53:00,card,offline,0.0,Biên Hòa,wholesale,2024-04-17,Bảng trắng 60 x 90 cm,Thiết bị văn phòng,Bavico,chiếc,420000.0,5,lecturer_sample,2025-12,6513552.0,0.0,6513552.0
ORD000345,P0015,1,45000.0,C0013,2025-03-17 21:18:00,transfer,offline,0.0,Cần Thơ,student,2024-05-22,Bút máy học sinh,Bút viết,Hồng Hà,cây,45000.0,20,lecturer_sample,2025-03,45000.0,0.0,45000.0
ORD000345,P0063,3,34999750.0,C0013,2025-03-17 21:18:00,transfer,offline,0.0,Cần Thơ,student,2024-05-22,Huawei Matebook X Pro,Thiết bị văn phòng,Huawei,chiếc,34999750.0,15,public_api,2025-03,104999250.0,0.0,104999250.0
ORD000345,P0045,4,1850000.0,C0013,2025-03-17 21:18:00,transfer,offline,0.0,Cần Thơ,student,2024-05-22,Máy hủy tài liệu,Thiết bị văn phòng,Silicon,chiếc,1850000.0,3,lecturer_sample,2025-03,7400000.0,0.0,7400000.0
ORD000346,P0028,2,78000.0,C0048,2025-04-17 00:45:00,card,offline,0.0,Đà Nẵng,retail,2024-12-22,Bộ màu nước 12 màu,Dụng cụ học tập,Pentel,bộ,78000.0,12,lecturer_sample,2025-04,156000.0,0.0,156000.0
ORD000347,P0014,5,11158.0,C0032,2025-01-13 22:59:00,cash,website,0.0,Hải Phòng,student,2024-02-07,Bút gel xanh 0.5 mm,Bút viết,Deli,cây,12000.0,40,lecturer_sample,2025-01,55790.0,0.0,55790.0
ORD000347,P0040,3,18000.0,C0032,2025-01-13 22:59:00,cash,website,0.0,Hải Phòng,student,2024-02-07,Kẹp giấy 33 mm,Hồ sơ và lưu trữ,Plus,hộp,18000.0,30,lecturer_sample,2025-01,54000.0,0.0,54000.0
ORD000348,P0066,5,12499750.0,C0075,2025-10-22 02:09:00,cash,offline,50000.0,Cần Thơ,retail,2024-02-29,iPad Mini 2021 Starlight,Thiết bị văn phòng,Apple,chiếc,12499750.0,9,public_api,2025-10,62498750.0,48638.900692164854,62450111.099307835
ORD000348,P0085,1,1720950.0,C0075,2025-10-22 02:09:00,cash,offline,50000.0,Cần Thơ,retail,2024-02-29,The Black Maria,Sách,Unknown,quyển,1720950.0,16,public_website,2025-10,1720950.0,1339.308644511788,1719610.6913554883
ORD000348,P0030,2,14000.0,C0075,2025-10-22 02:09:00,cash,offline,50000.0,Cần Thơ,retail,2024-02-29,Hồ khô 15 g,Dụng cụ học tập,Thiên Long,thỏi,14000.0,28,lecturer_sample,2025-10,28000.0,21.79066332335632,27978.209336676642
ORD000349,P0052,8,290000.0,C0024,2025-06-17 16:38:00,cash,website,50000.0,Cần Thơ,office,2024-06-09,Bàn phím có dây,Phụ kiện máy tính,Logitech,chiếc,290000.0,8,lecturer_sample,2025-06,2320000.0,15798.455292414426,2304201.5447075856
ORD000349,P0059,7,55000.0,C0024,2025-06-17 16:38:00,cash,website,50000.0,Cần Thơ,office,2024-06-09,Tấm lót chuột,Phụ kiện máy tính,OEM,chiếc,55000.0,20,lecturer_sample,2025-06,385000.0,2621.7264170601525,382378.2735829399
ORD000349,P0086,10,453249.0,C0024,2025-06-17 16:38:00,cash,website,50000.0,Cần Thơ,office,2024-06-09,"Starving Hearts (Triangular Trade Trilogy, #1)",Sách,Unknown,quyển,461670.0,19,public_website,2025-06,4532490.0,30864.80199496356,4501625.198005036
ORD000349,P0025,7,15000.0,C0024,2025-06-17 16:38:00,cash,website,50000.0,Cần Thơ,office,2024-06-09,Gọt bút chì có hộp,Dụng cụ học tập,Deli,chiếc,15000.0,25,lecturer_sample,2025-06,105000.0,715.0162955618598,104284.98370443814
ORD000350,P0026,4,60931.0,C0184,2025-08-07 21:24:00,cash,offline,0.0,Nha Trang,retail,2024-04-15,Hộp bút vải,Dụng cụ học tập,OEM,chiếc,65000.0,15,lecturer_sample,2025-08,243724.0,0.0,243724.0
ORD000350,P0032,4,12000.0,C0184,2025-08-07 21:24:00,cash,offline,0.0,Nha Trang,retail,2024-04-15,Bìa nút A4,Hồ sơ và lưu trữ,Deli,chiếc,12000.0,35,lecturer_sample,2025-08,48000.0,0.0,48000.0
ORD000351,P0077,5,1610195.0,C0207,2025-08-07 03:57:00,card,offline,0.0,Hải Phòng,retail,2024-10-14,Tipping the Velvet,Sách,Unknown,quyển,1773420.0,19,public_website,2025-08,8050975.0,0.0,8050975.0
ORD000351,P0013,4,5000.0,C0207,2025-08-07 03:57:00,card,offline,0.0,Hải Phòng,retail,2024-10-14,Bút bi đỏ 0.5 mm,Bút viết,Thiên Long,cây,5000.0,50,lecturer_sample,2025-08,20000.0,0.0,20000.0
ORD000352,P0050,4,420000.0,C0070,2025-08-01 18:35:00,e-wallet,offline,0.0,Biên Hòa,student,2024-06-25,Bảng trắng 60 x 90 cm,Thiết bị văn phòng,Bavico,chiếc,420000.0,5,lecturer_sample,2025-08,1680000.0,0.0,1680000.0
ORD000352,P0085,3,1595927.0,C0070,2025-08-01 18:35:00,e-wallet,offline,0.0,Biên Hòa,student,2024-06-25,The Black Maria,Sách,Unknown,quyển,1720950.0,16,public_website,2025-08,4787781.0,0.0,4787781.0
ORD000353,P0015,2,45000.0,C0144,2025-08-26 19:01:00,e-wallet,offline,20000.0,TP. Hồ Chí Minh,student,2024-11-01,Bút máy học sinh,Bút viết,Hồng Hà,cây,45000.0,20,lecturer_sample,2025-08,90000.0,1945.945945945946,88054.05405405405
ORD000353,P0016,3,25000.0,C0144,2025-08-26 19:01:00,e-wallet,offline,20000.0,TP. Hồ Chí Minh,student,2024-11-01,Ống mực bút máy xanh,Bút viết,Hồng Hà,hộp,25000.0,25,lecturer_sample,2025-08,75000.0,1621.6216216216217,73378.37837837837
ORD000353,P0057,1,220000.0,C0144,2025-08-26 19:01:00,e-wallet,offline,20000.0,TP. Hồ Chí Minh,student,2024-11-01,Cáp USB-C 1 m,Phụ kiện máy tính,Anker,sợi,220000.0,15,lecturer_sample,2025-08,220000.0,4756.756756756757,215243.24324324325
ORD000353,P0056,3,180000.0,C0144,2025-08-26 19:01:00,e-wallet,offline,20000.0,TP. Hồ Chí Minh,student,2024-11-01,Cáp HDMI 2 m,Phụ kiện máy tính,Ugreen,sợi,180000.0,12,lecturer_sample,2025-08,540000.0,11675.675675675677,528324.3243243244
ORD000354,P0088,9,576180.0,C0145,2025-08-12 20:40:00,transfer,online,20000.0,Cần Thơ,wholesale,2024-04-29,Set Me Free,Sách,Unknown,quyển,576180.0,24,public_website,2025-08,5185620.0,782.8643703579128,5184837.135629642
ORD000354,P0034,27,85000.0,C0145,2025-08-12 20:40:00,transfer,online,20000.0,Cần Thơ,wholesale,2024-04-29,File hộp 10 cm,Hồ sơ và lưu trữ,Flexoffice,chiếc,85000.0,15,lecturer_sample,2025-08,2295000.0,346.4723080309413,2294653.527691969
ORD000354,P0066,10,12499750.0,C0145,2025-08-12 20:40:00,transfer,online,20000.0,Cần Thơ,wholesale,2024-04-29,iPad Mini 2021 Starlight,Thiết bị văn phòng,Apple,chiếc,12499750.0,9,public_api,2025-08,124997500.0,18870.663321611144,124978629.33667839
ORD000355,P0005,3,75970.0,C0093,2025-08-04 02:58:00,transfer,online,0.0,TP. Hồ Chí Minh,retail,2023-12-18,Sổ tay bìa da A5,Vở và giấy,OEM,quyển,79000.0,15,lecturer_sample,2025-08,227910.0,0.0,227910.0
ORD000355,P0026,3,65000.0,C0093,2025-08-04 02:58:00,transfer,online,0.0,TP. Hồ Chí Minh,retail,2023-12-18,Hộp bút vải,Dụng cụ học tập,OEM,chiếc,65000.0,15,lecturer_sample,2025-08,195000.0,0.0,195000.0
ORD000355,P0057,3,220000.0,C0093,2025-08-04 02:58:00,transfer,online,0.0,TP. Hồ Chí Minh,retail,2023-12-18,Cáp USB-C 1 m,Phụ kiện máy tính,Anker,sợi,220000.0,15,lecturer_sample,2025-08,660000.0,0.0,660000.0
ORD000355,P0008,5,65000.0,C0093,2025-08-04 02:58:00,transfer,online,0.0,TP. Hồ Chí Minh,retail,2023-12-18,Giấy màu A4 100 tờ,Vở và giấy,IK Plus,xấp,65000.0,15,lecturer_sample,2025-08,325000.0,0.0,325000.0
ORD000355,P0018,2,38000.0,C0093,2025-08-04 02:58:00,transfer,online,0.0,TP. Hồ Chí Minh,retail,2023-12-18,Bút chì kim 0.5 mm,Bút viết,Pentel,cây,38000.0,20,lecturer_sample,2025-08,76000.0,0.0,76000.0
ORD000356,P0030,30,13373.0,C0133,2025-05-25 21:49:00,transfer,shopee,10000.0,Nha Trang,wholesale,2024-08-14,Hồ khô 15 g,Dụng cụ học tập,Thiên Long,thỏi,14000.0,28,lecturer_sample,2025-05,401190.0,258.8122543818871,400931.1877456181
ORD000356,P0084,21,719048.0,C0133,2025-05-25 21:49:00,transfer,shopee,10000.0,Nha Trang,wholesale,2024-08-14,The Boys in the Boat: Nine Americans and Their Epic Quest for Gold at the 1936 Berlin Olympics,Sách,Unknown,quyển,745800.0,13,public_website,2025-05,15100008.0,9741.187745618114,15090266.812254382
ORD000357,P0011,3,5000.0,C0180,2025-02-28 22:29:00,card,offline,50000.0,Hà Nội,student,2024-09-22,Bút bi xanh 0.5 mm,Bút viết,Thiên Long,cây,5000.0,70,lecturer_sample,2025-02,15000.0,8152.173913043478,6847.826086956522
ORD000357,P0012,1,5000.0,C0180,2025-02-28 22:29:00,card,offline,50000.0,Hà Nội,student,2024-09-22,Bút bi đen 0.5 mm,Bút viết,Thiên Long,cây,5000.0,60,lecturer_sample,2025-02,5000.0,2717.391304347826,2282.608695652174
ORD000357,P0002,2,18000.0,C0180,2025-02-28 22:29:00,card,offline,50000.0,Hà Nội,student,2024-09-22,Vở kẻ ngang 120 trang,Vở và giấy,Campus,quyển,18000.0,30,lecturer_sample,2025-02,36000.0,19565.217391304348,16434.782608695652
ORD000357,P0032,3,12000.0,C0180,2025-02-28 22:29:00,card,offline,50000.0,Hà Nội,student,2024-09-22,Bìa nút A4,Hồ sơ và lưu trữ,Deli,chiếc,12000.0,35,lecturer_sample,2025-02,36000.0,19565.217391304348,16434.782608695652
ORD000358,P0010,5,165000.0,C0034,2025-02-10 22:44:00,cash,shopee,0.0,Nha Trang,retail,2024-07-04,Giấy photo A3 70 gsm,Vở và giấy,Double A,ram,165000.0,10,lecturer_sample,2025-02,825000.0,0.0,825000.0
ORD000358,P0003,4,14000.0,C0034,2025-02-10 22:44:00,cash,shopee,0.0,Nha Trang,retail,2024-07-04,Vở ô ly 96 trang,Vở và giấy,Hồng Hà,quyển,14000.0,35,lecturer_sample,2025-02,56000.0,0.0,56000.0
ORD000358,P0017,3,9000.0,C0034,2025-02-10 22:44:00,cash,shopee,0.0,Nha Trang,retail,2024-07-04,Bút chì 2B,Bút viết,Staedtler,cây,9000.0,45,lecturer_sample,2025-02,27000.0,0.0,27000.0
ORD000358,P0038,3,35000.0,C0034,2025-02-10 22:44:00,cash,shopee,0.0,Nha Trang,retail,2024-07-04,Nhãn dán phân loại,Hồ sơ và lưu trữ,Avery,xấp,35000.0,18,lecturer_sample,2025-02,105000.0,0.0,105000.0
ORD000359,P0018,5,36296.0,C0194,2025-02-20 04:07:00,card,offline,0.0,Hà Nội,student,2024-07-25,Bút chì kim 0.5 mm,Bút viết,Pentel,cây,38000.0,20,lecturer_sample,2025-02,181480.0,0.0,181480.0
ORD000359,P0017,5,9000.0,C0194,2025-02-20 04:07:00,card,offline,0.0,Hà Nội,student,2024-07-25,Bút chì 2B,Bút viết,Staedtler,cây,9000.0,45,lecturer_sample,2025-02,45000.0,0.0,45000.0
ORD000359,P0032,1,11624.0,C0194,2025-02-20 04:07:00,card,offline,0.0,Hà Nội,student,2024-07-25,Bìa nút A4,Hồ sơ và lưu trữ,Deli,chiếc,12000.0,35,lecturer_sample,2025-02,11624.0,0.0,11624.0
ORD000359,P0006,5,82000.0,C0194,2025-02-20 04:07:00,card,offline,0.0,Hà Nội,student,2024-07-25,Giấy in A4 70 gsm,Vở và giấy,Double A,ram,82000.0,25,lecturer_sample,2025-02,410000.0,0.0,410000.0
ORD000359,P0078,2,1513529.0,C0194,2025-02-20 04:07:00,card,offline,0.0,Hà Nội,student,2024-07-25,Soumission,Sách,Unknown,quyển,1653300.0,22,public_website,2025-02,3027058.0,0.0,3027058.0
ORD000360,P0019,5,22000.0,C0194,2025-10-03 16:46:00,e-wallet,offline,0.0,Hà Nội,student,2024-07-25,Ruột chì kim 0.5 mm,Bút viết,Pentel,hộp,22000.0,25,lecturer_sample,2025-10,110000.0,0.0,110000.0
ORD000361,P0035,3,16000.0,C0173,2025-02-24 18:53:00,cash,shopee,0.0,Hải Phòng,retail,2024-04-22,Túi hồ sơ dây buộc,Hồ sơ và lưu trữ,Hồng Hà,chiếc,16000.0,25,lecturer_sample,2025-02,48000.0,0.0,48000.0
ORD000361,P0019,1,22000.0,C0173,2025-02-24 18:53:00,cash,shopee,0.0,Hải Phòng,retail,2024-04-22,Ruột chì kim 0.5 mm,Bút viết,Pentel,hộp,22000.0,25,lecturer_sample,2025-02,22000.0,0.0,22000.0
ORD000362,P0005,3,79000.0,C0127,2025-07-05 03:18:00,e-wallet,online,20000.0,TP. Hồ Chí Minh,retail,2024-11-21,Sổ tay bìa da A5,Vở và giấy,OEM,quyển,79000.0,15,lecturer_sample,2025-07,237000.0,14065.281899109792,222934.7181008902
ORD000362,P0029,4,25000.0,C0127,2025-07-05 03:18:00,e-wallet,online,20000.0,TP. Hồ Chí Minh,retail,2024-11-21,Kéo học sinh 13 cm,Dụng cụ học tập,Deli,chiếc,25000.0,18,lecturer_sample,2025-07,100000.0,5934.718100890207,94065.28189910979
ORD000363,P0082,10,1100220.0,C0105,2025-05-29 22:12:00,cash,offline,0.0,Cần Thơ,office,2024-09-06,The Dirty Little Secrets of Getting Your Dream Job,Sách,Unknown,quyển,1100220.0,8,public_website,2025-05,11002200.0,0.0,11002200.0
ORD000363,P0074,3,499750.0,C0105,2025-05-29 22:12:00,cash,offline,0.0,Cần Thơ,office,2024-09-06,Apple iPhone Charger,Phụ kiện máy tính,Apple,cái,499750.0,6,public_api,2025-05,1499250.0,0.0,1499250.0
ORD000363,P0086,8,461670.0,C0105,2025-05-29 22:12:00,cash,offline,0.0,Cần Thơ,office,2024-09-06,"Starving Hearts (Triangular Trade Trilogy, #1)",Sách,Unknown,quyển,461670.0,19,public_website,2025-05,3693360.0,0.0,3693360.0
ORD000363,P0033,11,66704.0,C0105,2025-05-29 22:12:00,cash,offline,0.0,Cần Thơ,office,2024-09-06,Bìa còng 5 cm,Hồ sơ và lưu trữ,King Jim,chiếc,69000.0,18,lecturer_sample,2025-05,733744.0,0.0,733744.0
ORD000363,P0006,4,82000.0,C0105,2025-05-29 22:12:00,cash,offline,0.0,Cần Thơ,office,2024-09-06,Giấy in A4 70 gsm,Vở và giấy,Double A,ram,82000.0,25,lecturer_sample,2025-05,328000.0,0.0,328000.0
ORD000364,P0036,4,185000.0,C0051,2025-06-23 19:38:00,card,shopee,0.0,Cần Thơ,retail,2024-05-31,Khay tài liệu 3 tầng,Hồ sơ và lưu trữ,Deli,bộ,185000.0,8,lecturer_sample,2025-06,740000.0,0.0,740000.0
ORD000364,P0022,5,17800.0,C0051,2025-06-23 19:38:00,card,shopee,0.0,Cần Thơ,retail,2024-05-31,Thước ê ke 2 chiếc,Dụng cụ học tập,Deli,bộ,18000.0,20,lecturer_sample,2025-06,89000.0,0.0,89000.0
ORD000364,P0038,5,35000.0,C0051,2025-06-23 19:38:00,card,shopee,0.0,Cần Thơ,retail,2024-05-31,Nhãn dán phân loại,Hồ sơ và lưu trữ,Avery,xấp,35000.0,18,lecturer_sample,2025-06,175000.0,0.0,175000.0
ORD000365,P0045,4,1850000.0,C0197,2025-08-21 17:07:00,cash,shopee,5000.0,Hải Phòng,student,2024-04-02,Máy hủy tài liệu,Thiết bị văn phòng,Silicon,chiếc,1850000.0,3,lecturer_sample,2025-08,7400000.0,4768.0412371134025,7395231.958762887
ORD000365,P0056,2,180000.0,C0197,2025-08-21 17:07:00,cash,shopee,5000.0,Hải Phòng,student,2024-04-02,Cáp HDMI 2 m,Phụ kiện máy tính,Ugreen,sợi,180000.0,12,lecturer_sample,2025-08,360000.0,231.95876288659795,359768.0412371134
ORD000366,P0009,4,18000.0,C0174,2025-06-17 18:19:00,transfer,offline,0.0,TP. Hồ Chí Minh,retail,2024-05-09,Giấy note 3 x 3 inch,Vở và giấy,Deli,xấp,18000.0,30,lecturer_sample,2025-06,72000.0,0.0,72000.0
ORD000366,P0008,3,65000.0,C0174,2025-06-17 18:19:00,transfer,offline,0.0,TP. Hồ Chí Minh,retail,2024-05-09,Giấy màu A4 100 tờ,Vở và giấy,IK Plus,xấp,65000.0,15,lecturer_sample,2025-06,195000.0,0.0,195000.0
ORD000366,P0068,5,8749750.0,C0174,2025-06-17 18:19:00,transfer,offline,0.0,TP. Hồ Chí Minh,retail,2024-05-09,Samsung Galaxy Tab White,Thiết bị văn phòng,Samsung,chiếc,8749750.0,18,public_api,2025-06,43748750.0,0.0,43748750.0
ORD000367,P0035,2,16000.0,C0196,2025-01-17 22:56:00,card,website,0.0,Hà Nội,student,2024-01-02,Túi hồ sơ dây buộc,Hồ sơ và lưu trữ,Hồng Hà,chiếc,16000.0,25,lecturer_sample,2025-01,32000.0,0.0,32000.0
ORD000367,P0028,2,78000.0,C0196,2025-01-17 22:56:00,card,website,0.0,Hà Nội,student,2024-01-02,Bộ màu nước 12 màu,Dụng cụ học tập,Pentel,bộ,78000.0,12,lecturer_sample,2025-01,156000.0,0.0,156000.0
ORD000367,P0034,4,85000.0,C0196,2025-01-17 22:56:00,card,website,0.0,Hà Nội,student,2024-01-02,File hộp 10 cm,Hồ sơ và lưu trữ,Flexoffice,chiếc,85000.0,15,lecturer_sample,2025-01,340000.0,0.0,340000.0
ORD000367,P0041,1,680000.0,C0196,2025-01-17 22:56:00,card,website,0.0,Hà Nội,student,2024-01-02,Máy tính cầm tay khoa học,Thiết bị văn phòng,Casio,chiếc,680000.0,8,lecturer_sample,2025-01,680000.0,0.0,680000.0
ORD000367,P0042,4,42000.0,C0196,2025-01-17 22:56:00,card,website,0.0,Hà Nội,student,2024-01-02,Pin AAA 4 viên,Thiết bị văn phòng,Panasonic,vỉ,42000.0,22,lecturer_sample,2025-01,168000.0,0.0,168000.0
ORD000368,P0078,3,1530293.0,C0176,2025-10-05 01:30:00,e-wallet,online,0.0,Hải Phòng,retail,2024-11-23,Soumission,Sách,Unknown,quyển,1653300.0,22,public_website,2025-10,4590879.0,0.0,4590879.0
ORD000368,P0079,1,1578060.0,C0176,2025-10-05 01:30:00,e-wallet,online,0.0,Hải Phòng,retail,2024-11-23,Sharp Objects,Sách,Unknown,quyển,1578060.0,24,public_website,2025-10,1578060.0,0.0,1578060.0
ORD000368,P0035,1,16000.0,C0176,2025-10-05 01:30:00,e-wallet,online,0.0,Hải Phòng,retail,2024-11-23,Túi hồ sơ dây buộc,Hồ sơ và lưu trữ,Hồng Hà,chiếc,16000.0,25,lecturer_sample,2025-10,16000.0,0.0,16000.0
ORD000369,P0070,7,3249750.0,C0094,2025-06-29 04:47:00,e-wallet,offline,0.0,Huế,office,2024-09-21,Apple Airpods,Phụ kiện máy tính,Apple,cái,3249750.0,13,public_api,2025-06,22748250.0,0.0,22748250.0
ORD000369,P0056,2,180000.0,C0094,2025-06-29 04:47:00,e-wallet,offline,0.0,Huế,office,2024-09-21,Cáp HDMI 2 m,Phụ kiện máy tính,Ugreen,sợi,180000.0,12,lecturer_sample,2025-06,360000.0,0.0,360000.0
ORD000370,P0084,1,745800.0,C0064,2025-05-02 02:19:00,cash,online,0.0,Huế,retail,2023-12-14,The Boys in the Boat: Nine Americans and Their Epic Quest for Gold at the 1936 Berlin Olympics,Sách,Unknown,quyển,745800.0,13,public_website,2025-05,745800.0,0.0,745800.0
ORD000370,P0007,4,99000.0,C0064,2025-05-02 02:19:00,cash,online,0.0,Huế,retail,2023-12-14,Giấy in A4 80 gsm,Vở và giấy,PaperOne,ram,99000.0,20,lecturer_sample,2025-05,396000.0,0.0,396000.0
ORD000370,P0043,4,3190000.0,C0064,2025-05-02 02:19:00,cash,online,0.0,Huế,retail,2023-12-14,Máy in laser đơn sắc,Thiết bị văn phòng,Brother,chiếc,3190000.0,3,lecturer_sample,2025-05,12760000.0,0.0,12760000.0
ORD000371,P0035,12,16000.0,C0179,2025-08-30 01:01:00,card,online,0.0,Nha Trang,office,2024-06-30,Túi hồ sơ dây buộc,Hồ sơ và lưu trữ,Hồng Hà,chiếc,16000.0,25,lecturer_sample,2025-08,192000.0,0.0,192000.0
ORD000371,P0050,11,420000.0,C0179,2025-08-30 01:01:00,card,online,0.0,Nha Trang,office,2024-06-30,Bảng trắng 60 x 90 cm,Thiết bị văn phòng,Bavico,chiếc,420000.0,5,lecturer_sample,2025-08,4620000.0,0.0,4620000.0
ORD000371,P0075,8,2499750.0,C0179,2025-08-30 01:01:00,card,online,0.0,Nha Trang,office,2024-06-30,Apple MagSafe Battery Pack,Phụ kiện máy tính,Apple,cái,2499750.0,1,public_api,2025-08,19998000.0,0.0,19998000.0
ORD000371,P0009,12,17475.0,C0179,2025-08-30 01:01:00,card,online,0.0,Nha Trang,office,2024-06-30,Giấy note 3 x 3 inch,Vở và giấy,Deli,xấp,18000.0,30,lecturer_sample,2025-08,209700.0,0.0,209700.0
ORD000372,P0027,23,92000.0,C0216,2025-10-02 19:18:00,cash,shopee,0.0,Cần Thơ,wholesale,2024-10-26,Bộ màu sáp 24 màu,Dụng cụ học tập,Crayola,bộ,92000.0,12,lecturer_sample,2025-10,2116000.0,0.0,2116000.0
ORD000372,P0051,15,320000.0,C0216,2025-10-02 19:18:00,cash,shopee,0.0,Cần Thơ,wholesale,2024-10-26,Chuột không dây,Phụ kiện máy tính,Logitech,chiếc,320000.0,10,lecturer_sample,2025-10,4800000.0,0.0,4800000.0
ORD000373,P0073,22,2499750.0,C0146,2025-09-29 23:27:00,card,offline,0.0,Nha Trang,wholesale,2024-05-13,Apple HomePod Mini Cosmic Grey,Phụ kiện máy tính,Apple,cái,2499750.0,5,public_api,2025-09,54994500.0,0.0,54994500.0
ORD000374,P0059,2,55000.0,C0107,2025-07-25 20:39:00,transfer,online,0.0,Đà Nẵng,retail,2024-01-21,Tấm lót chuột,Phụ kiện máy tính,OEM,chiếc,55000.0,20,lecturer_sample,2025-07,110000.0,0.0,110000.0
ORD000374,P0048,4,12000.0,C0107,2025-07-25 20:39:00,transfer,online,0.0,Đà Nẵng,retail,2024-01-21,Kim bấm số 10,Thiết bị văn phòng,Max,hộp,12000.0,35,lecturer_sample,2025-07,48000.0,0.0,48000.0
ORD000375,P0084,3,698757.0,C0164,2025-10-01 04:39:00,transfer,offline,0.0,Biên Hòa,retail,2024-11-18,The Boys in the Boat: Nine Americans and Their Epic Quest for Gold at the 1936 Berlin Olympics,Sách,Unknown,quyển,745800.0,13,public_website,2025-10,2096271.0,0.0,2096271.0
ORD000375,P0086,1,461670.0,C0164,2025-10-01 04:39:00,transfer,offline,0.0,Biên Hòa,retail,2024-11-18,"Starving Hearts (Triangular Trade Trilogy, #1)",Sách,Unknown,quyển,461670.0,19,public_website,2025-10,461670.0,0.0,461670.0
ORD000375,P0065,4,37499750.0,C0164,2025-10-01 04:39:00,transfer,offline,0.0,Biên Hòa,retail,2024-11-18,New DELL XPS 13 9300 Laptop,Thiết bị văn phòng,Dell,chiếc,37499750.0,14,public_api,2025-10,149999000.0,0.0,149999000.0
ORD000375,P0006,3,82000.0,C0164,2025-10-01 04:39:00,transfer,offline,0.0,Biên Hòa,retail,2024-11-18,Giấy in A4 70 gsm,Vở và giấy,Double A,ram,82000.0,25,lecturer_sample,2025-10,246000.0,0.0,246000.0
ORD000375,P0043,3,3190000.0,C0164,2025-10-01 04:39:00,transfer,offline,0.0,Biên Hòa,retail,2024-11-18,Máy in laser đơn sắc,Thiết bị văn phòng,Brother,chiếc,3190000.0,3,lecturer_sample,2025-10,9570000.0,0.0,9570000.0
ORD000376,P0003,18,14000.0,C0061,2025-07-27 19:07:00,e-wallet,online,0.0,Hải Phòng,wholesale,2024-09-24,Vở ô ly 96 trang,Vở và giấy,Hồng Hà,quyển,14000.0,35,lecturer_sample,2025-07,252000.0,0.0,252000.0
ORD000377,P0024,1,7550.0,C0010,2025-04-14 18:17:00,transfer,online,0.0,Cần Thơ,retail,2024-05-20,Tẩy chì trắng,Dụng cụ học tập,Staedtler,viên,8000.0,40,lecturer_sample,2025-04,7550.0,0.0,7550.0
ORD000378,P0079,28,1578060.0,C0006,2025-01-29 17:20:00,transfer,offline,10000.0,Hà Nội,wholesale,2024-03-26,Sharp Objects,Sách,Unknown,quyển,1578060.0,24,public_website,2025-01,44185680.0,9356.013986480413,44176323.98601352
ORD000378,P0036,8,185000.0,C0006,2025-01-29 17:20:00,transfer,offline,10000.0,Hà Nội,wholesale,2024-03-26,Khay tài liệu 3 tầng,Hồ sơ và lưu trữ,Deli,bộ,185000.0,8,lecturer_sample,2025-01,1480000.0,313.37982577140406,1479686.6201742287
ORD000378,P0033,23,67885.0,C0006,2025-01-29 17:20:00,transfer,offline,10000.0,Hà Nội,wholesale,2024-03-26,Bìa còng 5 cm,Hồ sơ và lưu trữ,King Jim,chiếc,69000.0,18,lecturer_sample,2025-01,1561355.0,330.6061877481828,1561024.3938122517
ORD000379,P0071,28,13749750.0,C0065,2025-09-12 17:15:00,e-wallet,shopee,0.0,Cần Thơ,wholesale,2024-03-28,Apple AirPods Max Silver,Phụ kiện máy tính,Apple,cái,13749750.0,11,public_api,2025-09,384993000.0,0.0,384993000.0
ORD000379,P0028,18,78000.0,C0065,2025-09-12 17:15:00,e-wallet,shopee,0.0,Cần Thơ,wholesale,2024-03-28,Bộ màu nước 12 màu,Dụng cụ học tập,Pentel,bộ,78000.0,12,lecturer_sample,2025-09,1404000.0,0.0,1404000.0
ORD000380,P0023,8,42000.0,C0028,2025-03-31 19:17:00,cash,offline,0.0,Hải Phòng,office,2023-12-31,Compa học sinh,Dụng cụ học tập,Maped,chiếc,42000.0,15,lecturer_sample,2025-03,336000.0,0.0,336000.0
ORD000380,P0052,5,283953.0,C0028,2025-03-31 19:17:00,cash,offline,0.0,Hải Phòng,office,2023-12-31,Bàn phím có dây,Phụ kiện máy tính,Logitech,chiếc,290000.0,8,lecturer_sample,2025-03,1419765.0,0.0,1419765.0
ORD000380,P0059,4,55000.0,C0028,2025-03-31 19:17:00,cash,offline,0.0,Hải Phòng,office,2023-12-31,Tấm lót chuột,Phụ kiện máy tính,OEM,chiếc,55000.0,20,lecturer_sample,2025-03,220000.0,0.0,220000.0
ORD000381,P0084,3,745800.0,C0184,2025-07-08 20:01:00,card,online,10000.0,Nha Trang,retail,2024-04-15,The Boys in the Boat: Nine Americans and Their Epic Quest for Gold at the 1936 Berlin Olympics,Sách,Unknown,quyển,745800.0,13,public_website,2025-07,2237400.0,295.35381675108135,2237104.646183249
ORD000381,P0005,3,75972.0,C0184,2025-07-08 20:01:00,card,online,10000.0,Nha Trang,retail,2024-04-15,Sổ tay bìa da A5,Vở và giấy,OEM,quyển,79000.0,15,lecturer_sample,2025-07,227916.0,30.08664543605947,227885.91335456393
ORD000381,P0067,5,14657579.0,C0184,2025-07-08 20:01:00,card,online,10000.0,Nha Trang,retail,2024-04-15,Samsung Galaxy Tab S8 Plus Grey,Thiết bị văn phòng,Samsung,chiếc,14999750.0,12,public_api,2025-07,73287895.0,9674.559537812858,73278220.44046219
ORD000382,P0023,4,38836.0,C0100,2025-01-05 22:59:00,card,website,0.0,Cần Thơ,retail,2024-03-16,Compa học sinh,Dụng cụ học tập,Maped,chiếc,42000.0,15,lecturer_sample,2025-01,155344.0,0.0,155344.0
ORD000382,P0008,1,64002.0,C0100,2025-01-05 22:59:00,card,website,0.0,Cần Thơ,retail,2024-03-16,Giấy màu A4 100 tờ,Vở và giấy,IK Plus,xấp,65000.0,15,lecturer_sample,2025-01,64002.0,0.0,64002.0
ORD000382,P0076,4,1680024.0,C0100,2025-01-05 22:59:00,card,website,0.0,Cần Thơ,retail,2024-03-16,A Light in the Attic,Sách,Unknown,quyển,1708410.0,16,public_website,2025-01,6720096.0,0.0,6720096.0
ORD000382,P0089,3,1689175.0,C0100,2025-01-05 22:59:00,card,website,0.0,Cần Thơ,retail,2024-03-16,Scott Pilgrim's Precious Little Life (Scott Pilgrim #1),Sách,Unknown,quyển,1725570.0,27,public_website,2025-01,5067525.0,0.0,5067525.0
ORD000382,P0019,1,21183.0,C0100,2025-01-05 22:59:00,card,website,0.0,Cần Thơ,retail,2024-03-16,Ruột chì kim 0.5 mm,Bút viết,Pentel,hộp,22000.0,25,lecturer_sample,2025-01,21183.0,0.0,21183.0
ORD000382,P0082,5,1100220.0,C0100,2025-01-05 22:59:00,card,website,0.0,Cần Thơ,retail,2024-03-16,The Dirty Little Secrets of Getting Your Dream Job,Sách,Unknown,quyển,1100220.0,8,public_website,2025-01,5501100.0,0.0,5501100.0
ORD000383,P0029,2,25000.0,C0108,2025-11-06 03:52:00,transfer,online,0.0,Hải Phòng,student,2024-10-02,Kéo học sinh 13 cm,Dụng cụ học tập,Deli,chiếc,25000.0,18,lecturer_sample,2025-11,50000.0,0.0,50000.0
ORD000383,P0061,2,49999750.0,C0108,2025-11-06 03:52:00,transfer,online,0.0,Hải Phòng,student,2024-10-02,Apple MacBook Pro 14 Inch Space Grey,Thiết bị văn phòng,Apple,chiếc,49999750.0,5,public_api,2025-11,99999500.0,0.0,99999500.0
ORD000384,P0046,4,826584.0,C0081,2025-10-22 17:07:00,transfer,shopee,0.0,Hà Nội,retail,2024-06-20,Máy ép plastic A4,Thiết bị văn phòng,Deli,chiếc,890000.0,4,lecturer_sample,2025-10,3306336.0,0.0,3306336.0
ORD000385,P0076,2,1637066.0,C0123,2025-03-10 20:11:00,transfer,offline,0.0,Đà Nẵng,office,2024-03-28,A Light in the Attic,Sách,Unknown,quyển,1708410.0,16,public_website,2025-03,3274132.0,0.0,3274132.0
ORD000385,P0018,12,38000.0,C0123,2025-03-10 20:11:00,transfer,offline,0.0,Đà Nẵng,office,2024-03-28,Bút chì kim 0.5 mm,Bút viết,Pentel,cây,38000.0,20,lecturer_sample,2025-03,456000.0,0.0,456000.0
ORD000385,P0019,3,20193.0,C0123,2025-03-10 20:11:00,transfer,offline,0.0,Đà Nẵng,office,2024-03-28,Ruột chì kim 0.5 mm,Bút viết,Pentel,hộp,22000.0,25,lecturer_sample,2025-03,60579.0,0.0,60579.0
ORD000385,P0017,4,9000.0,C0123,2025-03-10 20:11:00,transfer,offline,0.0,Đà Nẵng,office,2024-03-28,Bút chì 2B,Bút viết,Staedtler,cây,9000.0,45,lecturer_sample,2025-03,36000.0,0.0,36000.0
ORD000386,P0087,4,670562.0,C0159,2025-08-09 01:16:00,cash,shopee,5000.0,Hải Phòng,student,2024-10-15,Shakespeare's Sonnets,Sách,Unknown,quyển,681780.0,21,public_website,2025-08,2682248.0,5000.0,2677248.0
ORD000387,P0018,4,38000.0,C0212,2025-12-11 23:07:00,card,offline,0.0,Huế,retail,2024-10-24,Bút chì kim 0.5 mm,Bút viết,Pentel,cây,38000.0,20,lecturer_sample,2025-12,152000.0,0.0,152000.0
ORD000388,P0026,4,60662.0,C0111,2025-04-17 01:13:00,card,offline,0.0,Cần Thơ,retail,2024-07-01,Hộp bút vải,Dụng cụ học tập,OEM,chiếc,65000.0,15,lecturer_sample,2025-04,242648.0,0.0,242648.0
ORD000388,P0059,4,55000.0,C0111,2025-04-17 01:13:00,card,offline,0.0,Cần Thơ,retail,2024-07-01,Tấm lót chuột,Phụ kiện máy tính,OEM,chiếc,55000.0,20,lecturer_sample,2025-04,220000.0,0.0,220000.0
ORD000388,P0038,4,35000.0,C0111,2025-04-17 01:13:00,card,offline,0.0,Cần Thơ,retail,2024-07-01,Nhãn dán phân loại,Hồ sơ và lưu trữ,Avery,xấp,35000.0,18,lecturer_sample,2025-04,140000.0,0.0,140000.0
ORD000388,P0037,3,88899.0,C0111,2025-04-17 01:13:00,card,offline,0.0,Cần Thơ,retail,2024-07-01,Cặp tài liệu A4,Hồ sơ và lưu trữ,OEM,chiếc,95000.0,10,lecturer_sample,2025-04,266697.0,0.0,266697.0
ORD000388,P0014,2,11565.0,C0111,2025-04-17 01:13:00,card,offline,0.0,Cần Thơ,retail,2024-07-01,Bút gel xanh 0.5 mm,Bút viết,Deli,cây,12000.0,40,lecturer_sample,2025-04,23130.0,0.0,23130.0
ORD000389,P0006,5,79777.0,C0189,2025-11-02 20:04:00,card,website,0.0,Đà Nẵng,student,2024-07-04,Giấy in A4 70 gsm,Vở và giấy,Double A,ram,82000.0,25,lecturer_sample,2025-11,398885.0,0.0,398885.0
ORD000389,P0043,1,3190000.0,C0189,2025-11-02 20:04:00,card,website,0.0,Đà Nẵng,student,2024-07-04,Máy in laser đơn sắc,Thiết bị văn phòng,Brother,chiếc,3190000.0,3,lecturer_sample,2025-11,3190000.0,0.0,3190000.0
ORD000390,P0012,4,5000.0,C0159,2025-07-15 20:25:00,e-wallet,website,10000.0,Hải Phòng,student,2024-10-15,Bút bi đen 0.5 mm,Bút viết,Thiên Long,cây,5000.0,60,lecturer_sample,2025-07,20000.0,59.591186582686795,19940.408813417314
ORD000390,P0082,3,1033067.0,C0159,2025-07-15 20:25:00,e-wallet,website,10000.0,Hải Phòng,student,2024-10-15,The Dirty Little Secrets of Getting Your Dream Job,Sách,Unknown,quyển,1100220.0,8,public_website,2025-07,3099201.0,9234.253252412474,3089966.7467475873
ORD000390,P0005,3,79000.0,C0159,2025-07-15 20:25:00,e-wallet,website,10000.0,Hải Phòng,student,2024-10-15,Sổ tay bìa da A5,Vở và giấy,OEM,quyển,79000.0,15,lecturer_sample,2025-07,237000.0,706.1555610048385,236293.84443899515
ORD000391,P0025,2,15000.0,C0012,2025-03-07 23:55:00,card,offline,0.0,TP. Hồ Chí Minh,retail,2024-06-09,Gọt bút chì có hộp,Dụng cụ học tập,Deli,chiếc,15000.0,25,lecturer_sample,2025-03,30000.0,0.0,30000.0
ORD000391,P0032,4,10963.0,C0012,2025-03-07 23:55:00,card,offline,0.0,TP. Hồ Chí Minh,retail,2024-06-09,Bìa nút A4,Hồ sơ và lưu trữ,Deli,chiếc,12000.0,35,lecturer_sample,2025-03,43852.0,0.0,43852.0
ORD000391,P0006,4,82000.0,C0012,2025-03-07 23:55:00,card,offline,0.0,TP. Hồ Chí Minh,retail,2024-06-09,Giấy in A4 70 gsm,Vở và giấy,Double A,ram,82000.0,25,lecturer_sample,2025-03,328000.0,0.0,328000.0
ORD000391,P0083,2,591690.0,C0012,2025-03-07 23:55:00,card,offline,0.0,TP. Hồ Chí Minh,retail,2024-06-09,"The Coming Woman: A Novel Based on the Life of the Infamous Feminist, Victoria Woodhull",Sách,Unknown,quyển,591690.0,10,public_website,2025-03,1183380.0,0.0,1183380.0
ORD000391,P0077,2,1773420.0,C0012,2025-03-07 23:55:00,card,offline,0.0,TP. Hồ Chí Minh,retail,2024-06-09,Tipping the Velvet,Sách,Unknown,quyển,1773420.0,19,public_website,2025-03,3546840.0,0.0,3546840.0
ORD000392,P0089,1,1687640.0,C0067,2025-03-26 03:29:00,e-wallet,online,0.0,Biên Hòa,retail,2024-09-15,Scott Pilgrim's Precious Little Life (Scott Pilgrim #1),Sách,Unknown,quyển,1725570.0,27,public_website,2025-03,1687640.0,0.0,1687640.0
ORD000392,P0005,1,79000.0,C0067,2025-03-26 03:29:00,e-wallet,online,0.0,Biên Hòa,retail,2024-09-15,Sổ tay bìa da A5,Vở và giấy,OEM,quyển,79000.0,15,lecturer_sample,2025-03,79000.0,0.0,79000.0
ORD000393,P0045,2,1850000.0,C0053,2025-05-26 18:53:00,transfer,online,0.0,TP. Hồ Chí Minh,office,2024-08-02,Máy hủy tài liệu,Thiết bị văn phòng,Silicon,chiếc,1850000.0,3,lecturer_sample,2025-05,3700000.0,0.0,3700000.0
ORD000394,P0070,1,3249750.0,C0147,2025-04-03 22:58:00,card,offline,0.0,Đà Nẵng,retail,2024-09-06,Apple Airpods,Phụ kiện máy tính,Apple,cái,3249750.0,13,public_api,2025-04,3249750.0,0.0,3249750.0
ORD000395,P0041,1,680000.0,C0152,2025-02-24 21:09:00,card,online,0.0,Hải Phòng,retail,2024-07-11,Máy tính cầm tay khoa học,Thiết bị văn phòng,Casio,chiếc,680000.0,8,lecturer_sample,2025-02,680000.0,0.0,680000.0
ORD000396,P0066,3,12499750.0,C0012,2025-12-03 01:28:00,transfer,website,0.0,TP. Hồ Chí Minh,retail,2024-06-09,iPad Mini 2021 Starlight,Thiết bị văn phòng,Apple,chiếc,12499750.0,9,public_api,2025-12,37499250.0,0.0,37499250.0
ORD000396,P0067,1,14238424.0,C0012,2025-12-03 01:28:00,transfer,website,0.0,TP. Hồ Chí Minh,retail,2024-06-09,Samsung Galaxy Tab S8 Plus Grey,Thiết bị văn phòng,Samsung,chiếc,14999750.0,12,public_api,2025-12,14238424.0,0.0,14238424.0
ORD000397,P0022,10,18000.0,C0155,2025-07-15 17:25:00,cash,website,0.0,Hải Phòng,wholesale,2024-12-16,Thước ê ke 2 chiếc,Dụng cụ học tập,Deli,bộ,18000.0,20,lecturer_sample,2025-07,180000.0,0.0,180000.0
ORD000397,P0071,17,13749750.0,C0155,2025-07-15 17:25:00,cash,website,0.0,Hải Phòng,wholesale,2024-12-16,Apple AirPods Max Silver,Phụ kiện máy tính,Apple,cái,13749750.0,11,public_api,2025-07,233745750.0,0.0,233745750.0
ORD000398,P0074,1,472833.0,C0193,2025-12-01 18:07:00,transfer,offline,0.0,Cần Thơ,student,2024-06-30,Apple iPhone Charger,Phụ kiện máy tính,Apple,cái,499750.0,6,public_api,2025-12,472833.0,0.0,472833.0
ORD000398,P0067,4,14999750.0,C0193,2025-12-01 18:07:00,transfer,offline,0.0,Cần Thơ,student,2024-06-30,Samsung Galaxy Tab S8 Plus Grey,Thiết bị văn phòng,Samsung,chiếc,14999750.0,12,public_api,2025-12,59999000.0,0.0,59999000.0
ORD000399,P0008,3,62457.0,C0100,2025-09-01 20:36:00,cash,offline,0.0,Cần Thơ,retail,2024-03-16,Giấy màu A4 100 tờ,Vở và giấy,IK Plus,xấp,65000.0,15,lecturer_sample,2025-09,187371.0,0.0,187371.0
ORD000399,P0038,2,33161.0,C0100,2025-09-01 20:36:00,cash,offline,0.0,Cần Thơ,retail,2024-03-16,Nhãn dán phân loại,Hồ sơ và lưu trữ,Avery,xấp,35000.0,18,lecturer_sample,2025-09,66322.0,0.0,66322.0
ORD000399,P0033,5,69000.0,C0100,2025-09-01 20:36:00,cash,offline,0.0,Cần Thơ,retail,2024-03-16,Bìa còng 5 cm,Hồ sơ và lưu trữ,King Jim,chiếc,69000.0,18,lecturer_sample,2025-09,345000.0,0.0,345000.0
ORD000399,P0006,4,82000.0,C0100,2025-09-01 20:36:00,cash,offline,0.0,Cần Thơ,retail,2024-03-16,Giấy in A4 70 gsm,Vở và giấy,Double A,ram,82000.0,25,lecturer_sample,2025-09,328000.0,0.0,328000.0
ORD000400,P0060,21,390000.0,C0206,2025-09-02 20:09:00,cash,online,0.0,TP. Hồ Chí Minh,wholesale,2024-03-08,Tai nghe có mic,Phụ kiện máy tính,Rapoo,chiếc,390000.0,8,lecturer_sample,2025-09,8190000.0,0.0,8190000.0
ORD000400,P0028,8,78000.0,C0206,2025-09-02 20:09:00,cash,online,0.0,TP. Hồ Chí Minh,wholesale,2024-03-08,Bộ màu nước 12 màu,Dụng cụ học tập,Pentel,bộ,78000.0,12,lecturer_sample,2025-09,624000.0,0.0,624000.0
ORD000400,P0023,28,42000.0,C0206,2025-09-02 20:09:00,cash,online,0.0,TP. Hồ Chí Minh,wholesale,2024-03-08,Compa học sinh,Dụng cụ học tập,Maped,chiếc,42000.0,15,lecturer_sample,2025-09,1176000.0,0.0,1176000.0
ORD000400,P0038,13,35000.0,C0206,2025-09-02 20:09:00,cash,online,0.0,TP. Hồ Chí Minh,wholesale,2024-03-08,Nhãn dán phân loại,Hồ sơ và lưu trữ,Avery,xấp,35000.0,18,lecturer_sample,2025-09,455000.0,0.0,455000.0
ORD000400,P0050,23,420000.0,C0206,2025-09-02 20:09:00,cash,online,0.0,TP. Hồ Chí Minh,wholesale,2024-03-08,Bảng trắng 60 x 90 cm,Thiết bị văn phòng,Bavico,chiếc,420000.0,5,lecturer_sample,2025-09,9660000.0,0.0,9660000.0
ORD000401,P0017,4,8464.0,C0129,2025-01-09 17:47:00,card,online,20000.0,Huế,retail,2024-07-20,Bút chì 2B,Bút viết,Staedtler,cây,9000.0,45,lecturer_sample,2025-01,33856.0,8272.087568412822,25583.912431587178
ORD000401,P0035,3,16000.0,C0129,2025-01-09 17:47:00,card,online,20000.0,Huế,retail,2024-07-20,Túi hồ sơ dây buộc,Hồ sơ và lưu trữ,Hồng Hà,chiếc,16000.0,25,lecturer_sample,2025-01,48000.0,11727.912431587178,36272.087568412826
ORD000402,P0089,1,1725570.0,C0208,2025-04-06 19:11:00,e-wallet,online,0.0,Cần Thơ,student,2024-12-27,Scott Pilgrim's Precious Little Life (Scott Pilgrim #1),Sách,Unknown,quyển,1725570.0,27,public_website,2025-04,1725570.0,0.0,1725570.0
ORD000402,P0086,1,461670.0,C0208,2025-04-06 19:11:00,e-wallet,online,0.0,Cần Thơ,student,2024-12-27,"Starving Hearts (Triangular Trade Trilogy, #1)",Sách,Unknown,quyển,461670.0,19,public_website,2025-04,461670.0,0.0,461670.0
ORD000403,P0088,3,576180.0,C0123,2025-08-25 03:25:00,e-wallet,shopee,0.0,Đà Nẵng,office,2024-03-28,Set Me Free,Sách,Unknown,quyển,576180.0,24,public_website,2025-08,1728540.0,0.0,1728540.0
ORD000403,P0043,2,3190000.0,C0123,2025-08-25 03:25:00,e-wallet,shopee,0.0,Đà Nẵng,office,2024-03-28,Máy in laser đơn sắc,Thiết bị văn phòng,Brother,chiếc,3190000.0,3,lecturer_sample,2025-08,6380000.0,0.0,6380000.0
ORD000403,P0032,2,12000.0,C0123,2025-08-25 03:25:00,e-wallet,shopee,0.0,Đà Nẵng,office,2024-03-28,Bìa nút A4,Hồ sơ và lưu trữ,Deli,chiếc,12000.0,35,lecturer_sample,2025-08,24000.0,0.0,24000.0
ORD000404,P0058,29,350000.0,C0049,2025-01-14 19:30:00,transfer,offline,0.0,Hà Nội,wholesale,2024-12-30,Bộ chia USB 4 cổng,Phụ kiện máy tính,Ugreen,chiếc,350000.0,8,lecturer_sample,2025-01,10150000.0,0.0,10150000.0
ORD000404,P0039,20,28000.0,C0049,2025-01-14 19:30:00,transfer,offline,0.0,Hà Nội,wholesale,2024-12-30,Kẹp bướm 25 mm,Hồ sơ và lưu trữ,Deli,hộp,28000.0,25,lecturer_sample,2025-01,560000.0,0.0,560000.0
ORD000404,P0056,8,180000.0,C0049,2025-01-14 19:30:00,transfer,offline,0.0,Hà Nội,wholesale,2024-12-30,Cáp HDMI 2 m,Phụ kiện máy tính,Ugreen,sợi,180000.0,12,lecturer_sample,2025-01,1440000.0,0.0,1440000.0
ORD000405,P0078,8,1653300.0,C0040,2025-12-26 23:31:00,cash,offline,0.0,TP. Hồ Chí Minh,wholesale,2023-12-03,Soumission,Sách,Unknown,quyển,1653300.0,22,public_website,2025-12,13226400.0,0.0,13226400.0
ORD000405,P0018,27,38000.0,C0040,2025-12-26 23:31:00,cash,offline,0.0,TP. Hồ Chí Minh,wholesale,2023-12-03,Bút chì kim 0.5 mm,Bút viết,Pentel,cây,38000.0,20,lecturer_sample,2025-12,1026000.0,0.0,1026000.0
ORD000406,P0049,5,122682.0,C0107,2025-09-12 03:37:00,e-wallet,online,0.0,Đà Nẵng,retail,2024-01-21,Máy đục lỗ 2 lỗ,Thiết bị văn phòng,Deli,chiếc,125000.0,10,lecturer_sample,2025-09,613410.0,0.0,613410.0
ORD000406,P0026,4,65000.0,C0107,2025-09-12 03:37:00,e-wallet,online,0.0,Đà Nẵng,retail,2024-01-21,Hộp bút vải,Dụng cụ học tập,OEM,chiếc,65000.0,15,lecturer_sample,2025-09,260000.0,0.0,260000.0
ORD000407,P0049,24,116401.0,C0016,2025-09-28 16:27:00,e-wallet,offline,0.0,Huế,wholesale,2024-10-14,Máy đục lỗ 2 lỗ,Thiết bị văn phòng,Deli,chiếc,125000.0,10,lecturer_sample,2025-09,2793624.0,0.0,2793624.0
ORD000407,P0025,27,15000.0,C0016,2025-09-28 16:27:00,e-wallet,offline,0.0,Huế,wholesale,2024-10-14,Gọt bút chì có hộp,Dụng cụ học tập,Deli,chiếc,15000.0,25,lecturer_sample,2025-09,405000.0,0.0,405000.0
ORD000408,P0039,4,28000.0,C0042,2025-05-29 03:12:00,card,website,0.0,TP. Hồ Chí Minh,retail,2024-05-20,Kẹp bướm 25 mm,Hồ sơ và lưu trữ,Deli,hộp,28000.0,25,lecturer_sample,2025-05,112000.0,0.0,112000.0
ORD000408,P0045,3,1729997.0,C0042,2025-05-29 03:12:00,card,website,0.0,TP. Hồ Chí Minh,retail,2024-05-20,Máy hủy tài liệu,Thiết bị văn phòng,Silicon,chiếc,1850000.0,3,lecturer_sample,2025-05,5189991.0,0.0,5189991.0
ORD000409,P0042,2,42000.0,C0107,2025-12-12 02:47:00,cash,shopee,0.0,Đà Nẵng,retail,2024-01-21,Pin AAA 4 viên,Thiết bị văn phòng,Panasonic,vỉ,42000.0,22,lecturer_sample,2025-12,84000.0,0.0,84000.0
ORD000409,P0088,2,576180.0,C0107,2025-12-12 02:47:00,cash,shopee,0.0,Đà Nẵng,retail,2024-01-21,Set Me Free,Sách,Unknown,quyển,576180.0,24,public_website,2025-12,1152360.0,0.0,1152360.0
ORD000409,P0084,1,734520.0,C0107,2025-12-12 02:47:00,cash,shopee,0.0,Đà Nẵng,retail,2024-01-21,The Boys in the Boat: Nine Americans and Their Epic Quest for Gold at the 1936 Berlin Olympics,Sách,Unknown,quyển,745800.0,13,public_website,2025-12,734520.0,0.0,734520.0
ORD000410,P0090,5,1155660.0,C0127,2025-06-05 19:13:00,transfer,shopee,0.0,TP. Hồ Chí Minh,retail,2024-11-21,Rip it Up and Start Again,Sách,Unknown,quyển,1155660.0,30,public_website,2025-06,5778300.0,0.0,5778300.0
ORD000410,P0032,1,12000.0,C0127,2025-06-05 19:13:00,transfer,shopee,0.0,TP. Hồ Chí Minh,retail,2024-11-21,Bìa nút A4,Hồ sơ và lưu trữ,Deli,chiếc,12000.0,35,lecturer_sample,2025-06,12000.0,0.0,12000.0
ORD000410,P0006,1,82000.0,C0127,2025-06-05 19:13:00,transfer,shopee,0.0,TP. Hồ Chí Minh,retail,2024-11-21,Giấy in A4 70 gsm,Vở và giấy,Double A,ram,82000.0,25,lecturer_sample,2025-06,82000.0,0.0,82000.0
ORD000411,P0030,5,14000.0,C0031,2025-10-15 19:31:00,card,website,0.0,Biên Hòa,retail,2024-10-22,Hồ khô 15 g,Dụng cụ học tập,Thiên Long,thỏi,14000.0,28,lecturer_sample,2025-10,70000.0,0.0,70000.0
ORD000411,P0032,1,11801.0,C0031,2025-10-15 19:31:00,card,website,0.0,Biên Hòa,retail,2024-10-22,Bìa nút A4,Hồ sơ và lưu trữ,Deli,chiếc,12000.0,35,lecturer_sample,2025-10,11801.0,0.0,11801.0
ORD000411,P0006,4,80904.0,C0031,2025-10-15 19:31:00,card,website,0.0,Biên Hòa,retail,2024-10-22,Giấy in A4 70 gsm,Vở và giấy,Double A,ram,82000.0,25,lecturer_sample,2025-10,323616.0,0.0,323616.0
ORD000412,P0072,2,1927228.0,C0194,2025-02-26 17:50:00,transfer,website,5000.0,Hà Nội,student,2024-07-25,Apple Airpower Wireless Charger,Phụ kiện máy tính,Apple,cái,1999750.0,1,public_api,2025-02,3854456.0,1362.1452939525077,3853093.8547060476
ORD000412,P0087,5,681780.0,C0194,2025-02-26 17:50:00,transfer,website,5000.0,Hà Nội,student,2024-07-25,Shakespeare's Sonnets,Sách,Unknown,quyển,681780.0,21,public_website,2025-02,3408900.0,1204.6880526213565,3407695.311947379
ORD000412,P0076,1,1708410.0,C0194,2025-02-26 17:50:00,transfer,website,5000.0,Hà Nội,student,2024-07-25,A Light in the Attic,Sách,Unknown,quyển,1708410.0,16,public_website,2025-02,1708410.0,603.7434703214678,1707806.2565296786
ORD000412,P0089,3,1725570.0,C0194,2025-02-26 17:50:00,transfer,website,5000.0,Hà Nội,student,2024-07-25,Scott Pilgrim's Precious Little Life (Scott Pilgrim #1),Sách,Unknown,quyển,1725570.0,27,public_website,2025-02,5176710.0,1829.423183104668,5174880.576816895
ORD000413,P0070,2,3249750.0,C0036,2025-03-04 19:28:00,e-wallet,offline,0.0,TP. Hồ Chí Minh,retail,2023-12-22,Apple Airpods,Phụ kiện máy tính,Apple,cái,3249750.0,13,public_api,2025-03,6499500.0,0.0,6499500.0
ORD000413,P0002,5,18000.0,C0036,2025-03-04 19:28:00,e-wallet,offline,0.0,TP. Hồ Chí Minh,retail,2023-12-22,Vở kẻ ngang 120 trang,Vở và giấy,Campus,quyển,18000.0,30,lecturer_sample,2025-03,90000.0,0.0,90000.0
ORD000413,P0042,2,42000.0,C0036,2025-03-04 19:28:00,e-wallet,offline,0.0,TP. Hồ Chí Minh,retail,2023-12-22,Pin AAA 4 viên,Thiết bị văn phòng,Panasonic,vỉ,42000.0,22,lecturer_sample,2025-03,84000.0,0.0,84000.0
ORD000413,P0026,4,65000.0,C0036,2025-03-04 19:28:00,e-wallet,offline,0.0,TP. Hồ Chí Minh,retail,2023-12-22,Hộp bút vải,Dụng cụ học tập,OEM,chiếc,65000.0,15,lecturer_sample,2025-03,260000.0,0.0,260000.0
ORD000413,P0016,4,24642.0,C0036,2025-03-04 19:28:00,e-wallet,offline,0.0,TP. Hồ Chí Minh,retail,2023-12-22,Ống mực bút máy xanh,Bút viết,Hồng Hà,hộp,25000.0,25,lecturer_sample,2025-03,98568.0,0.0,98568.0
ORD000414,P0070,15,3249750.0,C0133,2025-12-16 21:01:00,cash,offline,0.0,Nha Trang,wholesale,2024-08-14,Apple Airpods,Phụ kiện máy tính,Apple,cái,3249750.0,13,public_api,2025-12,48746250.0,0.0,48746250.0
ORD000414,P0064,29,27499750.0,C0133,2025-12-16 21:01:00,cash,offline,0.0,Nha Trang,wholesale,2024-08-14,Lenovo Yoga 920,Thiết bị văn phòng,Lenovo,chiếc,27499750.0,8,public_api,2025-12,797492750.0,0.0,797492750.0
ORD000415,P0057,26,215296.0,C0016,2025-07-22 04:02:00,card,offline,0.0,Huế,wholesale,2024-10-14,Cáp USB-C 1 m,Phụ kiện máy tính,Anker,sợi,220000.0,15,lecturer_sample,2025-07,5597696.0,0.0,5597696.0
ORD000415,P0083,28,580939.0,C0016,2025-07-22 04:02:00,card,offline,0.0,Huế,wholesale,2024-10-14,"The Coming Woman: A Novel Based on the Life of the Infamous Feminist, Victoria Woodhull",Sách,Unknown,quyển,591690.0,10,public_website,2025-07,16266292.0,0.0,16266292.0
ORD000415,P0006,5,80444.0,C0016,2025-07-22 04:02:00,card,offline,0.0,Huế,wholesale,2024-10-14,Giấy in A4 70 gsm,Vở và giấy,Double A,ram,82000.0,25,lecturer_sample,2025-07,402220.0,0.0,402220.0
ORD000416,P0018,6,38000.0,C0157,2025-03-18 03:25:00,e-wallet,shopee,0.0,Hải Phòng,office,2023-12-21,Bút chì kim 0.5 mm,Bút viết,Pentel,cây,38000.0,20,lecturer_sample,2025-03,228000.0,0.0,228000.0
ORD000416,P0019,10,22000.0,C0157,2025-03-18 03:25:00,e-wallet,shopee,0.0,Hải Phòng,office,2023-12-21,Ruột chì kim 0.5 mm,Bút viết,Pentel,hộp,22000.0,25,lecturer_sample,2025-03,220000.0,0.0,220000.0
ORD000416,P0073,4,2499750.0,C0157,2025-03-18 03:25:00,e-wallet,shopee,0.0,Hải Phòng,office,2023-12-21,Apple HomePod Mini Cosmic Grey,Phụ kiện máy tính,Apple,cái,2499750.0,5,public_api,2025-03,9999000.0,0.0,9999000.0
ORD000417,P0028,5,78000.0,C0139,2025-05-26 19:05:00,cash,offline,0.0,TP. Hồ Chí Minh,retail,2024-08-15,Bộ màu nước 12 màu,Dụng cụ học tập,Pentel,bộ,78000.0,12,lecturer_sample,2025-05,390000.0,0.0,390000.0
ORD000417,P0030,2,12983.0,C0139,2025-05-26 19:05:00,cash,offline,0.0,TP. Hồ Chí Minh,retail,2024-08-15,Hồ khô 15 g,Dụng cụ học tập,Thiên Long,thỏi,14000.0,28,lecturer_sample,2025-05,25966.0,0.0,25966.0
ORD000418,P0034,1,85000.0,C0109,2025-09-16 17:46:00,card,offline,0.0,Cần Thơ,retail,2024-03-11,File hộp 10 cm,Hồ sơ và lưu trữ,Flexoffice,chiếc,85000.0,15,lecturer_sample,2025-09,85000.0,0.0,85000.0
ORD000419,P0075,5,2499750.0,C0147,2025-01-03 23:21:00,card,offline,0.0,Đà Nẵng,retail,2024-09-06,Apple MagSafe Battery Pack,Phụ kiện máy tính,Apple,cái,2499750.0,1,public_api,2025-01,12498750.0,0.0,12498750.0
ORD000419,P0089,4,1725570.0,C0147,2025-01-03 23:21:00,card,offline,0.0,Đà Nẵng,retail,2024-09-06,Scott Pilgrim's Precious Little Life (Scott Pilgrim #1),Sách,Unknown,quyển,1725570.0,27,public_website,2025-01,6902280.0,0.0,6902280.0
ORD000419,P0082,2,1100220.0,C0147,2025-01-03 23:21:00,card,offline,0.0,Đà Nẵng,retail,2024-09-06,The Dirty Little Secrets of Getting Your Dream Job,Sách,Unknown,quyển,1100220.0,8,public_website,2025-01,2200440.0,0.0,2200440.0
ORD000419,P0056,5,180000.0,C0147,2025-01-03 23:21:00,card,offline,0.0,Đà Nẵng,retail,2024-09-06,Cáp HDMI 2 m,Phụ kiện máy tính,Ugreen,sợi,180000.0,12,lecturer_sample,2025-01,900000.0,0.0,900000.0
ORD000419,P0048,3,12000.0,C0147,2025-01-03 23:21:00,card,offline,0.0,Đà Nẵng,retail,2024-09-06,Kim bấm số 10,Thiết bị văn phòng,Max,hộp,12000.0,35,lecturer_sample,2025-01,36000.0,0.0,36000.0
ORD000420,P0009,26,18000.0,C0038,2025-12-31 22:53:00,e-wallet,offline,10000.0,Nha Trang,wholesale,2024-06-12,Giấy note 3 x 3 inch,Vở và giấy,Deli,xấp,18000.0,30,lecturer_sample,2025-12,468000.0,3676.355066771406,464323.6449332286
ORD000420,P0038,23,35000.0,C0038,2025-12-31 22:53:00,e-wallet,offline,10000.0,Nha Trang,wholesale,2024-06-12,Nhãn dán phân loại,Hồ sơ và lưu trữ,Avery,xấp,35000.0,18,lecturer_sample,2025-12,805000.0,6323.644933228594,798676.3550667714
ORD000421,P0038,18,31955.0,C0200,2025-07-22 20:37:00,e-wallet,shopee,0.0,Biên Hòa,wholesale,2024-03-18,Nhãn dán phân loại,Hồ sơ và lưu trữ,Avery,xấp,35000.0,18,lecturer_sample,2025-07,575190.0,0.0,575190.0
ORD000421,P0039,9,28000.0,C0200,2025-07-22 20:37:00,e-wallet,shopee,0.0,Biên Hòa,wholesale,2024-03-18,Kẹp bướm 25 mm,Hồ sơ và lưu trữ,Deli,hộp,28000.0,25,lecturer_sample,2025-07,252000.0,0.0,252000.0
ORD000422,P0012,4,5000.0,C0118,2025-03-09 03:32:00,cash,online,0.0,Cần Thơ,retail,2023-12-19,Bút bi đen 0.5 mm,Bút viết,Thiên Long,cây,5000.0,60,lecturer_sample,2025-03,20000.0,0.0,20000.0
ORD000422,P0019,3,22000.0,C0118,2025-03-09 03:32:00,cash,online,0.0,Cần Thơ,retail,2023-12-19,Ruột chì kim 0.5 mm,Bút viết,Pentel,hộp,22000.0,25,lecturer_sample,2025-03,66000.0,0.0,66000.0
ORD000422,P0042,1,42000.0,C0118,2025-03-09 03:32:00,cash,online,0.0,Cần Thơ,retail,2023-12-19,Pin AAA 4 viên,Thiết bị văn phòng,Panasonic,vỉ,42000.0,22,lecturer_sample,2025-03,42000.0,0.0,42000.0
ORD000422,P0068,1,8749750.0,C0118,2025-03-09 03:32:00,cash,online,0.0,Cần Thơ,retail,2023-12-19,Samsung Galaxy Tab White,Thiết bị văn phòng,Samsung,chiếc,8749750.0,18,public_api,2025-03,8749750.0,0.0,8749750.0
ORD000423,P0013,14,4597.0,C0096,2025-06-05 20:31:00,e-wallet,offline,0.0,Đà Nẵng,wholesale,2024-06-17,Bút bi đỏ 0.5 mm,Bút viết,Thiên Long,cây,5000.0,50,lecturer_sample,2025-06,64358.0,0.0,64358.0
ORD000424,P0007,4,99000.0,C0210,2025-09-08 16:07:00,e-wallet,website,0.0,Hà Nội,retail,2024-09-12,Giấy in A4 80 gsm,Vở và giấy,PaperOne,ram,99000.0,20,lecturer_sample,2025-09,396000.0,0.0,396000.0
ORD000424,P0043,5,3190000.0,C0210,2025-09-08 16:07:00,e-wallet,website,0.0,Hà Nội,retail,2024-09-12,Máy in laser đơn sắc,Thiết bị văn phòng,Brother,chiếc,3190000.0,3,lecturer_sample,2025-09,15950000.0,0.0,15950000.0
ORD000425,P0059,4,55000.0,C0036,2025-09-17 02:29:00,e-wallet,offline,0.0,TP. Hồ Chí Minh,retail,2023-12-22,Tấm lót chuột,Phụ kiện máy tính,OEM,chiếc,55000.0,20,lecturer_sample,2025-09,220000.0,0.0,220000.0
ORD000425,P0015,1,44105.0,C0036,2025-09-17 02:29:00,e-wallet,offline,0.0,TP. Hồ Chí Minh,retail,2023-12-22,Bút máy học sinh,Bút viết,Hồng Hà,cây,45000.0,20,lecturer_sample,2025-09,44105.0,0.0,44105.0
ORD000425,P0008,3,65000.0,C0036,2025-09-17 02:29:00,e-wallet,offline,0.0,TP. Hồ Chí Minh,retail,2023-12-22,Giấy màu A4 100 tờ,Vở và giấy,IK Plus,xấp,65000.0,15,lecturer_sample,2025-09,195000.0,0.0,195000.0
ORD000426,P0071,5,13749750.0,C0043,2025-12-29 16:36:00,cash,offline,0.0,Biên Hòa,retail,2024-02-16,Apple AirPods Max Silver,Phụ kiện máy tính,Apple,cái,13749750.0,11,public_api,2025-12,68748750.0,0.0,68748750.0
ORD000426,P0028,1,73863.0,C0043,2025-12-29 16:36:00,cash,offline,0.0,Biên Hòa,retail,2024-02-16,Bộ màu nước 12 màu,Dụng cụ học tập,Pentel,bộ,78000.0,12,lecturer_sample,2025-12,73863.0,0.0,73863.0
ORD000426,P0058,4,350000.0,C0043,2025-12-29 16:36:00,cash,offline,0.0,Biên Hòa,retail,2024-02-16,Bộ chia USB 4 cổng,Phụ kiện máy tính,Ugreen,chiếc,350000.0,8,lecturer_sample,2025-12,1400000.0,0.0,1400000.0
ORD000427,P0088,5,576180.0,C0005,2025-03-04 02:59:00,e-wallet,offline,0.0,Hà Nội,retail,2023-12-14,Set Me Free,Sách,Unknown,quyển,576180.0,24,public_website,2025-03,2880900.0,0.0,2880900.0
ORD000427,P0084,4,745800.0,C0005,2025-03-04 02:59:00,e-wallet,offline,0.0,Hà Nội,retail,2023-12-14,The Boys in the Boat: Nine Americans and Their Epic Quest for Gold at the 1936 Berlin Olympics,Sách,Unknown,quyển,745800.0,13,public_website,2025-03,2983200.0,0.0,2983200.0
ORD000427,P0018,4,34280.0,C0005,2025-03-04 02:59:00,e-wallet,offline,0.0,Hà Nội,retail,2023-12-14,Bút chì kim 0.5 mm,Bút viết,Pentel,cây,38000.0,20,lecturer_sample,2025-03,137120.0,0.0,137120.0
ORD000428,P0028,7,78000.0,C0112,2025-04-03 22:01:00,transfer,offline,10000.0,Đà Nẵng,wholesale,2024-05-16,Bộ màu nước 12 màu,Dụng cụ học tập,Pentel,bộ,78000.0,12,lecturer_sample,2025-04,546000.0,3408.239700374532,542591.7602996255
ORD000428,P0023,18,42000.0,C0112,2025-04-03 22:01:00,transfer,offline,10000.0,Đà Nẵng,wholesale,2024-05-16,Compa học sinh,Dụng cụ học tập,Maped,chiếc,42000.0,15,lecturer_sample,2025-04,756000.0,4719.101123595506,751280.8988764045
ORD000428,P0011,6,5000.0,C0112,2025-04-03 22:01:00,transfer,offline,10000.0,Đà Nẵng,wholesale,2024-05-16,Bút bi xanh 0.5 mm,Bút viết,Thiên Long,cây,5000.0,70,lecturer_sample,2025-04,30000.0,187.26591760299627,29812.734082397004
ORD000428,P0009,15,18000.0,C0112,2025-04-03 22:01:00,transfer,offline,10000.0,Đà Nẵng,wholesale,2024-05-16,Giấy note 3 x 3 inch,Vở và giấy,Deli,xấp,18000.0,30,lecturer_sample,2025-04,270000.0,1685.3932584269662,268314.606741573
ORD000429,P0013,1,5000.0,C0183,2025-01-30 20:24:00,card,offline,0.0,Hải Phòng,retail,2024-06-29,Bút bi đỏ 0.5 mm,Bút viết,Thiên Long,cây,5000.0,50,lecturer_sample,2025-01,5000.0,0.0,5000.0
ORD000430,P0069,1,2499750.0,C0062,2025-11-03 01:15:00,e-wallet,offline,50000.0,TP. Hồ Chí Minh,student,2023-12-01,Amazon Echo Plus,Phụ kiện máy tính,Amazon,cái,2499750.0,12,public_api,2025-11,2499750.0,40307.600322751045,2459442.399677249
ORD000430,P0051,2,288536.0,C0062,2025-11-03 01:15:00,e-wallet,offline,50000.0,TP. Hồ Chí Minh,student,2023-12-01,Chuột không dây,Phụ kiện máy tính,Logitech,chiếc,320000.0,10,lecturer_sample,2025-11,577072.0,9305.08552193243,567766.9144780675
ORD000430,P0011,5,4804.0,C0062,2025-11-03 01:15:00,e-wallet,offline,50000.0,TP. Hồ Chí Minh,student,2023-12-01,Bút bi xanh 0.5 mm,Bút viết,Thiên Long,cây,5000.0,70,lecturer_sample,2025-11,24020.0,387.31415531652374,23632.685844683478
ORD000431,P0050,2,420000.0,C0064,2025-10-13 02:50:00,transfer,shopee,0.0,Huế,retail,2023-12-14,Bảng trắng 60 x 90 cm,Thiết bị văn phòng,Bavico,chiếc,420000.0,5,lecturer_sample,2025-10,840000.0,0.0,840000.0
ORD000432,P0049,6,116777.0,C0044,2025-05-07 00:27:00,e-wallet,offline,5000.0,Cần Thơ,office,2024-12-01,Máy đục lỗ 2 lỗ,Thiết bị văn phòng,Deli,chiếc,125000.0,10,lecturer_sample,2025-05,700662.0,163.2650074823562,700498.7349925176
ORD000432,P0005,7,72613.0,C0044,2025-05-07 00:27:00,e-wallet,offline,5000.0,Cần Thơ,office,2024-12-01,Sổ tay bìa da A5,Vở và giấy,OEM,quyển,79000.0,15,lecturer_sample,2025-05,508291.0,118.43960985213172,508172.56039014785
ORD000432,P0076,10,1708410.0,C0044,2025-05-07 00:27:00,e-wallet,offline,5000.0,Cần Thơ,office,2024-12-01,A Light in the Attic,Sách,Unknown,quyển,1708410.0,16,public_website,2025-05,17084100.0,3980.8576950502834,17080119.14230495
ORD000432,P0055,4,266190.0,C0044,2025-05-07 00:27:00,e-wallet,offline,5000.0,Cần Thơ,office,2024-12-01,Thẻ nhớ microSD 64 GB,Phụ kiện máy tính,SanDisk,chiếc,280000.0,10,lecturer_sample,2025-05,1064760.0,248.1054336711761,1064511.8945663287
ORD000432,P0058,6,350000.0,C0044,2025-05-07 00:27:00,e-wallet,offline,5000.0,Cần Thơ,office,2024-12-01,Bộ chia USB 4 cổng,Phụ kiện máy tính,Ugreen,chiếc,350000.0,8,lecturer_sample,2025-05,2100000.0,489.3322539440529,2099510.667746056
ORD000433,P0025,7,15000.0,C0179,2025-03-04 18:46:00,card,website,0.0,Nha Trang,office,2024-06-30,Gọt bút chì có hộp,Dụng cụ học tập,Deli,chiếc,15000.0,25,lecturer_sample,2025-03,105000.0,0.0,105000.0
ORD000433,P0038,9,35000.0,C0179,2025-03-04 18:46:00,card,website,0.0,Nha Trang,office,2024-06-30,Nhãn dán phân loại,Hồ sơ và lưu trữ,Avery,xấp,35000.0,18,lecturer_sample,2025-03,315000.0,0.0,315000.0
ORD000434,P0053,1,158490.0,C0170,2025-06-14 21:13:00,cash,online,0.0,Hải Phòng,student,2024-12-16,USB 32 GB,Phụ kiện máy tính,SanDisk,chiếc,165000.0,15,lecturer_sample,2025-06,158490.0,0.0,158490.0
ORD000434,P0002,4,18000.0,C0170,2025-06-14 21:13:00,cash,online,0.0,Hải Phòng,student,2024-12-16,Vở kẻ ngang 120 trang,Vở và giấy,Campus,quyển,18000.0,30,lecturer_sample,2025-06,72000.0,0.0,72000.0
ORD000435,P0008,7,60702.0,C0179,2025-12-27 23:48:00,e-wallet,shopee,0.0,Nha Trang,office,2024-06-30,Giấy màu A4 100 tờ,Vở và giấy,IK Plus,xấp,65000.0,15,lecturer_sample,2025-12,424914.0,0.0,424914.0
ORD000435,P0079,11,1578060.0,C0179,2025-12-27 23:48:00,e-wallet,shopee,0.0,Nha Trang,office,2024-06-30,Sharp Objects,Sách,Unknown,quyển,1578060.0,24,public_website,2025-12,17358660.0,0.0,17358660.0
ORD000436,P0086,3,461670.0,C0046,2025-12-23 16:07:00,cash,shopee,0.0,Cần Thơ,student,2024-01-21,"Starving Hearts (Triangular Trade Trilogy, #1)",Sách,Unknown,quyển,461670.0,19,public_website,2025-12,1385010.0,0.0,1385010.0
ORD000436,P0039,5,28000.0,C0046,2025-12-23 16:07:00,cash,shopee,0.0,Cần Thơ,student,2024-01-21,Kẹp bướm 25 mm,Hồ sơ và lưu trữ,Deli,hộp,28000.0,25,lecturer_sample,2025-12,140000.0,0.0,140000.0
ORD000437,P0005,2,79000.0,C0207,2025-04-24 19:31:00,e-wallet,offline,20000.0,Hải Phòng,retail,2024-10-14,Sổ tay bìa da A5,Vở và giấy,OEM,quyển,79000.0,15,lecturer_sample,2025-04,158000.0,13.467166855427193,157986.53283314456
ORD000437,P0045,5,1850000.0,C0207,2025-04-24 19:31:00,e-wallet,offline,20000.0,Hải Phòng,retail,2024-10-14,Máy hủy tài liệu,Thiết bị văn phòng,Silicon,chiếc,1850000.0,3,lecturer_sample,2025-04,9250000.0,788.4259076753262,9249211.574092325
ORD000437,P0062,5,44999750.0,C0207,2025-04-24 19:31:00,e-wallet,offline,20000.0,Hải Phòng,retail,2024-10-14,Asus Zenbook Pro Dual Screen Laptop,Thiết bị văn phòng,Asus,chiếc,44999750.0,9,public_api,2025-04,224998750.0,19177.820939952842,224979572.17906004
ORD000437,P0002,1,18000.0,C0207,2025-04-24 19:31:00,e-wallet,offline,20000.0,Hải Phòng,retail,2024-10-14,Vở kẻ ngang 120 trang,Vở và giấy,Campus,quyển,18000.0,30,lecturer_sample,2025-04,18000.0,1.5342341987195538,17998.46576580128
ORD000437,P0057,1,220000.0,C0207,2025-04-24 19:31:00,e-wallet,offline,20000.0,Hải Phòng,retail,2024-10-14,Cáp USB-C 1 m,Phụ kiện máy tính,Anker,sợi,220000.0,15,lecturer_sample,2025-04,220000.0,18.751751317683436,219981.24824868233
ORD000438,P0018,18,38000.0,C0146,2025-04-28 00:46:00,e-wallet,offline,0.0,Nha Trang,wholesale,2024-05-13,Bút chì kim 0.5 mm,Bút viết,Pentel,cây,38000.0,20,lecturer_sample,2025-04,684000.0,0.0,684000.0
ORD000438,P0089,25,1725570.0,C0146,2025-04-28 00:46:00,e-wallet,offline,0.0,Nha Trang,wholesale,2024-05-13,Scott Pilgrim's Precious Little Life (Scott Pilgrim #1),Sách,Unknown,quyển,1725570.0,27,public_website,2025-04,43139250.0,0.0,43139250.0
ORD000438,P0048,15,12000.0,C0146,2025-04-28 00:46:00,e-wallet,offline,0.0,Nha Trang,wholesale,2024-05-13,Kim bấm số 10,Thiết bị văn phòng,Max,hộp,12000.0,35,lecturer_sample,2025-04,180000.0,0.0,180000.0
ORD000439,P0045,8,1850000.0,C0105,2025-05-21 17:43:00,cash,offline,10000.0,Cần Thơ,office,2024-09-06,Máy hủy tài liệu,Thiết bị văn phòng,Silicon,chiếc,1850000.0,3,lecturer_sample,2025-05,14800000.0,7037.565382786496,14792962.434617214
ORD000439,P0046,7,890000.0,C0105,2025-05-21 17:43:00,cash,offline,10000.0,Cần Thơ,office,2024-09-06,Máy ép plastic A4,Thiết bị văn phòng,Deli,chiếc,890000.0,4,lecturer_sample,2025-05,6230000.0,2962.4346172135047,6227037.565382786
ORD000440,P0003,3,14000.0,C0050,2025-06-21 17:56:00,transfer,offline,10000.0,Hà Nội,retail,2024-08-04,Vở ô ly 96 trang,Vở và giấy,Hồng Hà,quyển,14000.0,35,lecturer_sample,2025-06,42000.0,119.0455269777005,41880.9544730223
ORD000440,P0089,1,1725570.0,C0050,2025-06-21 17:56:00,transfer,offline,10000.0,Hà Nội,retail,2024-08-04,Scott Pilgrim's Precious Little Life (Scott Pilgrim #1),Sách,Unknown,quyển,1725570.0,27,public_website,2025-06,1725570.0,4890.985475878825,1720679.014524121
ORD000440,P0086,4,440123.0,C0050,2025-06-21 17:56:00,transfer,offline,10000.0,Hà Nội,retail,2024-08-04,"Starving Hearts (Triangular Trade Trilogy, #1)",Sách,Unknown,quyển,461670.0,19,public_website,2025-06,1760492.0,4989.968997143474,1755502.0310028566
ORD000441,P0022,5,17729.0,C0161,2025-06-21 20:15:00,cash,shopee,0.0,Hà Nội,student,2024-02-11,Thước ê ke 2 chiếc,Dụng cụ học tập,Deli,bộ,18000.0,20,lecturer_sample,2025-06,88645.0,0.0,88645.0
ORD000442,P0056,6,169159.0,C0199,2025-11-05 01:28:00,cash,shopee,0.0,TP. Hồ Chí Minh,wholesale,2024-07-27,Cáp HDMI 2 m,Phụ kiện máy tính,Ugreen,sợi,180000.0,12,lecturer_sample,2025-11,1014954.0,0.0,1014954.0
ORD000442,P0052,14,290000.0,C0199,2025-11-05 01:28:00,cash,shopee,0.0,TP. Hồ Chí Minh,wholesale,2024-07-27,Bàn phím có dây,Phụ kiện máy tính,Logitech,chiếc,290000.0,8,lecturer_sample,2025-11,4060000.0,0.0,4060000.0
ORD000442,P0059,18,55000.0,C0199,2025-11-05 01:28:00,cash,shopee,0.0,TP. Hồ Chí Minh,wholesale,2024-07-27,Tấm lót chuột,Phụ kiện máy tính,OEM,chiếc,55000.0,20,lecturer_sample,2025-11,990000.0,0.0,990000.0
ORD000442,P0006,26,82000.0,C0199,2025-11-05 01:28:00,cash,shopee,0.0,TP. Hồ Chí Minh,wholesale,2024-07-27,Giấy in A4 70 gsm,Vở và giấy,Double A,ram,82000.0,25,lecturer_sample,2025-11,2132000.0,0.0,2132000.0
ORD000442,P0043,6,3190000.0,C0199,2025-11-05 01:28:00,cash,shopee,0.0,TP. Hồ Chí Minh,wholesale,2024-07-27,Máy in laser đơn sắc,Thiết bị văn phòng,Brother,chiếc,3190000.0,3,lecturer_sample,2025-11,19140000.0,0.0,19140000.0
ORD000443,P0022,5,18000.0,C0098,2025-07-25 17:39:00,e-wallet,shopee,50000.0,TP. Hồ Chí Minh,retail,2024-12-16,Thước ê ke 2 chiếc,Dụng cụ học tập,Deli,bộ,18000.0,20,lecturer_sample,2025-07,90000.0,4812.834224598931,85187.16577540107
ORD000443,P0053,3,165000.0,C0098,2025-07-25 17:39:00,e-wallet,shopee,50000.0,TP. Hồ Chí Minh,retail,2024-12-16,USB 32 GB,Phụ kiện máy tính,SanDisk,chiếc,165000.0,15,lecturer_sample,2025-07,495000.0,26470.58823529412,468529.4117647059
ORD000443,P0058,1,350000.0,C0098,2025-07-25 17:39:00,e-wallet,shopee,50000.0,TP. Hồ Chí Minh,retail,2024-12-16,Bộ chia USB 4 cổng,Phụ kiện máy tính,Ugreen,chiếc,350000.0,8,lecturer_sample,2025-07,350000.0,18716.57754010695,331283.42245989305
ORD000444,P0053,6,165000.0,C0085,2025-10-28 19:06:00,transfer,online,10000.0,Hải Phòng,office,2024-04-27,USB 32 GB,Phụ kiện máy tính,SanDisk,chiếc,165000.0,15,lecturer_sample,2025-10,990000.0,10000.0,980000.0
ORD000445,P0074,3,499750.0,C0124,2025-11-14 23:11:00,e-wallet,online,20000.0,Nha Trang,retail,2024-02-26,Apple iPhone Charger,Phụ kiện máy tính,Apple,cái,499750.0,6,public_api,2025-11,1499250.0,20000.0,1479250.0
ORD000446,P0030,5,13305.0,C0139,2025-03-16 18:30:00,transfer,offline,0.0,TP. Hồ Chí Minh,retail,2024-08-15,Hồ khô 15 g,Dụng cụ học tập,Thiên Long,thỏi,14000.0,28,lecturer_sample,2025-03,66525.0,0.0,66525.0
ORD000446,P0033,1,69000.0,C0139,2025-03-16 18:30:00,transfer,offline,0.0,TP. Hồ Chí Minh,retail,2024-08-15,Bìa còng 5 cm,Hồ sơ và lưu trữ,King Jim,chiếc,69000.0,18,lecturer_sample,2025-03,69000.0,0.0,69000.0
ORD000446,P0006,2,78527.0,C0139,2025-03-16 18:30:00,transfer,offline,0.0,TP. Hồ Chí Minh,retail,2024-08-15,Giấy in A4 70 gsm,Vở và giấy,Double A,ram,82000.0,25,lecturer_sample,2025-03,157054.0,0.0,157054.0
ORD000447,P0061,4,49999750.0,C0052,2025-02-05 21:12:00,card,online,0.0,TP. Hồ Chí Minh,retail,2024-03-30,Apple MacBook Pro 14 Inch Space Grey,Thiết bị văn phòng,Apple,chiếc,49999750.0,5,public_api,2025-02,199999000.0,0.0,199999000.0
ORD000447,P0089,1,1725570.0,C0052,2025-02-05 21:12:00,card,online,0.0,TP. Hồ Chí Minh,retail,2024-03-30,Scott Pilgrim's Precious Little Life (Scott Pilgrim #1),Sách,Unknown,quyển,1725570.0,27,public_website,2025-02,1725570.0,0.0,1725570.0
ORD000447,P0029,1,25000.0,C0052,2025-02-05 21:12:00,card,online,0.0,TP. Hồ Chí Minh,retail,2024-03-30,Kéo học sinh 13 cm,Dụng cụ học tập,Deli,chiếc,25000.0,18,lecturer_sample,2025-02,25000.0,0.0,25000.0
ORD000448,P0055,4,280000.0,C0001,2025-11-24 19:44:00,card,shopee,0.0,TP. Hồ Chí Minh,retail,2024-10-20,Thẻ nhớ microSD 64 GB,Phụ kiện máy tính,SanDisk,chiếc,280000.0,10,lecturer_sample,2025-11,1120000.0,0.0,1120000.0
ORD000449,P0004,5,39160.0,C0048,2025-01-04 21:00:00,e-wallet,offline,20000.0,Đà Nẵng,retail,2024-12-22,Sổ lò xo A5 200 trang,Vở và giấy,Hải Tiến,quyển,42000.0,20,lecturer_sample,2025-01,195800.0,20000.0,175800.0
ORD000450,P0080,1,1789590.0,C0008,2025-04-12 19:18:00,transfer,offline,0.0,Cần Thơ,student,2024-09-24,Sapiens: A Brief History of Humankind,Sách,Unknown,quyển,1789590.0,27,public_website,2025-04,1789590.0,0.0,1789590.0
ORD000451,P0035,3,16000.0,C0068,2025-02-21 16:53:00,transfer,offline,0.0,Nha Trang,retail,2024-07-27,Túi hồ sơ dây buộc,Hồ sơ và lưu trữ,Hồng Hà,chiếc,16000.0,25,lecturer_sample,2025-02,48000.0,0.0,48000.0
ORD000451,P0073,5,2474234.0,C0068,2025-02-21 16:53:00,transfer,offline,0.0,Nha Trang,retail,2024-07-27,Apple HomePod Mini Cosmic Grey,Phụ kiện máy tính,Apple,cái,2499750.0,5,public_api,2025-02,12371170.0,0.0,12371170.0
ORD000451,P0074,4,452716.0,C0068,2025-02-21 16:53:00,transfer,offline,0.0,Nha Trang,retail,2024-07-27,Apple iPhone Charger,Phụ kiện máy tính,Apple,cái,499750.0,6,public_api,2025-02,1810864.0,0.0,1810864.0
ORD000451,P0086,2,420938.0,C0068,2025-02-21 16:53:00,transfer,offline,0.0,Nha Trang,retail,2024-07-27,"Starving Hearts (Triangular Trade Trilogy, #1)",Sách,Unknown,quyển,461670.0,19,public_website,2025-02,841876.0,0.0,841876.0
ORD000452,P0028,14,72500.0,C0049,2025-04-10 00:24:00,transfer,website,0.0,Hà Nội,wholesale,2024-12-30,Bộ màu nước 12 màu,Dụng cụ học tập,Pentel,bộ,78000.0,12,lecturer_sample,2025-04,1015000.0,0.0,1015000.0
ORD000452,P0038,6,35000.0,C0049,2025-04-10 00:24:00,transfer,website,0.0,Hà Nội,wholesale,2024-12-30,Nhãn dán phân loại,Hồ sơ và lưu trữ,Avery,xấp,35000.0,18,lecturer_sample,2025-04,210000.0,0.0,210000.0
ORD000452,P0056,13,175794.0,C0049,2025-04-10 00:24:00,transfer,website,0.0,Hà Nội,wholesale,2024-12-30,Cáp HDMI 2 m,Phụ kiện máy tính,Ugreen,sợi,180000.0,12,lecturer_sample,2025-04,2285322.0,0.0,2285322.0
ORD000453,P0042,4,40238.0,C0150,2025-09-08 19:46:00,cash,offline,0.0,Cần Thơ,retail,2023-11-28,Pin AAA 4 viên,Thiết bị văn phòng,Panasonic,vỉ,42000.0,22,lecturer_sample,2025-09,160952.0,0.0,160952.0
ORD000454,P0029,5,25000.0,C0131,2025-07-11 23:33:00,e-wallet,online,0.0,Nha Trang,retail,2024-03-05,Kéo học sinh 13 cm,Dụng cụ học tập,Deli,chiếc,25000.0,18,lecturer_sample,2025-07,125000.0,0.0,125000.0
ORD000454,P0034,5,85000.0,C0131,2025-07-11 23:33:00,e-wallet,online,0.0,Nha Trang,retail,2024-03-05,File hộp 10 cm,Hồ sơ và lưu trữ,Flexoffice,chiếc,85000.0,15,lecturer_sample,2025-07,425000.0,0.0,425000.0
ORD000455,P0036,1,185000.0,C0054,2025-04-23 19:28:00,cash,offline,0.0,Đà Nẵng,retail,2024-08-26,Khay tài liệu 3 tầng,Hồ sơ và lưu trữ,Deli,bộ,185000.0,8,lecturer_sample,2025-04,185000.0,0.0,185000.0
ORD000455,P0028,5,78000.0,C0054,2025-04-23 19:28:00,cash,offline,0.0,Đà Nẵng,retail,2024-08-26,Bộ màu nước 12 màu,Dụng cụ học tập,Pentel,bộ,78000.0,12,lecturer_sample,2025-04,390000.0,0.0,390000.0
ORD000455,P0081,5,747450.0,C0054,2025-04-23 19:28:00,cash,offline,0.0,Đà Nẵng,retail,2024-08-26,The Requiem Red,Sách,Unknown,quyển,747450.0,30,public_website,2025-04,3737250.0,0.0,3737250.0
ORD000455,P0086,5,461670.0,C0054,2025-04-23 19:28:00,cash,offline,0.0,Đà Nẵng,retail,2024-08-26,"Starving Hearts (Triangular Trade Trilogy, #1)",Sách,Unknown,quyển,461670.0,19,public_website,2025-04,2308350.0,0.0,2308350.0
ORD000456,P0075,3,2499750.0,C0110,2025-08-19 23:27:00,transfer,offline,0.0,Hà Nội,retail,2024-04-04,Apple MagSafe Battery Pack,Phụ kiện máy tính,Apple,cái,2499750.0,1,public_api,2025-08,7499250.0,0.0,7499250.0
ORD000456,P0028,3,72268.0,C0110,2025-08-19 23:27:00,transfer,offline,0.0,Hà Nội,retail,2024-04-04,Bộ màu nước 12 màu,Dụng cụ học tập,Pentel,bộ,78000.0,12,lecturer_sample,2025-08,216804.0,0.0,216804.0
ORD000457,P0025,1,15000.0,C0129,2025-09-21 00:41:00,cash,offline,0.0,Huế,retail,2024-07-20,Gọt bút chì có hộp,Dụng cụ học tập,Deli,chiếc,15000.0,25,lecturer_sample,2025-09,15000.0,0.0,15000.0
ORD000458,P0068,5,7881495.0,C0086,2025-04-12 02:21:00,transfer,website,0.0,Hà Nội,student,2024-09-19,Samsung Galaxy Tab White,Thiết bị văn phòng,Samsung,chiếc,8749750.0,18,public_api,2025-04,39407475.0,0.0,39407475.0
ORD000458,P0078,3,1653300.0,C0086,2025-04-12 02:21:00,transfer,website,0.0,Hà Nội,student,2024-09-19,Soumission,Sách,Unknown,quyển,1653300.0,22,public_website,2025-04,4959900.0,0.0,4959900.0
ORD000458,P0079,3,1477605.0,C0086,2025-04-12 02:21:00,transfer,website,0.0,Hà Nội,student,2024-09-19,Sharp Objects,Sách,Unknown,quyển,1578060.0,24,public_website,2025-04,4432815.0,0.0,4432815.0
ORD000459,P0058,12,350000.0,C0104,2025-10-25 04:41:00,transfer,website,0.0,Hà Nội,wholesale,2024-10-27,Bộ chia USB 4 cổng,Phụ kiện máy tính,Ugreen,chiếc,350000.0,8,lecturer_sample,2025-10,4200000.0,0.0,4200000.0
ORD000460,P0073,2,2499750.0,C0192,2025-04-18 23:14:00,cash,offline,0.0,Nha Trang,retail,2024-05-18,Apple HomePod Mini Cosmic Grey,Phụ kiện máy tính,Apple,cái,2499750.0,5,public_api,2025-04,4999500.0,0.0,4999500.0
ORD000460,P0065,4,37499750.0,C0192,2025-04-18 23:14:00,cash,offline,0.0,Nha Trang,retail,2024-05-18,New DELL XPS 13 9300 Laptop,Thiết bị văn phòng,Dell,chiếc,37499750.0,14,public_api,2025-04,149999000.0,0.0,149999000.0
ORD000461,P0079,3,1578060.0,C0116,2025-10-13 16:23:00,e-wallet,shopee,0.0,Đà Nẵng,retail,2024-11-15,Sharp Objects,Sách,Unknown,quyển,1578060.0,24,public_website,2025-10,4734180.0,0.0,4734180.0
ORD000461,P0089,4,1725570.0,C0116,2025-10-13 16:23:00,e-wallet,shopee,0.0,Đà Nẵng,retail,2024-11-15,Scott Pilgrim's Precious Little Life (Scott Pilgrim #1),Sách,Unknown,quyển,1725570.0,27,public_website,2025-10,6902280.0,0.0,6902280.0
ORD000462,P0027,2,83328.0,C0193,2025-07-27 04:49:00,e-wallet,website,20000.0,Cần Thơ,student,2024-06-30,Bộ màu sáp 24 màu,Dụng cụ học tập,Crayola,bộ,92000.0,12,lecturer_sample,2025-07,166656.0,2435.3234121649266,164220.67658783507
ORD000462,P0052,4,290000.0,C0193,2025-07-27 04:49:00,e-wallet,website,20000.0,Cần Thơ,student,2024-06-30,Bàn phím có dây,Phụ kiện máy tính,Logitech,chiếc,290000.0,8,lecturer_sample,2025-07,1160000.0,16950.935808559636,1143049.0641914404
ORD000462,P0004,1,42000.0,C0193,2025-07-27 04:49:00,e-wallet,website,20000.0,Cần Thơ,student,2024-06-30,Sổ lò xo A5 200 trang,Vở và giấy,Hải Tiến,quyển,42000.0,20,lecturer_sample,2025-07,42000.0,613.7407792754352,41386.25922072456
ORD000463,P0059,1,51410.0,C0116,2025-11-24 20:05:00,cash,offline,50000.0,Đà Nẵng,retail,2024-11-15,Tấm lót chuột,Phụ kiện máy tính,OEM,chiếc,55000.0,20,lecturer_sample,2025-11,51410.0,50000.0,1410.0
ORD000464,P0040,3,18000.0,C0053,2025-04-30 20:42:00,e-wallet,offline,0.0,TP. Hồ Chí Minh,office,2024-08-02,Kẹp giấy 33 mm,Hồ sơ và lưu trữ,Plus,hộp,18000.0,30,lecturer_sample,2025-04,54000.0,0.0,54000.0
ORD000464,P0033,8,69000.0,C0053,2025-04-30 20:42:00,e-wallet,offline,0.0,TP. Hồ Chí Minh,office,2024-08-02,Bìa còng 5 cm,Hồ sơ và lưu trữ,King Jim,chiếc,69000.0,18,lecturer_sample,2025-04,552000.0,0.0,552000.0
ORD000464,P0006,3,82000.0,C0053,2025-04-30 20:42:00,e-wallet,offline,0.0,TP. Hồ Chí Minh,office,2024-08-02,Giấy in A4 70 gsm,Vở và giấy,Double A,ram,82000.0,25,lecturer_sample,2025-04,246000.0,0.0,246000.0
ORD000465,P0063,12,34999750.0,C0053,2025-03-08 19:19:00,transfer,online,0.0,TP. Hồ Chí Minh,office,2024-08-02,Huawei Matebook X Pro,Thiết bị văn phòng,Huawei,chiếc,34999750.0,15,public_api,2025-03,419997000.0,0.0,419997000.0
ORD000465,P0045,5,1850000.0,C0053,2025-03-08 19:19:00,transfer,online,0.0,TP. Hồ Chí Minh,office,2024-08-02,Máy hủy tài liệu,Thiết bị văn phòng,Silicon,chiếc,1850000.0,3,lecturer_sample,2025-03,9250000.0,0.0,9250000.0
ORD000465,P0054,4,245000.0,C0053,2025-03-08 19:19:00,transfer,online,0.0,TP. Hồ Chí Minh,office,2024-08-02,USB 64 GB,Phụ kiện máy tính,Kingston,chiếc,245000.0,12,lecturer_sample,2025-03,980000.0,0.0,980000.0
ORD000466,P0029,5,25000.0,C0212,2025-07-25 01:51:00,e-wallet,online,0.0,Huế,retail,2024-10-24,Kéo học sinh 13 cm,Dụng cụ học tập,Deli,chiếc,25000.0,18,lecturer_sample,2025-07,125000.0,0.0,125000.0
ORD000467,P0032,12,12000.0,C0024,2025-05-29 02:56:00,e-wallet,offline,50000.0,Cần Thơ,office,2024-06-09,Bìa nút A4,Hồ sơ và lưu trữ,Deli,chiếc,12000.0,35,lecturer_sample,2025-05,144000.0,200.58844850128392,143799.41155149872
ORD000467,P0073,11,2499750.0,C0024,2025-05-29 02:56:00,e-wallet,offline,50000.0,Cần Thơ,office,2024-06-09,Apple HomePod Mini Cosmic Grey,Phụ kiện máy tính,Apple,cái,2499750.0,5,public_api,2025-05,27497250.0,38302.99108022173,27458947.00891978
ORD000467,P0074,2,499750.0,C0024,2025-05-29 02:56:00,e-wallet,offline,50000.0,Cần Thơ,office,2024-06-09,Apple iPhone Charger,Phụ kiện máy tính,Apple,cái,499750.0,6,public_api,2025-05,999500.0,1392.2788491460644,998107.7211508539
ORD000467,P0076,4,1708410.0,C0024,2025-05-29 02:56:00,e-wallet,offline,50000.0,Cần Thơ,office,2024-06-09,A Light in the Attic,Sách,Unknown,quyển,1708410.0,16,public_website,2025-05,6833640.0,9519.091980668845,6824120.908019331
ORD000467,P0038,12,35000.0,C0024,2025-05-29 02:56:00,e-wallet,offline,50000.0,Cần Thơ,office,2024-06-09,Nhãn dán phân loại,Hồ sơ và lưu trữ,Avery,xấp,35000.0,18,lecturer_sample,2025-05,420000.0,585.0496414620781,419414.9503585379
ORD000468,P0019,21,20446.0,C0171,2025-02-05 03:46:00,cash,shopee,0.0,Biên Hòa,wholesale,2024-04-17,Ruột chì kim 0.5 mm,Bút viết,Pentel,hộp,22000.0,25,lecturer_sample,2025-02,429366.0,0.0,429366.0
ORD000468,P0045,19,1850000.0,C0171,2025-02-05 03:46:00,cash,shopee,0.0,Biên Hòa,wholesale,2024-04-17,Máy hủy tài liệu,Thiết bị văn phòng,Silicon,chiếc,1850000.0,3,lecturer_sample,2025-02,35150000.0,0.0,35150000.0
ORD000468,P0089,11,1725570.0,C0171,2025-02-05 03:46:00,cash,shopee,0.0,Biên Hòa,wholesale,2024-04-17,Scott Pilgrim's Precious Little Life (Scott Pilgrim #1),Sách,Unknown,quyển,1725570.0,27,public_website,2025-02,18981270.0,0.0,18981270.0
ORD000469,P0068,4,8749750.0,C0119,2025-01-14 17:40:00,transfer,offline,5000.0,Huế,retail,2023-12-18,Samsung Galaxy Tab White,Thiết bị văn phòng,Samsung,chiếc,8749750.0,18,public_api,2025-01,34999000.0,3687.6522411704127,34995312.34775883
ORD000469,P0043,1,3190000.0,C0119,2025-01-14 17:40:00,transfer,offline,5000.0,Huế,retail,2023-12-18,Máy in laser đơn sắc,Thiết bị văn phòng,Brother,chiếc,3190000.0,3,lecturer_sample,2025-01,3190000.0,336.1127646313785,3189663.8872353686
ORD000469,P0078,2,1553102.0,C0119,2025-01-14 17:40:00,transfer,offline,5000.0,Huế,retail,2023-12-18,Soumission,Sách,Unknown,quyển,1653300.0,22,public_website,2025-01,3106204.0,327.28364073637823,3105876.7163592638
ORD000469,P0079,4,1539777.0,C0119,2025-01-14 17:40:00,transfer,offline,5000.0,Huế,retail,2023-12-18,Sharp Objects,Sách,Unknown,quyển,1578060.0,24,public_website,2025-01,6159108.0,648.9513534618309,6158459.0486465385
ORD000470,P0012,2,5000.0,C0044,2025-01-11 01:06:00,transfer,offline,0.0,Cần Thơ,office,2024-12-01,Bút bi đen 0.5 mm,Bút viết,Thiên Long,cây,5000.0,60,lecturer_sample,2025-01,10000.0,0.0,10000.0
ORD000471,P0005,6,76870.0,C0040,2025-08-14 21:11:00,transfer,offline,0.0,TP. Hồ Chí Minh,wholesale,2023-12-03,Sổ tay bìa da A5,Vở và giấy,OEM,quyển,79000.0,15,lecturer_sample,2025-08,461220.0,0.0,461220.0
ORD000472,P0035,2,16000.0,C0165,2025-12-07 03:42:00,transfer,offline,0.0,TP. Hồ Chí Minh,retail,2024-04-03,Túi hồ sơ dây buộc,Hồ sơ và lưu trữ,Hồng Hà,chiếc,16000.0,25,lecturer_sample,2025-12,32000.0,0.0,32000.0
ORD000472,P0028,1,78000.0,C0165,2025-12-07 03:42:00,transfer,offline,0.0,TP. Hồ Chí Minh,retail,2024-04-03,Bộ màu nước 12 màu,Dụng cụ học tập,Pentel,bộ,78000.0,12,lecturer_sample,2025-12,78000.0,0.0,78000.0
ORD000472,P0006,1,82000.0,C0165,2025-12-07 03:42:00,transfer,offline,0.0,TP. Hồ Chí Minh,retail,2024-04-03,Giấy in A4 70 gsm,Vở và giấy,Double A,ram,82000.0,25,lecturer_sample,2025-12,82000.0,0.0,82000.0
ORD000472,P0043,2,3190000.0,C0165,2025-12-07 03:42:00,transfer,offline,0.0,TP. Hồ Chí Minh,retail,2024-04-03,Máy in laser đơn sắc,Thiết bị văn phòng,Brother,chiếc,3190000.0,3,lecturer_sample,2025-12,6380000.0,0.0,6380000.0
ORD000472,P0071,1,13749750.0,C0165,2025-12-07 03:42:00,transfer,offline,0.0,TP. Hồ Chí Minh,retail,2024-04-03,Apple AirPods Max Silver,Phụ kiện máy tính,Apple,cái,13749750.0,11,public_api,2025-12,13749750.0,0.0,13749750.0
ORD000473,P0038,11,35000.0,C0025,2025-12-07 18:46:00,card,online,20000.0,Hải Phòng,wholesale,2024-10-20,Nhãn dán phân loại,Hồ sơ và lưu trữ,Avery,xấp,35000.0,18,lecturer_sample,2025-12,385000.0,20000.0,365000.0
ORD000474,P0009,3,18000.0,C0139,2025-07-22 22:07:00,cash,offline,0.0,TP. Hồ Chí Minh,retail,2024-08-15,Giấy note 3 x 3 inch,Vở và giấy,Deli,xấp,18000.0,30,lecturer_sample,2025-07,54000.0,0.0,54000.0
ORD000475,P0025,5,15000.0,C0055,2025-08-23 19:04:00,e-wallet,offline,0.0,Đà Nẵng,retail,2024-07-28,Gọt bút chì có hộp,Dụng cụ học tập,Deli,chiếc,15000.0,25,lecturer_sample,2025-08,75000.0,0.0,75000.0
ORD000475,P0055,1,271940.0,C0055,2025-08-23 19:04:00,e-wallet,offline,0.0,Đà Nẵng,retail,2024-07-28,Thẻ nhớ microSD 64 GB,Phụ kiện máy tính,SanDisk,chiếc,280000.0,10,lecturer_sample,2025-08,271940.0,0.0,271940.0
ORD000475,P0005,5,79000.0,C0055,2025-08-23 19:04:00,e-wallet,offline,0.0,Đà Nẵng,retail,2024-07-28,Sổ tay bìa da A5,Vở và giấy,OEM,quyển,79000.0,15,lecturer_sample,2025-08,395000.0,0.0,395000.0
ORD000476,P0059,26,55000.0,C0025,2025-11-04 21:40:00,card,website,0.0,Hải Phòng,wholesale,2024-10-20,Tấm lót chuột,Phụ kiện máy tính,OEM,chiếc,55000.0,20,lecturer_sample,2025-11,1430000.0,0.0,1430000.0
ORD000476,P0088,15,576180.0,C0025,2025-11-04 21:40:00,card,website,0.0,Hải Phòng,wholesale,2024-10-20,Set Me Free,Sách,Unknown,quyển,576180.0,24,public_website,2025-11,8642700.0,0.0,8642700.0
ORD000476,P0029,23,25000.0,C0025,2025-11-04 21:40:00,card,website,0.0,Hải Phòng,wholesale,2024-10-20,Kéo học sinh 13 cm,Dụng cụ học tập,Deli,chiếc,25000.0,18,lecturer_sample,2025-11,575000.0,0.0,575000.0
ORD000477,P0063,5,34999750.0,C0131,2025-11-25 03:14:00,e-wallet,shopee,10000.0,Nha Trang,retail,2024-03-05,Huawei Matebook X Pro,Thiết bị văn phòng,Huawei,chiếc,34999750.0,15,public_api,2025-11,174998750.0,9790.646508980186,174988959.353491
ORD000477,P0045,2,1850000.0,C0131,2025-11-25 03:14:00,e-wallet,shopee,10000.0,Nha Trang,retail,2024-03-05,Máy hủy tài liệu,Thiết bị văn phòng,Silicon,chiếc,1850000.0,3,lecturer_sample,2025-11,3700000.0,207.00371907357444,3699792.9962809263
ORD000477,P0003,3,14000.0,C0131,2025-11-25 03:14:00,e-wallet,shopee,10000.0,Nha Trang,retail,2024-03-05,Vở ô ly 96 trang,Vở và giấy,Hồng Hà,quyển,14000.0,35,lecturer_sample,2025-11,42000.0,2.349771946240575,41997.65022805376
ORD000478,P0065,3,37499750.0,C0097,2025-04-16 02:02:00,e-wallet,shopee,0.0,Biên Hòa,retail,2024-04-29,New DELL XPS 13 9300 Laptop,Thiết bị văn phòng,Dell,chiếc,37499750.0,14,public_api,2025-04,112499250.0,0.0,112499250.0
ORD000479,P0073,3,2499750.0,C0082,2025-11-27 04:48:00,cash,offline,0.0,Nha Trang,retail,2023-11-29,Apple HomePod Mini Cosmic Grey,Phụ kiện máy tính,Apple,cái,2499750.0,5,public_api,2025-11,7499250.0,0.0,7499250.0
ORD000479,P0074,2,499750.0,C0082,2025-11-27 04:48:00,cash,offline,0.0,Nha Trang,retail,2023-11-29,Apple iPhone Charger,Phụ kiện máy tính,Apple,cái,499750.0,6,public_api,2025-11,999500.0,0.0,999500.0
ORD000480,P0020,7,76899.0,C0171,2025-05-09 04:43:00,cash,website,0.0,Biên Hòa,wholesale,2024-04-17,Bút dạ quang 5 màu,Bút viết,Stabilo,bộ,85000.0,15,lecturer_sample,2025-05,538293.0,0.0,538293.0
ORD000480,P0079,9,1438087.0,C0171,2025-05-09 04:43:00,cash,website,0.0,Biên Hòa,wholesale,2024-04-17,Sharp Objects,Sách,Unknown,quyển,1578060.0,24,public_website,2025-05,12942783.0,0.0,12942783.0
ORD000480,P0089,10,1725570.0,C0171,2025-05-09 04:43:00,cash,website,0.0,Biên Hòa,wholesale,2024-04-17,Scott Pilgrim's Precious Little Life (Scott Pilgrim #1),Sách,Unknown,quyển,1725570.0,27,public_website,2025-05,17255700.0,0.0,17255700.0
ORD000480,P0017,30,8291.0,C0171,2025-05-09 04:43:00,cash,website,0.0,Biên Hòa,wholesale,2024-04-17,Bút chì 2B,Bút viết,Staedtler,cây,9000.0,45,lecturer_sample,2025-05,248730.0,0.0,248730.0
ORD000481,P0065,19,34429499.0,C0021,2025-08-08 03:29:00,card,offline,10000.0,Hải Phòng,wholesale,2024-05-27,New DELL XPS 13 9300 Laptop,Thiết bị văn phòng,Dell,chiếc,37499750.0,14,public_api,2025-08,654160481.0,9991.751953516588,654150489.2480465
ORD000481,P0022,30,18000.0,C0021,2025-08-08 03:29:00,card,offline,10000.0,Hải Phòng,wholesale,2024-05-27,Thước ê ke 2 chiếc,Dụng cụ học tập,Deli,bộ,18000.0,20,lecturer_sample,2025-08,540000.0,8.248046483411702,539991.7519535166
ORD000482,P0038,4,35000.0,C0093,2025-07-23 22:10:00,transfer,shopee,0.0,TP. Hồ Chí Minh,retail,2023-12-18,Nhãn dán phân loại,Hồ sơ và lưu trữ,Avery,xấp,35000.0,18,lecturer_sample,2025-07,140000.0,0.0,140000.0
ORD000482,P0055,4,280000.0,C0093,2025-07-23 22:10:00,transfer,shopee,0.0,TP. Hồ Chí Minh,retail,2023-12-18,Thẻ nhớ microSD 64 GB,Phụ kiện máy tính,SanDisk,chiếc,280000.0,10,lecturer_sample,2025-07,1120000.0,0.0,1120000.0
ORD000483,P0065,14,37499750.0,C0022,2025-06-04 01:34:00,e-wallet,offline,0.0,TP. Hồ Chí Minh,wholesale,2024-11-21,New DELL XPS 13 9300 Laptop,Thiết bị văn phòng,Dell,chiếc,37499750.0,14,public_api,2025-06,524996500.0,0.0,524996500.0
ORD000484,P0042,5,39215.0,C0156,2025-09-04 17:21:00,cash,offline,10000.0,Hải Phòng,retail,2024-03-22,Pin AAA 4 viên,Thiết bị văn phòng,Panasonic,vỉ,42000.0,22,lecturer_sample,2025-09,196075.0,10000.0,186075.0
ORD000485,P0044,8,920000.0,C0104,2025-08-01 22:47:00,e-wallet,website,0.0,Hà Nội,wholesale,2024-10-27,Mực in laser đen,Thiết bị văn phòng,Brother,hộp,920000.0,5,lecturer_sample,2025-08,7360000.0,0.0,7360000.0
ORD000485,P0057,23,220000.0,C0104,2025-08-01 22:47:00,e-wallet,website,0.0,Hà Nội,wholesale,2024-10-27,Cáp USB-C 1 m,Phụ kiện máy tính,Anker,sợi,220000.0,15,lecturer_sample,2025-08,5060000.0,0.0,5060000.0
ORD000486,P0065,2,37499750.0,C0196,2025-08-12 20:49:00,e-wallet,website,0.0,Hà Nội,student,2024-01-02,New DELL XPS 13 9300 Laptop,Thiết bị văn phòng,Dell,chiếc,37499750.0,14,public_api,2025-08,74999500.0,0.0,74999500.0
ORD000486,P0045,1,1725175.0,C0196,2025-08-12 20:49:00,e-wallet,website,0.0,Hà Nội,student,2024-01-02,Máy hủy tài liệu,Thiết bị văn phòng,Silicon,chiếc,1850000.0,3,lecturer_sample,2025-08,1725175.0,0.0,1725175.0
ORD000486,P0044,1,920000.0,C0196,2025-08-12 20:49:00,e-wallet,website,0.0,Hà Nội,student,2024-01-02,Mực in laser đen,Thiết bị văn phòng,Brother,hộp,920000.0,5,lecturer_sample,2025-08,920000.0,0.0,920000.0
ORD000486,P0061,2,49999750.0,C0196,2025-08-12 20:49:00,e-wallet,website,0.0,Hà Nội,student,2024-01-02,Apple MacBook Pro 14 Inch Space Grey,Thiết bị văn phòng,Apple,chiếc,49999750.0,5,public_api,2025-08,99999500.0,0.0,99999500.0
ORD000487,P0052,4,290000.0,C0117,2025-12-15 18:16:00,cash,online,5000.0,Đà Nẵng,retail,2024-06-04,Bàn phím có dây,Phụ kiện máy tính,Logitech,chiếc,290000.0,8,lecturer_sample,2025-12,1160000.0,5000.0,1155000.0
ORD000488,P0038,5,33574.0,C0151,2025-02-12 00:58:00,card,shopee,0.0,Huế,retail,2024-07-05,Nhãn dán phân loại,Hồ sơ và lưu trữ,Avery,xấp,35000.0,18,lecturer_sample,2025-02,167870.0,0.0,167870.0
ORD000489,P0079,3,1552340.0,C0098,2025-10-28 20:46:00,card,shopee,0.0,TP. Hồ Chí Minh,retail,2024-12-16,Sharp Objects,Sách,Unknown,quyển,1578060.0,24,public_website,2025-10,4657020.0,0.0,4657020.0
ORD000489,P0008,4,65000.0,C0098,2025-10-28 20:46:00,card,shopee,0.0,TP. Hồ Chí Minh,retail,2024-12-16,Giấy màu A4 100 tờ,Vở và giấy,IK Plus,xấp,65000.0,15,lecturer_sample,2025-10,260000.0,0.0,260000.0
ORD000490,P0071,4,13749750.0,C0002,2025-03-28 23:00:00,e-wallet,shopee,0.0,Hải Phòng,retail,2024-04-16,Apple AirPods Max Silver,Phụ kiện máy tính,Apple,cái,13749750.0,11,public_api,2025-03,54999000.0,0.0,54999000.0
ORD000491,P0017,11,9000.0,C0096,2025-04-07 03:08:00,e-wallet,online,0.0,Đà Nẵng,wholesale,2024-06-17,Bút chì 2B,Bút viết,Staedtler,cây,9000.0,45,lecturer_sample,2025-04,99000.0,0.0,99000.0
ORD000492,P0089,10,1725570.0,C0016,2025-04-05 04:48:00,cash,website,0.0,Huế,wholesale,2024-10-14,Scott Pilgrim's Precious Little Life (Scott Pilgrim #1),Sách,Unknown,quyển,1725570.0,27,public_website,2025-04,17255700.0,0.0,17255700.0
ORD000493,P0004,8,42000.0,C0022,2025-07-13 17:17:00,e-wallet,shopee,0.0,TP. Hồ Chí Minh,wholesale,2024-11-21,Sổ lò xo A5 200 trang,Vở và giấy,Hải Tiến,quyển,42000.0,20,lecturer_sample,2025-07,336000.0,0.0,336000.0
ORD000494,P0005,4,75397.0,C0069,2025-01-05 02:37:00,card,website,0.0,Nha Trang,retail,2024-01-16,Sổ tay bìa da A5,Vở và giấy,OEM,quyển,79000.0,15,lecturer_sample,2025-01,301588.0,0.0,301588.0
ORD000494,P0019,3,22000.0,C0069,2025-01-05 02:37:00,card,website,0.0,Nha Trang,retail,2024-01-16,Ruột chì kim 0.5 mm,Bút viết,Pentel,hộp,22000.0,25,lecturer_sample,2025-01,66000.0,0.0,66000.0
ORD000494,P0073,3,2433547.0,C0069,2025-01-05 02:37:00,card,website,0.0,Nha Trang,retail,2024-01-16,Apple HomePod Mini Cosmic Grey,Phụ kiện máy tính,Apple,cái,2499750.0,5,public_api,2025-01,7300641.0,0.0,7300641.0
ORD000494,P0074,3,499750.0,C0069,2025-01-05 02:37:00,card,website,0.0,Nha Trang,retail,2024-01-16,Apple iPhone Charger,Phụ kiện máy tính,Apple,cái,499750.0,6,public_api,2025-01,1499250.0,0.0,1499250.0
ORD000495,P0075,2,2499750.0,C0097,2025-11-09 16:22:00,card,website,5000.0,Biên Hòa,retail,2024-04-29,Apple MagSafe Battery Pack,Phụ kiện máy tính,Apple,cái,2499750.0,1,public_api,2025-11,4999500.0,2666.0189370266007,4996833.981062974
ORD000495,P0002,5,18000.0,C0097,2025-11-09 16:22:00,card,website,5000.0,Biên Hòa,retail,2024-04-29,Vở kẻ ngang 120 trang,Vở và giấy,Campus,quyển,18000.0,30,lecturer_sample,2025-11,90000.0,47.993140180496866,89952.0068598195
ORD000495,P0036,4,185000.0,C0097,2025-11-09 16:22:00,card,website,5000.0,Biên Hòa,retail,2024-04-29,Khay tài liệu 3 tầng,Hồ sơ và lưu trữ,Deli,bộ,185000.0,8,lecturer_sample,2025-11,740000.0,394.6102637063076,739605.3897362937
ORD000495,P0077,2,1773420.0,C0097,2025-11-09 16:22:00,card,website,5000.0,Biên Hòa,retail,2024-04-29,Tipping the Velvet,Sách,Unknown,quyển,1773420.0,19,public_website,2025-11,3546840.0,1891.3776590865946,3544948.6223409134
ORD000496,P0005,4,79000.0,C0164,2025-06-14 16:40:00,e-wallet,offline,0.0,Biên Hòa,retail,2024-11-18,Sổ tay bìa da A5,Vở và giấy,OEM,quyển,79000.0,15,lecturer_sample,2025-06,316000.0,0.0,316000.0
ORD000496,P0075,5,2328142.0,C0164,2025-06-14 16:40:00,e-wallet,offline,0.0,Biên Hòa,retail,2024-11-18,Apple MagSafe Battery Pack,Phụ kiện máy tính,Apple,cái,2499750.0,1,public_api,2025-06,11640710.0,0.0,11640710.0
ORD000497,P0035,11,15432.0,C0122,2025-12-05 03:57:00,transfer,website,0.0,Đà Nẵng,office,2024-12-15,Túi hồ sơ dây buộc,Hồ sơ và lưu trữ,Hồng Hà,chiếc,16000.0,25,lecturer_sample,2025-12,169752.0,0.0,169752.0
ORD000498,P0077,19,1673036.0,C0009,2025-03-07 23:50:00,e-wallet,offline,0.0,Đà Nẵng,wholesale,2023-12-01,Tipping the Velvet,Sách,Unknown,quyển,1773420.0,19,public_website,2025-03,31787684.0,0.0,31787684.0
ORD000499,P0087,1,681780.0,C0139,2025-05-04 19:13:00,cash,offline,0.0,TP. Hồ Chí Minh,retail,2024-08-15,Shakespeare's Sonnets,Sách,Unknown,quyển,681780.0,21,public_website,2025-05,681780.0,0.0,681780.0
ORD000500,P0023,5,42000.0,C0084,2025-07-17 04:17:00,cash,shopee,0.0,Biên Hòa,retail,2024-12-06,Compa học sinh,Dụng cụ học tập,Maped,chiếc,42000.0,15,lecturer_sample,2025-07,210000.0,0.0,210000.0
ORD000501,P0020,4,85000.0,C0126,2025-02-17 04:44:00,e-wallet,website,20000.0,Hải Phòng,retail,2024-06-25,Bút dạ quang 5 màu,Bút viết,Stabilo,bộ,85000.0,15,lecturer_sample,2025-02,340000.0,3995.2409629705794,336004.7590370294
ORD000501,P0052,5,272405.0,C0126,2025-02-17 04:44:00,e-wallet,website,20000.0,Hải Phòng,retail,2024-06-25,Bàn phím có dây,Phụ kiện máy tính,Logitech,chiếc,290000.0,8,lecturer_sample,2025-02,1362025.0,16004.759037029422,1346020.2409629705
ORD000502,P0010,1,165000.0,C0060,2025-04-25 20:07:00,transfer,shopee,0.0,TP. Hồ Chí Minh,retail,2024-03-22,Giấy photo A3 70 gsm,Vở và giấy,Double A,ram,165000.0,10,lecturer_sample,2025-04,165000.0,0.0,165000.0
ORD000502,P0030,2,13802.0,C0060,2025-04-25 20:07:00,transfer,shopee,0.0,TP. Hồ Chí Minh,retail,2024-03-22,Hồ khô 15 g,Dụng cụ học tập,Thiên Long,thỏi,14000.0,28,lecturer_sample,2025-04,27604.0,0.0,27604.0
ORD000503,P0018,24,38000.0,C0148,2025-01-01 20:03:00,transfer,online,0.0,Nha Trang,wholesale,2024-11-02,Bút chì kim 0.5 mm,Bút viết,Pentel,cây,38000.0,20,lecturer_sample,2025-01,912000.0,0.0,912000.0
ORD000503,P0019,8,22000.0,C0148,2025-01-01 20:03:00,transfer,online,0.0,Nha Trang,wholesale,2024-11-02,Ruột chì kim 0.5 mm,Bút viết,Pentel,hộp,22000.0,25,lecturer_sample,2025-01,176000.0,0.0,176000.0
ORD000503,P0038,22,32495.0,C0148,2025-01-01 20:03:00,transfer,online,0.0,Nha Trang,wholesale,2024-11-02,Nhãn dán phân loại,Hồ sơ và lưu trữ,Avery,xấp,35000.0,18,lecturer_sample,2025-01,714890.0,0.0,714890.0
ORD000504,P0014,3,12000.0,C0209,2025-06-01 19:31:00,cash,online,0.0,TP. Hồ Chí Minh,student,2024-09-30,Bút gel xanh 0.5 mm,Bút viết,Deli,cây,12000.0,40,lecturer_sample,2025-06,36000.0,0.0,36000.0
ORD000504,P0026,1,65000.0,C0209,2025-06-01 19:31:00,cash,online,0.0,TP. Hồ Chí Minh,student,2024-09-30,Hộp bút vải,Dụng cụ học tập,OEM,chiếc,65000.0,15,lecturer_sample,2025-06,65000.0,0.0,65000.0
ORD000504,P0068,5,8749750.0,C0209,2025-06-01 19:31:00,cash,online,0.0,TP. Hồ Chí Minh,student,2024-09-30,Samsung Galaxy Tab White,Thiết bị văn phòng,Samsung,chiếc,8749750.0,18,public_api,2025-06,43748750.0,0.0,43748750.0
ORD000505,P0034,1,82437.0,C0213,2025-04-21 23:18:00,transfer,shopee,0.0,Biên Hòa,retail,2024-06-30,File hộp 10 cm,Hồ sơ và lưu trữ,Flexoffice,chiếc,85000.0,15,lecturer_sample,2025-04,82437.0,0.0,82437.0
ORD000505,P0089,4,1599464.0,C0213,2025-04-21 23:18:00,transfer,shopee,0.0,Biên Hòa,retail,2024-06-30,Scott Pilgrim's Precious Little Life (Scott Pilgrim #1),Sách,Unknown,quyển,1725570.0,27,public_website,2025-04,6397856.0,0.0,6397856.0
ORD000505,P0086,2,438270.0,C0213,2025-04-21 23:18:00,transfer,shopee,0.0,Biên Hòa,retail,2024-06-30,"Starving Hearts (Triangular Trade Trilogy, #1)",Sách,Unknown,quyển,461670.0,19,public_website,2025-04,876540.0,0.0,876540.0
ORD000505,P0077,3,1773420.0,C0213,2025-04-21 23:18:00,transfer,shopee,0.0,Biên Hòa,retail,2024-06-30,Tipping the Velvet,Sách,Unknown,quyển,1773420.0,19,public_website,2025-04,5320260.0,0.0,5320260.0
ORD000505,P0083,4,572871.0,C0213,2025-04-21 23:18:00,transfer,shopee,0.0,Biên Hòa,retail,2024-06-30,"The Coming Woman: A Novel Based on the Life of the Infamous Feminist, Victoria Woodhull",Sách,Unknown,quyển,591690.0,10,public_website,2025-04,2291484.0,0.0,2291484.0
ORD000506,P0062,2,44999750.0,C0101,2025-02-07 00:46:00,card,online,5000.0,TP. Hồ Chí Minh,student,2024-05-24,Asus Zenbook Pro Dual Screen Laptop,Thiết bị văn phòng,Asus,chiếc,44999750.0,9,public_api,2025-02,89999500.0,4596.494442587734,89994903.50555742
ORD000506,P0049,4,125000.0,C0101,2025-02-07 00:46:00,card,online,5000.0,TP. Hồ Chí Minh,student,2024-05-24,Máy đục lỗ 2 lỗ,Thiết bị văn phòng,Deli,chiếc,125000.0,10,lecturer_sample,2025-02,500000.0,25.536222104499103,499974.4637778955
ORD000506,P0078,3,1519183.0,C0101,2025-02-07 00:46:00,card,online,5000.0,TP. Hồ Chí Minh,student,2024-05-24,Soumission,Sách,Unknown,quyển,1653300.0,22,public_website,2025-02,4557549.0,232.76516703227557,4557316.234832968
ORD000506,P0079,2,1421551.0,C0101,2025-02-07 00:46:00,card,online,5000.0,TP. Hồ Chí Minh,student,2024-05-24,Sharp Objects,Sách,Unknown,quyển,1578060.0,24,public_website,2025-02,2843102.0,145.2041682754912,2842956.7958317245
ORD000507,P0078,1,1653300.0,C0186,2025-10-22 17:43:00,e-wallet,offline,20000.0,Đà Nẵng,student,2024-06-22,Soumission,Sách,Unknown,quyển,1653300.0,22,public_website,2025-10,1653300.0,1814.6744633385379,1651485.3255366615
ORD000507,P0079,5,1578060.0,C0186,2025-10-22 17:43:00,e-wallet,offline,20000.0,Đà Nẵng,student,2024-06-22,Sharp Objects,Sách,Unknown,quyển,1578060.0,24,public_website,2025-10,7890300.0,8660.452378927033,7881639.547621073
ORD000507,P0089,5,1725570.0,C0186,2025-10-22 17:43:00,e-wallet,offline,20000.0,Đà Nẵng,student,2024-06-22,Scott Pilgrim's Precious Little Life (Scott Pilgrim #1),Sách,Unknown,quyển,1725570.0,27,public_website,2025-10,8627850.0,9469.992783230753,8618380.007216768
ORD000507,P0016,2,25000.0,C0186,2025-10-22 17:43:00,e-wallet,offline,20000.0,Đà Nẵng,student,2024-06-22,Ống mực bút máy xanh,Bút viết,Hồng Hà,hộp,25000.0,25,lecturer_sample,2025-10,50000.0,54.88037450367561,49945.11962549632
ORD000508,P0044,17,910068.0,C0104,2025-05-06 16:07:00,transfer,shopee,0.0,Hà Nội,wholesale,2024-10-27,Mực in laser đen,Thiết bị văn phòng,Brother,hộp,920000.0,5,lecturer_sample,2025-05,15471156.0,0.0,15471156.0
ORD000509,P0076,1,1708410.0,C0172,2025-12-04 17:49:00,cash,offline,0.0,Biên Hòa,retail,2024-04-16,A Light in the Attic,Sách,Unknown,quyển,1708410.0,16,public_website,2025-12,1708410.0,0.0,1708410.0
ORD000509,P0089,5,1725570.0,C0172,2025-12-04 17:49:00,cash,offline,0.0,Biên Hòa,retail,2024-04-16,Scott Pilgrim's Precious Little Life (Scott Pilgrim #1),Sách,Unknown,quyển,1725570.0,27,public_website,2025-12,8627850.0,0.0,8627850.0
ORD000509,P0056,5,180000.0,C0172,2025-12-04 17:49:00,cash,offline,0.0,Biên Hòa,retail,2024-04-16,Cáp HDMI 2 m,Phụ kiện máy tính,Ugreen,sợi,180000.0,12,lecturer_sample,2025-12,900000.0,0.0,900000.0
ORD000510,P0073,5,2499750.0,C0147,2025-09-03 20:44:00,cash,offline,0.0,Đà Nẵng,retail,2024-09-06,Apple HomePod Mini Cosmic Grey,Phụ kiện máy tính,Apple,cái,2499750.0,5,public_api,2025-09,12498750.0,0.0,12498750.0
ORD000510,P0074,1,499750.0,C0147,2025-09-03 20:44:00,cash,offline,0.0,Đà Nẵng,retail,2024-09-06,Apple iPhone Charger,Phụ kiện máy tính,Apple,cái,499750.0,6,public_api,2025-09,499750.0,0.0,499750.0
ORD000510,P0043,5,3023188.0,C0147,2025-09-03 20:44:00,cash,offline,0.0,Đà Nẵng,retail,2024-09-06,Máy in laser đơn sắc,Thiết bị văn phòng,Brother,chiếc,3190000.0,3,lecturer_sample,2025-09,15115940.0,0.0,15115940.0
ORD000510,P0038,1,35000.0,C0147,2025-09-03 20:44:00,cash,offline,0.0,Đà Nẵng,retail,2024-09-06,Nhãn dán phân loại,Hồ sơ và lưu trữ,Avery,xấp,35000.0,18,lecturer_sample,2025-09,35000.0,0.0,35000.0
ORD000511,P0012,4,4555.0,C0150,2025-10-04 03:52:00,transfer,offline,0.0,Cần Thơ,retail,2023-11-28,Bút bi đen 0.5 mm,Bút viết,Thiên Long,cây,5000.0,60,lecturer_sample,2025-10,18220.0,0.0,18220.0
ORD000511,P0069,2,2499750.0,C0150,2025-10-04 03:52:00,transfer,offline,0.0,Cần Thơ,retail,2023-11-28,Amazon Echo Plus,Phụ kiện máy tính,Amazon,cái,2499750.0,12,public_api,2025-10,4999500.0,0.0,4999500.0
ORD000511,P0083,2,591690.0,C0150,2025-10-04 03:52:00,transfer,offline,0.0,Cần Thơ,retail,2023-11-28,"The Coming Woman: A Novel Based on the Life of the Infamous Feminist, Victoria Woodhull",Sách,Unknown,quyển,591690.0,10,public_website,2025-10,1183380.0,0.0,1183380.0
ORD000512,P0033,1,65326.0,C0066,2025-01-18 17:07:00,cash,offline,0.0,Đà Nẵng,student,2024-03-16,Bìa còng 5 cm,Hồ sơ và lưu trữ,King Jim,chiếc,69000.0,18,lecturer_sample,2025-01,65326.0,0.0,65326.0
ORD000512,P0006,3,82000.0,C0066,2025-01-18 17:07:00,cash,offline,0.0,Đà Nẵng,student,2024-03-16,Giấy in A4 70 gsm,Vở và giấy,Double A,ram,82000.0,25,lecturer_sample,2025-01,246000.0,0.0,246000.0
ORD000512,P0038,4,35000.0,C0066,2025-01-18 17:07:00,cash,offline,0.0,Đà Nẵng,student,2024-03-16,Nhãn dán phân loại,Hồ sơ và lưu trữ,Avery,xấp,35000.0,18,lecturer_sample,2025-01,140000.0,0.0,140000.0
ORD000513,P0089,2,1646527.0,C0126,2025-12-22 21:33:00,transfer,offline,5000.0,Hải Phòng,retail,2024-06-25,Scott Pilgrim's Precious Little Life (Scott Pilgrim #1),Sách,Unknown,quyển,1725570.0,27,public_website,2025-12,3293054.0,104.99316474778996,3292949.006835252
ORD000513,P0046,2,890000.0,C0126,2025-12-22 21:33:00,transfer,offline,5000.0,Hải Phòng,retail,2024-06-25,Máy ép plastic A4,Thiết bị văn phòng,Deli,chiếc,890000.0,4,lecturer_sample,2025-12,1780000.0,56.75213138049547,1779943.2478686194
ORD000513,P0061,3,49999750.0,C0126,2025-12-22 21:33:00,transfer,offline,5000.0,Hải Phòng,retail,2024-06-25,Apple MacBook Pro 14 Inch Space Grey,Thiết bị văn phòng,Apple,chiếc,49999750.0,5,public_api,2025-12,149999250.0,4782.459069087519,149994467.54093093
ORD000513,P0058,5,350000.0,C0126,2025-12-22 21:33:00,transfer,offline,5000.0,Hải Phòng,retail,2024-06-25,Bộ chia USB 4 cổng,Phụ kiện máy tính,Ugreen,chiếc,350000.0,8,lecturer_sample,2025-12,1750000.0,55.79563478419499,1749944.2043652157
ORD000514,P0015,1,45000.0,C0141,2025-05-11 20:24:00,transfer,online,0.0,Nha Trang,retail,2024-11-24,Bút máy học sinh,Bút viết,Hồng Hà,cây,45000.0,20,lecturer_sample,2025-05,45000.0,0.0,45000.0
ORD000514,P0016,3,24068.0,C0141,2025-05-11 20:24:00,transfer,online,0.0,Nha Trang,retail,2024-11-24,Ống mực bút máy xanh,Bút viết,Hồng Hà,hộp,25000.0,25,lecturer_sample,2025-05,72204.0,0.0,72204.0
ORD000514,P0087,2,648187.0,C0141,2025-05-11 20:24:00,transfer,online,0.0,Nha Trang,retail,2024-11-24,Shakespeare's Sonnets,Sách,Unknown,quyển,681780.0,21,public_website,2025-05,1296374.0,0.0,1296374.0
ORD000514,P0059,5,55000.0,C0141,2025-05-11 20:24:00,transfer,online,0.0,Nha Trang,retail,2024-11-24,Tấm lót chuột,Phụ kiện máy tính,OEM,chiếc,55000.0,20,lecturer_sample,2025-05,275000.0,0.0,275000.0
ORD000515,P0003,1,14000.0,C0108,2025-03-20 21:50:00,e-wallet,offline,5000.0,Hải Phòng,student,2024-10-02,Vở ô ly 96 trang,Vở và giấy,Hồng Hà,quyển,14000.0,35,lecturer_sample,2025-03,14000.0,364.4542557844097,13635.54574421559
ORD000515,P0008,3,59356.0,C0108,2025-03-20 21:50:00,e-wallet,offline,5000.0,Hải Phòng,student,2024-10-02,Giấy màu A4 100 tờ,Vở và giấy,IK Plus,xấp,65000.0,15,lecturer_sample,2025-03,178068.0,4635.54574421559,173432.4542557844
ORD000516,P0089,6,1725570.0,C0205,2025-04-26 20:00:00,cash,offline,0.0,Nha Trang,office,2024-06-07,Scott Pilgrim's Precious Little Life (Scott Pilgrim #1),Sách,Unknown,quyển,1725570.0,27,public_website,2025-04,10353420.0,0.0,10353420.0
ORD000516,P0086,9,461670.0,C0205,2025-04-26 20:00:00,cash,offline,0.0,Nha Trang,office,2024-06-07,"Starving Hearts (Triangular Trade Trilogy, #1)",Sách,Unknown,quyển,461670.0,19,public_website,2025-04,4155030.0,0.0,4155030.0
ORD000517,P0025,30,14807.0,C0090,2025-12-26 01:55:00,e-wallet,offline,20000.0,TP. Hồ Chí Minh,wholesale,2024-01-02,Gọt bút chì có hộp,Dụng cụ học tập,Deli,chiếc,15000.0,25,lecturer_sample,2025-12,444210.0,10573.785125147284,433636.21487485274
ORD000517,P0009,22,18000.0,C0090,2025-12-26 01:55:00,e-wallet,offline,20000.0,TP. Hồ Chí Minh,wholesale,2024-01-02,Giấy note 3 x 3 inch,Vở và giấy,Deli,xấp,18000.0,30,lecturer_sample,2025-12,396000.0,9426.214874852716,386573.78512514726
ORD000518,P0002,3,18000.0,C0218,2025-07-26 23:37:00,transfer,offline,10000.0,Cần Thơ,retail,2024-12-06,Vở kẻ ngang 120 trang,Vở và giấy,Campus,quyển,18000.0,30,lecturer_sample,2025-07,54000.0,7960.375022112153,46039.62497788785
ORD000518,P0011,3,4612.0,C0218,2025-07-26 23:37:00,transfer,offline,10000.0,Cần Thơ,retail,2024-12-06,Bút bi xanh 0.5 mm,Bút viết,Thiên Long,cây,5000.0,70,lecturer_sample,2025-07,13836.0,2039.6249778878473,11796.375022112152
ORD000519,P0089,5,1689894.0,C0156,2025-08-04 03:29:00,card,website,0.0,Hải Phòng,retail,2024-03-22,Scott Pilgrim's Precious Little Life (Scott Pilgrim #1),Sách,Unknown,quyển,1725570.0,27,public_website,2025-08,8449470.0,0.0,8449470.0
ORD000520,P0087,1,681780.0,C0209,2025-04-28 20:40:00,cash,offline,10000.0,TP. Hồ Chí Minh,student,2024-09-30,Shakespeare's Sonnets,Sách,Unknown,quyển,681780.0,21,public_website,2025-04,681780.0,3834.791999460031,677945.2080005399
ORD000520,P0036,3,185000.0,C0209,2025-04-28 20:40:00,cash,offline,10000.0,TP. Hồ Chí Minh,student,2024-09-30,Khay tài liệu 3 tầng,Hồ sơ và lưu trữ,Deli,bộ,185000.0,8,lecturer_sample,2025-04,555000.0,3121.695502508606,551878.3044974915
ORD000520,P0028,4,70275.0,C0209,2025-04-28 20:40:00,cash,offline,10000.0,TP. Hồ Chí Minh,student,2024-09-30,Bộ màu nước 12 màu,Dụng cụ học tập,Pentel,bộ,78000.0,12,lecturer_sample,2025-04,281100.0,1581.0965869462507,279518.9034130538
ORD000520,P0008,4,65000.0,C0209,2025-04-28 20:40:00,cash,offline,10000.0,TP. Hồ Chí Minh,student,2024-09-30,Giấy màu A4 100 tờ,Vở và giấy,IK Plus,xấp,65000.0,15,lecturer_sample,2025-04,260000.0,1462.4159110851126,258537.58408891488
ORD000521,P0090,1,1113170.0,C0188,2025-03-11 23:31:00,transfer,website,0.0,Hà Nội,retail,2024-09-26,Rip it Up and Start Again,Sách,Unknown,quyển,1155660.0,30,public_website,2025-03,1113170.0,0.0,1113170.0
ORD000521,P0081,3,747450.0,C0188,2025-03-11 23:31:00,transfer,website,0.0,Hà Nội,retail,2024-09-26,The Requiem Red,Sách,Unknown,quyển,747450.0,30,public_website,2025-03,2242350.0,0.0,2242350.0
ORD000522,P0055,2,280000.0,C0190,2025-12-06 00:43:00,cash,offline,0.0,Hà Nội,retail,2024-02-29,Thẻ nhớ microSD 64 GB,Phụ kiện máy tính,SanDisk,chiếc,280000.0,10,lecturer_sample,2025-12,560000.0,0.0,560000.0
ORD000522,P0088,1,576180.0,C0190,2025-12-06 00:43:00,cash,offline,0.0,Hà Nội,retail,2024-02-29,Set Me Free,Sách,Unknown,quyển,576180.0,24,public_website,2025-12,576180.0,0.0,576180.0
ORD000522,P0079,4,1578060.0,C0190,2025-12-06 00:43:00,cash,offline,0.0,Hà Nội,retail,2024-02-29,Sharp Objects,Sách,Unknown,quyển,1578060.0,24,public_website,2025-12,6312240.0,0.0,6312240.0
ORD000522,P0089,1,1725570.0,C0190,2025-12-06 00:43:00,cash,offline,0.0,Hà Nội,retail,2024-02-29,Scott Pilgrim's Precious Little Life (Scott Pilgrim #1),Sách,Unknown,quyển,1725570.0,27,public_website,2025-12,1725570.0,0.0,1725570.0
ORD000523,P0012,3,4932.0,C0174,2025-05-09 00:54:00,e-wallet,offline,0.0,TP. Hồ Chí Minh,retail,2024-05-09,Bút bi đen 0.5 mm,Bút viết,Thiên Long,cây,5000.0,60,lecturer_sample,2025-05,14796.0,0.0,14796.0
ORD000523,P0027,5,83093.0,C0174,2025-05-09 00:54:00,e-wallet,offline,0.0,TP. Hồ Chí Minh,retail,2024-05-09,Bộ màu sáp 24 màu,Dụng cụ học tập,Crayola,bộ,92000.0,12,lecturer_sample,2025-05,415465.0,0.0,415465.0
ORD000523,P0026,4,63463.0,C0174,2025-05-09 00:54:00,e-wallet,offline,0.0,TP. Hồ Chí Minh,retail,2024-05-09,Hộp bút vải,Dụng cụ học tập,OEM,chiếc,65000.0,15,lecturer_sample,2025-05,253852.0,0.0,253852.0
ORD000524,P0027,5,92000.0,C0015,2025-07-02 16:39:00,transfer,offline,0.0,TP. Hồ Chí Minh,wholesale,2024-06-08,Bộ màu sáp 24 màu,Dụng cụ học tập,Crayola,bộ,92000.0,12,lecturer_sample,2025-07,460000.0,0.0,460000.0
ORD000524,P0010,20,165000.0,C0015,2025-07-02 16:39:00,transfer,offline,0.0,TP. Hồ Chí Minh,wholesale,2024-06-08,Giấy photo A3 70 gsm,Vở và giấy,Double A,ram,165000.0,10,lecturer_sample,2025-07,3300000.0,0.0,3300000.0
ORD000525,P0043,3,3190000.0,C0136,2025-09-21 18:26:00,transfer,online,0.0,Hà Nội,retail,2024-04-11,Máy in laser đơn sắc,Thiết bị văn phòng,Brother,chiếc,3190000.0,3,lecturer_sample,2025-09,9570000.0,0.0,9570000.0
ORD000525,P0006,4,77759.0,C0136,2025-09-21 18:26:00,transfer,online,0.0,Hà Nội,retail,2024-04-11,Giấy in A4 70 gsm,Vở và giấy,Double A,ram,82000.0,25,lecturer_sample,2025-09,311036.0,0.0,311036.0
ORD000526,P0015,2,45000.0,C0069,2025-02-25 23:42:00,transfer,offline,0.0,Nha Trang,retail,2024-01-16,Bút máy học sinh,Bút viết,Hồng Hà,cây,45000.0,20,lecturer_sample,2025-02,90000.0,0.0,90000.0
ORD000526,P0016,3,22861.0,C0069,2025-02-25 23:42:00,transfer,offline,0.0,Nha Trang,retail,2024-01-16,Ống mực bút máy xanh,Bút viết,Hồng Hà,hộp,25000.0,25,lecturer_sample,2025-02,68583.0,0.0,68583.0
ORD000526,P0038,2,34523.0,C0069,2025-02-25 23:42:00,transfer,offline,0.0,Nha Trang,retail,2024-01-16,Nhãn dán phân loại,Hồ sơ và lưu trữ,Avery,xấp,35000.0,18,lecturer_sample,2025-02,69046.0,0.0,69046.0
ORD000526,P0032,3,12000.0,C0069,2025-02-25 23:42:00,transfer,offline,0.0,Nha Trang,retail,2024-01-16,Bìa nút A4,Hồ sơ và lưu trữ,Deli,chiếc,12000.0,35,lecturer_sample,2025-02,36000.0,0.0,36000.0
ORD000527,P0012,1,4557.0,C0126,2025-10-09 23:51:00,e-wallet,offline,0.0,Hải Phòng,retail,2024-06-25,Bút bi đen 0.5 mm,Bút viết,Thiên Long,cây,5000.0,60,lecturer_sample,2025-10,4557.0,0.0,4557.0
ORD000527,P0068,3,8749750.0,C0126,2025-10-09 23:51:00,e-wallet,offline,0.0,Hải Phòng,retail,2024-06-25,Samsung Galaxy Tab White,Thiết bị văn phòng,Samsung,chiếc,8749750.0,18,public_api,2025-10,26249250.0,0.0,26249250.0
ORD000527,P0036,2,185000.0,C0126,2025-10-09 23:51:00,e-wallet,offline,0.0,Hải Phòng,retail,2024-06-25,Khay tài liệu 3 tầng,Hồ sơ và lưu trữ,Deli,bộ,185000.0,8,lecturer_sample,2025-10,370000.0,0.0,370000.0
ORD000528,P0038,2,35000.0,C0213,2025-06-25 22:38:00,transfer,shopee,0.0,Biên Hòa,retail,2024-06-30,Nhãn dán phân loại,Hồ sơ và lưu trữ,Avery,xấp,35000.0,18,lecturer_sample,2025-06,70000.0,0.0,70000.0
ORD000528,P0026,1,64316.0,C0213,2025-06-25 22:38:00,transfer,shopee,0.0,Biên Hòa,retail,2024-06-30,Hộp bút vải,Dụng cụ học tập,OEM,chiếc,65000.0,15,lecturer_sample,2025-06,64316.0,0.0,64316.0
ORD000528,P0043,2,3190000.0,C0213,2025-06-25 22:38:00,transfer,shopee,0.0,Biên Hòa,retail,2024-06-30,Máy in laser đơn sắc,Thiết bị văn phòng,Brother,chiếc,3190000.0,3,lecturer_sample,2025-06,6380000.0,0.0,6380000.0
ORD000529,P0009,2,18000.0,C0110,2025-04-12 23:45:00,transfer,offline,0.0,Hà Nội,retail,2024-04-04,Giấy note 3 x 3 inch,Vở và giấy,Deli,xấp,18000.0,30,lecturer_sample,2025-04,36000.0,0.0,36000.0
ORD000529,P0066,3,12294990.0,C0110,2025-04-12 23:45:00,transfer,offline,0.0,Hà Nội,retail,2024-04-04,iPad Mini 2021 Starlight,Thiết bị văn phòng,Apple,chiếc,12499750.0,9,public_api,2025-04,36884970.0,0.0,36884970.0
ORD000529,P0055,4,280000.0,C0110,2025-04-12 23:45:00,transfer,offline,0.0,Hà Nội,retail,2024-04-04,Thẻ nhớ microSD 64 GB,Phụ kiện máy tính,SanDisk,chiếc,280000.0,10,lecturer_sample,2025-04,1120000.0,0.0,1120000.0
ORD000530,P0028,1,78000.0,C0052,2025-02-16 16:24:00,card,offline,0.0,TP. Hồ Chí Minh,retail,2024-03-30,Bộ màu nước 12 màu,Dụng cụ học tập,Pentel,bộ,78000.0,12,lecturer_sample,2025-02,78000.0,0.0,78000.0
ORD000530,P0056,1,180000.0,C0052,2025-02-16 16:24:00,card,offline,0.0,TP. Hồ Chí Minh,retail,2024-03-30,Cáp HDMI 2 m,Phụ kiện máy tính,Ugreen,sợi,180000.0,12,lecturer_sample,2025-02,180000.0,0.0,180000.0
ORD000531,P0022,3,16363.0,C0069,2025-07-06 20:22:00,transfer,offline,20000.0,Nha Trang,retail,2024-01-16,Thước ê ke 2 chiếc,Dụng cụ học tập,Deli,bộ,18000.0,20,lecturer_sample,2025-07,49089.0,429.56357149701444,48659.43642850299
ORD000531,P0082,2,1100220.0,C0069,2025-07-06 20:22:00,transfer,offline,20000.0,Nha Trang,retail,2024-01-16,The Dirty Little Secrets of Getting Your Dream Job,Sách,Unknown,quyển,1100220.0,8,public_website,2025-07,2200440.0,19255.410891745414,2181184.5891082548
ORD000531,P0017,4,9000.0,C0069,2025-07-06 20:22:00,transfer,offline,20000.0,Nha Trang,retail,2024-01-16,Bút chì 2B,Bút viết,Staedtler,cây,9000.0,45,lecturer_sample,2025-07,36000.0,315.02553675757343,35684.974463242426
ORD000532,P0049,7,119125.0,C0078,2025-02-27 17:42:00,card,offline,0.0,Hà Nội,office,2024-08-30,Máy đục lỗ 2 lỗ,Thiết bị văn phòng,Deli,chiếc,125000.0,10,lecturer_sample,2025-02,833875.0,0.0,833875.0
ORD000533,P0052,25,266035.0,C0155,2025-07-10 19:41:00,cash,offline,0.0,Hải Phòng,wholesale,2024-12-16,Bàn phím có dây,Phụ kiện máy tính,Logitech,chiếc,290000.0,8,lecturer_sample,2025-07,6650875.0,0.0,6650875.0
ORD000533,P0059,19,49871.0,C0155,2025-07-10 19:41:00,cash,offline,0.0,Hải Phòng,wholesale,2024-12-16,Tấm lót chuột,Phụ kiện máy tính,OEM,chiếc,55000.0,20,lecturer_sample,2025-07,947549.0,0.0,947549.0
ORD000533,P0010,22,165000.0,C0155,2025-07-10 19:41:00,cash,offline,0.0,Hải Phòng,wholesale,2024-12-16,Giấy photo A3 70 gsm,Vở và giấy,Double A,ram,165000.0,10,lecturer_sample,2025-07,3630000.0,0.0,3630000.0
ORD000534,P0015,9,45000.0,C0078,2025-09-01 04:12:00,card,website,0.0,Hà Nội,office,2024-08-30,Bút máy học sinh,Bút viết,Hồng Hà,cây,45000.0,20,lecturer_sample,2025-09,405000.0,0.0,405000.0
ORD000534,P0016,3,22652.0,C0078,2025-09-01 04:12:00,card,website,0.0,Hà Nội,office,2024-08-30,Ống mực bút máy xanh,Bút viết,Hồng Hà,hộp,25000.0,25,lecturer_sample,2025-09,67956.0,0.0,67956.0
ORD000534,P0038,8,35000.0,C0078,2025-09-01 04:12:00,card,website,0.0,Hà Nội,office,2024-08-30,Nhãn dán phân loại,Hồ sơ và lưu trữ,Avery,xấp,35000.0,18,lecturer_sample,2025-09,280000.0,0.0,280000.0
ORD000535,P0088,5,568942.0,C0129,2025-01-12 18:38:00,e-wallet,online,10000.0,Huế,retail,2024-07-20,Set Me Free,Sách,Unknown,quyển,576180.0,24,public_website,2025-01,2844710.0,3672.863615060147,2841037.13638494
ORD000535,P0084,2,745800.0,C0129,2025-01-12 18:38:00,e-wallet,online,10000.0,Huế,retail,2024-07-20,The Boys in the Boat: Nine Americans and Their Epic Quest for Gold at the 1936 Berlin Olympics,Sách,Unknown,quyển,745800.0,13,public_website,2025-01,1491600.0,1925.8354518470126,1489674.164548153
ORD000535,P0087,5,681780.0,C0129,2025-01-12 18:38:00,e-wallet,online,10000.0,Huế,retail,2024-07-20,Shakespeare's Sonnets,Sách,Unknown,quyển,681780.0,21,public_website,2025-01,3408900.0,4401.300933092841,3404498.699066907
ORD000536,P0017,28,9000.0,C0200,2025-07-19 22:38:00,e-wallet,online,0.0,Biên Hòa,wholesale,2024-03-18,Bút chì 2B,Bút viết,Staedtler,cây,9000.0,45,lecturer_sample,2025-07,252000.0,0.0,252000.0
ORD000536,P0015,14,41700.0,C0200,2025-07-19 22:38:00,e-wallet,online,0.0,Biên Hòa,wholesale,2024-03-18,Bút máy học sinh,Bút viết,Hồng Hà,cây,45000.0,20,lecturer_sample,2025-07,583800.0,0.0,583800.0
ORD000536,P0016,13,25000.0,C0200,2025-07-19 22:38:00,e-wallet,online,0.0,Biên Hòa,wholesale,2024-03-18,Ống mực bút máy xanh,Bút viết,Hồng Hà,hộp,25000.0,25,lecturer_sample,2025-07,325000.0,0.0,325000.0
ORD000537,P0005,2,79000.0,C0044,2025-04-25 16:34:00,transfer,offline,20000.0,Cần Thơ,office,2024-12-01,Sổ tay bìa da A5,Vở và giấy,OEM,quyển,79000.0,15,lecturer_sample,2025-04,158000.0,20000.0,138000.0
ORD000538,P0032,5,12000.0,C0064,2025-04-19 00:07:00,cash,website,0.0,Huế,retail,2023-12-14,Bìa nút A4,Hồ sơ và lưu trữ,Deli,chiếc,12000.0,35,lecturer_sample,2025-04,60000.0,0.0,60000.0
ORD000539,P0006,1,82000.0,C0035,2025-07-30 01:18:00,transfer,offline,0.0,Biên Hòa,retail,2024-02-06,Giấy in A4 70 gsm,Vở và giấy,Double A,ram,82000.0,25,lecturer_sample,2025-07,82000.0,0.0,82000.0
ORD000539,P0076,5,1708410.0,C0035,2025-07-30 01:18:00,transfer,offline,0.0,Biên Hòa,retail,2024-02-06,A Light in the Attic,Sách,Unknown,quyển,1708410.0,16,public_website,2025-07,8542050.0,0.0,8542050.0
ORD000539,P0089,4,1592979.0,C0035,2025-07-30 01:18:00,transfer,offline,0.0,Biên Hòa,retail,2024-02-06,Scott Pilgrim's Precious Little Life (Scott Pilgrim #1),Sách,Unknown,quyển,1725570.0,27,public_website,2025-07,6371916.0,0.0,6371916.0
ORD000540,P0039,4,28000.0,C0161,2025-11-22 01:35:00,transfer,online,0.0,Hà Nội,student,2024-02-11,Kẹp bướm 25 mm,Hồ sơ và lưu trữ,Deli,hộp,28000.0,25,lecturer_sample,2025-11,112000.0,0.0,112000.0
ORD000541,P0009,1,18000.0,C0060,2025-08-11 21:09:00,transfer,online,0.0,TP. Hồ Chí Minh,retail,2024-03-22,Giấy note 3 x 3 inch,Vở và giấy,Deli,xấp,18000.0,30,lecturer_sample,2025-08,18000.0,0.0,18000.0
ORD000541,P0017,2,8657.0,C0060,2025-08-11 21:09:00,transfer,online,0.0,TP. Hồ Chí Minh,retail,2024-03-22,Bút chì 2B,Bút viết,Staedtler,cây,9000.0,45,lecturer_sample,2025-08,17314.0,0.0,17314.0
ORD000541,P0078,2,1653300.0,C0060,2025-08-11 21:09:00,transfer,online,0.0,TP. Hồ Chí Minh,retail,2024-03-22,Soumission,Sách,Unknown,quyển,1653300.0,22,public_website,2025-08,3306600.0,0.0,3306600.0
ORD000541,P0079,1,1578060.0,C0060,2025-08-11 21:09:00,transfer,online,0.0,TP. Hồ Chí Minh,retail,2024-03-22,Sharp Objects,Sách,Unknown,quyển,1578060.0,24,public_website,2025-08,1578060.0,0.0,1578060.0
ORD000542,P0013,1,5000.0,C0117,2025-11-27 22:06:00,cash,shopee,0.0,Đà Nẵng,retail,2024-06-04,Bút bi đỏ 0.5 mm,Bút viết,Thiên Long,cây,5000.0,50,lecturer_sample,2025-11,5000.0,0.0,5000.0
ORD000542,P0068,1,8749750.0,C0117,2025-11-27 22:06:00,cash,shopee,0.0,Đà Nẵng,retail,2024-06-04,Samsung Galaxy Tab White,Thiết bị văn phòng,Samsung,chiếc,8749750.0,18,public_api,2025-11,8749750.0,0.0,8749750.0
ORD000542,P0043,5,3190000.0,C0117,2025-11-27 22:06:00,cash,shopee,0.0,Đà Nẵng,retail,2024-06-04,Máy in laser đơn sắc,Thiết bị văn phòng,Brother,chiếc,3190000.0,3,lecturer_sample,2025-11,15950000.0,0.0,15950000.0
ORD000542,P0009,1,16372.0,C0117,2025-11-27 22:06:00,cash,shopee,0.0,Đà Nẵng,retail,2024-06-04,Giấy note 3 x 3 inch,Vở và giấy,Deli,xấp,18000.0,30,lecturer_sample,2025-11,16372.0,0.0,16372.0
ORD000543,P0043,4,3190000.0,C0189,2025-06-24 03:05:00,transfer,offline,0.0,Đà Nẵng,student,2024-07-04,Máy in laser đơn sắc,Thiết bị văn phòng,Brother,chiếc,3190000.0,3,lecturer_sample,2025-06,12760000.0,0.0,12760000.0
ORD000544,P0012,12,5000.0,C0015,2025-10-07 03:17:00,e-wallet,offline,0.0,TP. Hồ Chí Minh,wholesale,2024-06-08,Bút bi đen 0.5 mm,Bút viết,Thiên Long,cây,5000.0,60,lecturer_sample,2025-10,60000.0,0.0,60000.0
ORD000544,P0076,18,1708410.0,C0015,2025-10-07 03:17:00,e-wallet,offline,0.0,TP. Hồ Chí Minh,wholesale,2024-06-08,A Light in the Attic,Sách,Unknown,quyển,1708410.0,16,public_website,2025-10,30751380.0,0.0,30751380.0
ORD000544,P0089,16,1725570.0,C0015,2025-10-07 03:17:00,e-wallet,offline,0.0,TP. Hồ Chí Minh,wholesale,2024-06-08,Scott Pilgrim's Precious Little Life (Scott Pilgrim #1),Sách,Unknown,quyển,1725570.0,27,public_website,2025-10,27609120.0,0.0,27609120.0
ORD000544,P0027,12,88467.0,C0015,2025-10-07 03:17:00,e-wallet,offline,0.0,TP. Hồ Chí Minh,wholesale,2024-06-08,Bộ màu sáp 24 màu,Dụng cụ học tập,Crayola,bộ,92000.0,12,lecturer_sample,2025-10,1061604.0,0.0,1061604.0
ORD000545,P0020,5,85000.0,C0176,2025-02-27 23:10:00,cash,website,0.0,Hải Phòng,retail,2024-11-23,Bút dạ quang 5 màu,Bút viết,Stabilo,bộ,85000.0,15,lecturer_sample,2025-02,425000.0,0.0,425000.0
ORD000545,P0087,4,681780.0,C0176,2025-02-27 23:10:00,cash,website,0.0,Hải Phòng,retail,2024-11-23,Shakespeare's Sonnets,Sách,Unknown,quyển,681780.0,21,public_website,2025-02,2727120.0,0.0,2727120.0
ORD000545,P0026,5,65000.0,C0176,2025-02-27 23:10:00,cash,website,0.0,Hải Phòng,retail,2024-11-23,Hộp bút vải,Dụng cụ học tập,OEM,chiếc,65000.0,15,lecturer_sample,2025-02,325000.0,0.0,325000.0
ORD000545,P0008,4,65000.0,C0176,2025-02-27 23:10:00,cash,website,0.0,Hải Phòng,retail,2024-11-23,Giấy màu A4 100 tờ,Vở và giấy,IK Plus,xấp,65000.0,15,lecturer_sample,2025-02,260000.0,0.0,260000.0
ORD000545,P0029,3,25000.0,C0176,2025-02-27 23:10:00,cash,website,0.0,Hải Phòng,retail,2024-11-23,Kéo học sinh 13 cm,Dụng cụ học tập,Deli,chiếc,25000.0,18,lecturer_sample,2025-02,75000.0,0.0,75000.0
ORD000546,P0058,4,350000.0,C0074,2025-06-28 17:17:00,transfer,offline,10000.0,Biên Hòa,retail,2024-08-28,Bộ chia USB 4 cổng,Phụ kiện máy tính,Ugreen,chiếc,350000.0,8,lecturer_sample,2025-06,1400000.0,274.34694942065175,1399725.6530505794
ORD000546,P0086,4,420205.0,C0074,2025-06-28 17:17:00,transfer,offline,10000.0,Biên Hòa,retail,2024-08-28,"Starving Hearts (Triangular Trade Trilogy, #1)",Sách,Unknown,quyển,461670.0,19,public_website,2025-06,1680820.0,329.3770282322999,1680490.6229717678
ORD000546,P0075,4,2312426.0,C0074,2025-06-28 17:17:00,transfer,offline,10000.0,Biên Hòa,retail,2024-08-28,Apple MagSafe Battery Pack,Phụ kiện máy tính,Apple,cái,2499750.0,1,public_api,2025-06,9249704.0,1812.5914824600002,9247891.40851754
ORD000546,P0063,1,34999750.0,C0074,2025-06-28 17:17:00,transfer,offline,10000.0,Biên Hòa,retail,2024-08-28,Huawei Matebook X Pro,Thiết bị văn phòng,Huawei,chiếc,34999750.0,15,public_api,2025-06,34999750.0,6858.624744989611,34992891.37525501
ORD000546,P0045,2,1850000.0,C0074,2025-06-28 17:17:00,transfer,offline,10000.0,Biên Hòa,retail,2024-08-28,Máy hủy tài liệu,Thiết bị văn phòng,Silicon,chiếc,1850000.0,3,lecturer_sample,2025-06,3700000.0,725.0597948974367,3699274.940205103
ORD000547,P0061,2,49999750.0,C0099,2025-06-30 21:31:00,card,offline,0.0,TP. Hồ Chí Minh,retail,2024-10-11,Apple MacBook Pro 14 Inch Space Grey,Thiết bị văn phòng,Apple,chiếc,49999750.0,5,public_api,2025-06,99999500.0,0.0,99999500.0
ORD000547,P0037,5,95000.0,C0099,2025-06-30 21:31:00,card,offline,0.0,TP. Hồ Chí Minh,retail,2024-10-11,Cặp tài liệu A4,Hồ sơ và lưu trữ,OEM,chiếc,95000.0,10,lecturer_sample,2025-06,475000.0,0.0,475000.0
ORD000548,P0035,2,16000.0,C0137,2025-09-11 00:34:00,transfer,shopee,0.0,Huế,student,2024-07-07,Túi hồ sơ dây buộc,Hồ sơ và lưu trữ,Hồng Hà,chiếc,16000.0,25,lecturer_sample,2025-09,32000.0,0.0,32000.0
ORD000548,P0052,2,261448.0,C0137,2025-09-11 00:34:00,transfer,shopee,0.0,Huế,student,2024-07-07,Bàn phím có dây,Phụ kiện máy tính,Logitech,chiếc,290000.0,8,lecturer_sample,2025-09,522896.0,0.0,522896.0
ORD000548,P0059,5,55000.0,C0137,2025-09-11 00:34:00,transfer,shopee,0.0,Huế,student,2024-07-07,Tấm lót chuột,Phụ kiện máy tính,OEM,chiếc,55000.0,20,lecturer_sample,2025-09,275000.0,0.0,275000.0
ORD000549,P0078,2,1653300.0,C0035,2025-02-26 16:58:00,transfer,offline,50000.0,Biên Hòa,retail,2024-02-06,Soumission,Sách,Unknown,quyển,1653300.0,22,public_website,2025-02,3306600.0,16249.351323300467,3290350.6486766995
ORD000549,P0076,2,1708410.0,C0035,2025-02-26 16:58:00,transfer,offline,50000.0,Biên Hòa,retail,2024-02-06,A Light in the Attic,Sách,Unknown,quyển,1708410.0,16,public_website,2025-02,3416820.0,16790.996367410484,3400029.0036325897
ORD000549,P0089,2,1725570.0,C0035,2025-02-26 16:58:00,transfer,offline,50000.0,Biên Hòa,retail,2024-02-06,Scott Pilgrim's Precious Little Life (Scott Pilgrim #1),Sách,Unknown,quyển,1725570.0,27,public_website,2025-02,3451140.0,16959.65230928905,3434180.347690711
ORD000550,P0009,2,18000.0,C0007,2025-12-23 22:23:00,e-wallet,shopee,0.0,Nha Trang,retail,2024-11-28,Giấy note 3 x 3 inch,Vở và giấy,Deli,xấp,18000.0,30,lecturer_sample,2025-12,36000.0,0.0,36000.0
ORD000551,P0050,9,406278.0,C0094,2025-03-14 17:15:00,transfer,shopee,0.0,Huế,office,2024-09-21,Bảng trắng 60 x 90 cm,Thiết bị văn phòng,Bavico,chiếc,420000.0,5,lecturer_sample,2025-03,3656502.0,0.0,3656502.0
ORD000552,P0039,2,28000.0,C0179,2025-06-03 23:26:00,transfer,online,5000.0,Nha Trang,office,2024-06-30,Kẹp bướm 25 mm,Hồ sơ và lưu trữ,Deli,hộp,28000.0,25,lecturer_sample,2025-06,56000.0,91.91309223216197,55908.086907767836
ORD000552,P0058,8,350000.0,C0179,2025-06-03 23:26:00,transfer,online,5000.0,Nha Trang,office,2024-06-30,Bộ chia USB 4 cổng,Phụ kiện máy tính,Ugreen,chiếc,350000.0,8,lecturer_sample,2025-06,2800000.0,4595.654611608098,2795404.345388392
ORD000552,P0002,9,18000.0,C0179,2025-06-03 23:26:00,transfer,online,5000.0,Nha Trang,office,2024-06-30,Vở kẻ ngang 120 trang,Vở và giấy,Campus,quyển,18000.0,30,lecturer_sample,2025-06,162000.0,265.89144538589716,161734.1085546141
ORD000552,P0011,6,4726.0,C0179,2025-06-03 23:26:00,transfer,online,5000.0,Nha Trang,office,2024-06-30,Bút bi xanh 0.5 mm,Bút viết,Thiên Long,cây,5000.0,70,lecturer_sample,2025-06,28356.0,46.540850773842585,28309.459149226157
ORD000553,P0088,4,576180.0,C0182,2025-04-27 22:59:00,transfer,shopee,0.0,Cần Thơ,student,2024-05-26,Set Me Free,Sách,Unknown,quyển,576180.0,24,public_website,2025-04,2304720.0,0.0,2304720.0
ORD000553,P0084,2,745800.0,C0182,2025-04-27 22:59:00,transfer,shopee,0.0,Cần Thơ,student,2024-05-26,The Boys in the Boat: Nine Americans and Their Epic Quest for Gold at the 1936 Berlin Olympics,Sách,Unknown,quyển,745800.0,13,public_website,2025-04,1491600.0,0.0,1491600.0
ORD000554,P0061,2,49999750.0,C0211,2025-10-15 01:53:00,e-wallet,shopee,0.0,Huế,retail,2024-07-04,Apple MacBook Pro 14 Inch Space Grey,Thiết bị văn phòng,Apple,chiếc,49999750.0,5,public_api,2025-10,99999500.0,0.0,99999500.0
ORD000555,P0009,22,18000.0,C0096,2025-11-28 22:12:00,transfer,offline,0.0,Đà Nẵng,wholesale,2024-06-17,Giấy note 3 x 3 inch,Vở và giấy,Deli,xấp,18000.0,30,lecturer_sample,2025-11,396000.0,0.0,396000.0
ORD000555,P0033,11,69000.0,C0096,2025-11-28 22:12:00,transfer,offline,0.0,Đà Nẵng,wholesale,2024-06-17,Bìa còng 5 cm,Hồ sơ và lưu trữ,King Jim,chiếc,69000.0,18,lecturer_sample,2025-11,759000.0,0.0,759000.0
ORD000556,P0086,5,461670.0,C0194,2025-06-08 19:35:00,cash,website,0.0,Hà Nội,student,2024-07-25,"Starving Hearts (Triangular Trade Trilogy, #1)",Sách,Unknown,quyển,461670.0,19,public_website,2025-06,2308350.0,0.0,2308350.0
ORD000557,P0087,3,658130.0,C0203,2025-09-05 16:03:00,e-wallet,online,0.0,Cần Thơ,retail,2024-02-19,Shakespeare's Sonnets,Sách,Unknown,quyển,681780.0,21,public_website,2025-09,1974390.0,0.0,1974390.0
ORD000557,P0002,2,16358.0,C0203,2025-09-05 16:03:00,e-wallet,online,0.0,Cần Thơ,retail,2024-02-19,Vở kẻ ngang 120 trang,Vở và giấy,Campus,quyển,18000.0,30,lecturer_sample,2025-09,32716.0,0.0,32716.0
ORD000557,P0011,4,4727.0,C0203,2025-09-05 16:03:00,e-wallet,online,0.0,Cần Thơ,retail,2024-02-19,Bút bi xanh 0.5 mm,Bút viết,Thiên Long,cây,5000.0,70,lecturer_sample,2025-09,18908.0,0.0,18908.0
ORD000558,P0042,2,38409.0,C0129,2025-03-18 16:37:00,transfer,website,5000.0,Huế,retail,2024-07-20,Pin AAA 4 viên,Thiết bị văn phòng,Panasonic,vỉ,42000.0,22,lecturer_sample,2025-03,76818.0,22.95820290869654,76795.0417970913
ORD000558,P0079,5,1578060.0,C0129,2025-03-18 16:37:00,transfer,website,5000.0,Huế,retail,2024-07-20,Sharp Objects,Sách,Unknown,quyển,1578060.0,24,public_website,2025-03,7890300.0,2358.133619861078,7887941.866380139
ORD000558,P0089,5,1725570.0,C0129,2025-03-18 16:37:00,transfer,website,5000.0,Huế,retail,2024-07-20,Scott Pilgrim's Precious Little Life (Scott Pilgrim #1),Sách,Unknown,quyển,1725570.0,27,public_website,2025-03,8627850.0,2578.5614174516054,8625271.438582549
ORD000558,P0015,3,45000.0,C0129,2025-03-18 16:37:00,transfer,website,5000.0,Huế,retail,2024-07-20,Bút máy học sinh,Bút viết,Hồng Hà,cây,45000.0,20,lecturer_sample,2025-03,135000.0,40.34675977862002,134959.65324022138
ORD000559,P0086,5,461670.0,C0034,2025-06-23 20:23:00,cash,website,0.0,Nha Trang,retail,2024-07-04,"Starving Hearts (Triangular Trade Trilogy, #1)",Sách,Unknown,quyển,461670.0,19,public_website,2025-06,2308350.0,0.0,2308350.0
ORD000559,P0005,4,79000.0,C0034,2025-06-23 20:23:00,cash,website,0.0,Nha Trang,retail,2024-07-04,Sổ tay bìa da A5,Vở và giấy,OEM,quyển,79000.0,15,lecturer_sample,2025-06,316000.0,0.0,316000.0
ORD000559,P0063,1,34999750.0,C0034,2025-06-23 20:23:00,cash,website,0.0,Nha Trang,retail,2024-07-04,Huawei Matebook X Pro,Thiết bị văn phòng,Huawei,chiếc,34999750.0,15,public_api,2025-06,34999750.0,0.0,34999750.0
ORD000560,P0045,2,1741713.0,C0080,2025-10-09 04:50:00,card,offline,20000.0,Biên Hòa,retail,2024-08-02,Máy hủy tài liệu,Thiết bị văn phòng,Silicon,chiếc,1850000.0,3,lecturer_sample,2025-10,3483426.0,18167.151777560703,3465258.848222439
ORD000560,P0040,4,17436.0,C0080,2025-10-09 04:50:00,card,offline,20000.0,Biên Hòa,retail,2024-08-02,Kẹp giấy 33 mm,Hồ sơ và lưu trữ,Plus,hộp,18000.0,30,lecturer_sample,2025-10,69744.0,363.73668726540876,69380.26331273459
ORD000560,P0016,4,25000.0,C0080,2025-10-09 04:50:00,card,offline,20000.0,Biên Hòa,retail,2024-08-02,Ống mực bút máy xanh,Bút viết,Hồng Hà,hộp,25000.0,25,lecturer_sample,2025-10,100000.0,521.5311528811206,99478.46884711889
ORD000560,P0027,2,90846.0,C0080,2025-10-09 04:50:00,card,offline,20000.0,Biên Hòa,retail,2024-08-02,Bộ màu sáp 24 màu,Dụng cụ học tập,Crayola,bộ,92000.0,12,lecturer_sample,2025-10,181692.0,947.5803822927658,180744.41961770723
ORD000561,P0037,5,88695.0,C0125,2025-01-21 21:54:00,e-wallet,offline,0.0,Huế,student,2024-12-09,Cặp tài liệu A4,Hồ sơ và lưu trữ,OEM,chiếc,95000.0,10,lecturer_sample,2025-01,443475.0,0.0,443475.0
ORD000561,P0055,4,280000.0,C0125,2025-01-21 21:54:00,e-wallet,offline,0.0,Huế,student,2024-12-09,Thẻ nhớ microSD 64 GB,Phụ kiện máy tính,SanDisk,chiếc,280000.0,10,lecturer_sample,2025-01,1120000.0,0.0,1120000.0
ORD000562,P0006,4,82000.0,C0068,2025-12-16 16:39:00,transfer,offline,0.0,Nha Trang,retail,2024-07-27,Giấy in A4 70 gsm,Vở và giấy,Double A,ram,82000.0,25,lecturer_sample,2025-12,328000.0,0.0,328000.0
ORD000562,P0062,3,44999750.0,C0068,2025-12-16 16:39:00,transfer,offline,0.0,Nha Trang,retail,2024-07-27,Asus Zenbook Pro Dual Screen Laptop,Thiết bị văn phòng,Asus,chiếc,44999750.0,9,public_api,2025-12,134999250.0,0.0,134999250.0
ORD000562,P0015,5,42383.0,C0068,2025-12-16 16:39:00,transfer,offline,0.0,Nha Trang,retail,2024-07-27,Bút máy học sinh,Bút viết,Hồng Hà,cây,45000.0,20,lecturer_sample,2025-12,211915.0,0.0,211915.0
ORD000562,P0016,1,25000.0,C0068,2025-12-16 16:39:00,transfer,offline,0.0,Nha Trang,retail,2024-07-27,Ống mực bút máy xanh,Bút viết,Hồng Hà,hộp,25000.0,25,lecturer_sample,2025-12,25000.0,0.0,25000.0
ORD000562,P0034,1,83557.0,C0068,2025-12-16 16:39:00,transfer,offline,0.0,Nha Trang,retail,2024-07-27,File hộp 10 cm,Hồ sơ và lưu trữ,Flexoffice,chiếc,85000.0,15,lecturer_sample,2025-12,83557.0,0.0,83557.0
ORD000562,P0050,4,420000.0,C0068,2025-12-16 16:39:00,transfer,offline,0.0,Nha Trang,retail,2024-07-27,Bảng trắng 60 x 90 cm,Thiết bị văn phòng,Bavico,chiếc,420000.0,5,lecturer_sample,2025-12,1680000.0,0.0,1680000.0
ORD000563,P0043,11,2888915.0,C0085,2025-02-03 21:21:00,card,online,0.0,Hải Phòng,office,2024-04-27,Máy in laser đơn sắc,Thiết bị văn phòng,Brother,chiếc,3190000.0,3,lecturer_sample,2025-02,31778065.0,0.0,31778065.0
ORD000563,P0042,7,41499.0,C0085,2025-02-03 21:21:00,card,online,0.0,Hải Phòng,office,2024-04-27,Pin AAA 4 viên,Thiết bị văn phòng,Panasonic,vỉ,42000.0,22,lecturer_sample,2025-02,290493.0,0.0,290493.0
ORD000563,P0025,5,15000.0,C0085,2025-02-03 21:21:00,card,online,0.0,Hải Phòng,office,2024-04-27,Gọt bút chì có hộp,Dụng cụ học tập,Deli,chiếc,15000.0,25,lecturer_sample,2025-02,75000.0,0.0,75000.0
ORD000563,P0005,2,75961.0,C0085,2025-02-03 21:21:00,card,online,0.0,Hải Phòng,office,2024-04-27,Sổ tay bìa da A5,Vở và giấy,OEM,quyển,79000.0,15,lecturer_sample,2025-02,151922.0,0.0,151922.0
ORD000563,P0015,6,45000.0,C0085,2025-02-03 21:21:00,card,online,0.0,Hải Phòng,office,2024-04-27,Bút máy học sinh,Bút viết,Hồng Hà,cây,45000.0,20,lecturer_sample,2025-02,270000.0,0.0,270000.0
ORD000563,P0016,4,25000.0,C0085,2025-02-03 21:21:00,card,online,0.0,Hải Phòng,office,2024-04-27,Ống mực bút máy xanh,Bút viết,Hồng Hà,hộp,25000.0,25,lecturer_sample,2025-02,100000.0,0.0,100000.0
ORD000564,P0063,8,34999750.0,C0018,2025-05-21 22:05:00,cash,offline,0.0,Cần Thơ,office,2024-03-23,Huawei Matebook X Pro,Thiết bị văn phòng,Huawei,chiếc,34999750.0,15,public_api,2025-05,279998000.0,0.0,279998000.0
ORD000564,P0047,6,78000.0,C0018,2025-05-21 22:05:00,cash,offline,0.0,Cần Thơ,office,2024-03-23,Máy dập ghim số 10,Thiết bị văn phòng,Max,chiếc,78000.0,15,lecturer_sample,2025-05,468000.0,0.0,468000.0
ORD000565,P0072,22,1907245.0,C0090,2025-08-03 23:30:00,e-wallet,shopee,0.0,TP. Hồ Chí Minh,wholesale,2024-01-02,Apple Airpower Wireless Charger,Phụ kiện máy tính,Apple,cái,1999750.0,1,public_api,2025-08,41959390.0,0.0,41959390.0
ORD000565,P0088,7,548560.0,C0090,2025-08-03 23:30:00,e-wallet,shopee,0.0,TP. Hồ Chí Minh,wholesale,2024-01-02,Set Me Free,Sách,Unknown,quyển,576180.0,24,public_website,2025-08,3839920.0,0.0,3839920.0
ORD000565,P0084,9,745800.0,C0090,2025-08-03 23:30:00,e-wallet,shopee,0.0,TP. Hồ Chí Minh,wholesale,2024-01-02,The Boys in the Boat: Nine Americans and Their Epic Quest for Gold at the 1936 Berlin Olympics,Sách,Unknown,quyển,745800.0,13,public_website,2025-08,6712200.0,0.0,6712200.0
ORD000566,P0086,2,461670.0,C0211,2025-06-12 16:09:00,cash,website,0.0,Huế,retail,2024-07-04,"Starving Hearts (Triangular Trade Trilogy, #1)",Sách,Unknown,quyển,461670.0,19,public_website,2025-06,923340.0,0.0,923340.0
ORD000566,P0045,5,1850000.0,C0211,2025-06-12 16:09:00,cash,website,0.0,Huế,retail,2024-07-04,Máy hủy tài liệu,Thiết bị văn phòng,Silicon,chiếc,1850000.0,3,lecturer_sample,2025-06,9250000.0,0.0,9250000.0
ORD000566,P0028,2,71517.0,C0211,2025-06-12 16:09:00,cash,website,0.0,Huế,retail,2024-07-04,Bộ màu nước 12 màu,Dụng cụ học tập,Pentel,bộ,78000.0,12,lecturer_sample,2025-06,143034.0,0.0,143034.0
ORD000566,P0073,5,2384974.0,C0211,2025-06-12 16:09:00,cash,website,0.0,Huế,retail,2024-07-04,Apple HomePod Mini Cosmic Grey,Phụ kiện máy tính,Apple,cái,2499750.0,5,public_api,2025-06,11924870.0,0.0,11924870.0
ORD000567,P0052,7,290000.0,C0056,2025-06-28 19:12:00,e-wallet,offline,0.0,Nha Trang,office,2024-10-03,Bàn phím có dây,Phụ kiện máy tính,Logitech,chiếc,290000.0,8,lecturer_sample,2025-06,2030000.0,0.0,2030000.0
ORD000567,P0059,10,55000.0,C0056,2025-06-28 19:12:00,e-wallet,offline,0.0,Nha Trang,office,2024-10-03,Tấm lót chuột,Phụ kiện máy tính,OEM,chiếc,55000.0,20,lecturer_sample,2025-06,550000.0,0.0,550000.0
ORD000567,P0076,7,1708410.0,C0056,2025-06-28 19:12:00,e-wallet,offline,0.0,Nha Trang,office,2024-10-03,A Light in the Attic,Sách,Unknown,quyển,1708410.0,16,public_website,2025-06,11958870.0,0.0,11958870.0
ORD000567,P0089,4,1725570.0,C0056,2025-06-28 19:12:00,e-wallet,offline,0.0,Nha Trang,office,2024-10-03,Scott Pilgrim's Precious Little Life (Scott Pilgrim #1),Sách,Unknown,quyển,1725570.0,27,public_website,2025-06,6902280.0,0.0,6902280.0
ORD000567,P0083,7,591690.0,C0056,2025-06-28 19:12:00,e-wallet,offline,0.0,Nha Trang,office,2024-10-03,"The Coming Woman: A Novel Based on the Life of the Infamous Feminist, Victoria Woodhull",Sách,Unknown,quyển,591690.0,10,public_website,2025-06,4141830.0,0.0,4141830.0
ORD000567,P0045,11,1850000.0,C0056,2025-06-28 19:12:00,e-wallet,offline,0.0,Nha Trang,office,2024-10-03,Máy hủy tài liệu,Thiết bị văn phòng,Silicon,chiếc,1850000.0,3,lecturer_sample,2025-06,20350000.0,0.0,20350000.0
ORD000567,P0079,8,1578060.0,C0056,2025-06-28 19:12:00,e-wallet,offline,0.0,Nha Trang,office,2024-10-03,Sharp Objects,Sách,Unknown,quyển,1578060.0,24,public_website,2025-06,12624480.0,0.0,12624480.0
ORD000568,P0026,1,65000.0,C0217,2025-12-05 03:43:00,cash,website,0.0,Biên Hòa,retail,2024-08-29,Hộp bút vải,Dụng cụ học tập,OEM,chiếc,65000.0,15,lecturer_sample,2025-12,65000.0,0.0,65000.0
ORD000568,P0055,1,280000.0,C0217,2025-12-05 03:43:00,cash,website,0.0,Biên Hòa,retail,2024-08-29,Thẻ nhớ microSD 64 GB,Phụ kiện máy tính,SanDisk,chiếc,280000.0,10,lecturer_sample,2025-12,280000.0,0.0,280000.0
ORD000569,P0086,4,461670.0,C0106,2025-02-23 23:47:00,cash,shopee,0.0,Đà Nẵng,retail,2024-01-20,"Starving Hearts (Triangular Trade Trilogy, #1)",Sách,Unknown,quyển,461670.0,19,public_website,2025-02,1846680.0,0.0,1846680.0
ORD000569,P0009,4,18000.0,C0106,2025-02-23 23:47:00,cash,shopee,0.0,Đà Nẵng,retail,2024-01-20,Giấy note 3 x 3 inch,Vở và giấy,Deli,xấp,18000.0,30,lecturer_sample,2025-02,72000.0,0.0,72000.0
ORD000569,P0039,1,28000.0,C0106,2025-02-23 23:47:00,cash,shopee,0.0,Đà Nẵng,retail,2024-01-20,Kẹp bướm 25 mm,Hồ sơ và lưu trữ,Deli,hộp,28000.0,25,lecturer_sample,2025-02,28000.0,0.0,28000.0
ORD000570,P0037,12,95000.0,C0121,2025-03-05 21:50:00,card,offline,0.0,Nha Trang,office,2024-09-09,Cặp tài liệu A4,Hồ sơ và lưu trữ,OEM,chiếc,95000.0,10,lecturer_sample,2025-03,1140000.0,0.0,1140000.0
ORD000570,P0076,8,1708410.0,C0121,2025-03-05 21:50:00,card,offline,0.0,Nha Trang,office,2024-09-09,A Light in the Attic,Sách,Unknown,quyển,1708410.0,16,public_website,2025-03,13667280.0,0.0,13667280.0
ORD000570,P0067,2,14059417.0,C0121,2025-03-05 21:50:00,card,offline,0.0,Nha Trang,office,2024-09-09,Samsung Galaxy Tab S8 Plus Grey,Thiết bị văn phòng,Samsung,chiếc,14999750.0,12,public_api,2025-03,28118834.0,0.0,28118834.0
ORD000570,P0064,2,27499750.0,C0121,2025-03-05 21:50:00,card,offline,0.0,Nha Trang,office,2024-09-09,Lenovo Yoga 920,Thiết bị văn phòng,Lenovo,chiếc,27499750.0,8,public_api,2025-03,54999500.0,0.0,54999500.0
ORD000570,P0034,7,80470.0,C0121,2025-03-05 21:50:00,card,offline,0.0,Nha Trang,office,2024-09-09,File hộp 10 cm,Hồ sơ và lưu trữ,Flexoffice,chiếc,85000.0,15,lecturer_sample,2025-03,563290.0,0.0,563290.0
ORD000571,P0050,4,408290.0,C0190,2025-11-04 21:21:00,e-wallet,offline,0.0,Hà Nội,retail,2024-02-29,Bảng trắng 60 x 90 cm,Thiết bị văn phòng,Bavico,chiếc,420000.0,5,lecturer_sample,2025-11,1633160.0,0.0,1633160.0
ORD000572,P0066,8,11391894.0,C0148,2025-08-08 18:40:00,transfer,offline,0.0,Nha Trang,wholesale,2024-11-02,iPad Mini 2021 Starlight,Thiết bị văn phòng,Apple,chiếc,12499750.0,9,public_api,2025-08,91135152.0,0.0,91135152.0
ORD000572,P0036,8,185000.0,C0148,2025-08-08 18:40:00,transfer,offline,0.0,Nha Trang,wholesale,2024-11-02,Khay tài liệu 3 tầng,Hồ sơ và lưu trữ,Deli,bộ,185000.0,8,lecturer_sample,2025-08,1480000.0,0.0,1480000.0
ORD000573,P0077,5,1608651.0,C0201,2025-07-21 04:40:00,transfer,offline,0.0,Huế,retail,2024-12-24,Tipping the Velvet,Sách,Unknown,quyển,1773420.0,19,public_website,2025-07,8043255.0,0.0,8043255.0
ORD000573,P0083,4,591690.0,C0201,2025-07-21 04:40:00,transfer,offline,0.0,Huế,retail,2024-12-24,"The Coming Woman: A Novel Based on the Life of the Infamous Feminist, Victoria Woodhull",Sách,Unknown,quyển,591690.0,10,public_website,2025-07,2366760.0,0.0,2366760.0
ORD000573,P0029,2,23928.0,C0201,2025-07-21 04:40:00,transfer,offline,0.0,Huế,retail,2024-12-24,Kéo học sinh 13 cm,Dụng cụ học tập,Deli,chiếc,25000.0,18,lecturer_sample,2025-07,47856.0,0.0,47856.0
ORD000573,P0009,3,18000.0,C0201,2025-07-21 04:40:00,transfer,offline,0.0,Huế,retail,2024-12-24,Giấy note 3 x 3 inch,Vở và giấy,Deli,xấp,18000.0,30,lecturer_sample,2025-07,54000.0,0.0,54000.0
ORD000573,P0003,2,14000.0,C0201,2025-07-21 04:40:00,transfer,offline,0.0,Huế,retail,2024-12-24,Vở ô ly 96 trang,Vở và giấy,Hồng Hà,quyển,14000.0,35,lecturer_sample,2025-07,28000.0,0.0,28000.0
ORD000573,P0017,5,8688.0,C0201,2025-07-21 04:40:00,transfer,offline,0.0,Huế,retail,2024-12-24,Bút chì 2B,Bút viết,Staedtler,cây,9000.0,45,lecturer_sample,2025-07,43440.0,0.0,43440.0
ORD000574,P0025,5,15000.0,C0207,2025-07-14 04:16:00,cash,offline,0.0,Hải Phòng,retail,2024-10-14,Gọt bút chì có hộp,Dụng cụ học tập,Deli,chiếc,15000.0,25,lecturer_sample,2025-07,75000.0,0.0,75000.0
ORD000574,P0086,2,461670.0,C0207,2025-07-14 04:16:00,cash,offline,0.0,Hải Phòng,retail,2024-10-14,"Starving Hearts (Triangular Trade Trilogy, #1)",Sách,Unknown,quyển,461670.0,19,public_website,2025-07,923340.0,0.0,923340.0
ORD000574,P0056,2,180000.0,C0207,2025-07-14 04:16:00,cash,offline,0.0,Hải Phòng,retail,2024-10-14,Cáp HDMI 2 m,Phụ kiện máy tính,Ugreen,sợi,180000.0,12,lecturer_sample,2025-07,360000.0,0.0,360000.0
ORD000575,P0073,4,2499750.0,C0127,2025-07-05 19:25:00,cash,offline,0.0,TP. Hồ Chí Minh,retail,2024-11-21,Apple HomePod Mini Cosmic Grey,Phụ kiện máy tính,Apple,cái,2499750.0,5,public_api,2025-07,9999000.0,0.0,9999000.0
ORD000575,P0074,3,499750.0,C0127,2025-07-05 19:25:00,cash,offline,0.0,TP. Hồ Chí Minh,retail,2024-11-21,Apple iPhone Charger,Phụ kiện máy tính,Apple,cái,499750.0,6,public_api,2025-07,1499250.0,0.0,1499250.0
ORD000576,P0016,3,23589.0,C0116,2025-03-24 18:19:00,cash,offline,0.0,Đà Nẵng,retail,2024-11-15,Ống mực bút máy xanh,Bút viết,Hồng Hà,hộp,25000.0,25,lecturer_sample,2025-03,70767.0,0.0,70767.0
ORD000577,P0067,5,14999750.0,C0158,2025-11-05 00:00:00,cash,online,0.0,TP. Hồ Chí Minh,retail,2024-10-05,Samsung Galaxy Tab S8 Plus Grey,Thiết bị văn phòng,Samsung,chiếc,14999750.0,12,public_api,2025-11,74998750.0,0.0,74998750.0
ORD000578,P0004,7,42000.0,C0040,2025-04-21 21:07:00,e-wallet,offline,20000.0,TP. Hồ Chí Minh,wholesale,2023-12-03,Sổ lò xo A5 200 trang,Vở và giấy,Hải Tiến,quyển,42000.0,20,lecturer_sample,2025-04,294000.0,5.688153700483385,293994.3118462995
ORD000578,P0013,22,5000.0,C0040,2025-04-21 21:07:00,e-wallet,offline,20000.0,TP. Hồ Chí Minh,wholesale,2023-12-03,Bút bi đỏ 0.5 mm,Bút viết,Thiên Long,cây,5000.0,50,lecturer_sample,2025-04,110000.0,2.128220772289702,109997.87177922772
ORD000578,P0008,19,61400.0,C0040,2025-04-21 21:07:00,e-wallet,offline,20000.0,TP. Hồ Chí Minh,wholesale,2023-12-03,Giấy màu A4 100 tờ,Vở và giấy,IK Plus,xấp,65000.0,15,lecturer_sample,2025-04,1166600.0,22.5707486632106,1166577.4292513367
ORD000578,P0061,21,49150321.0,C0040,2025-04-21 21:07:00,e-wallet,offline,20000.0,TP. Hồ Chí Minh,wholesale,2023-12-03,Apple MacBook Pro 14 Inch Space Grey,Thiết bị văn phòng,Apple,chiếc,49999750.0,5,public_api,2025-04,1032156741.0,19969.612876864016,1032136771.3871231
ORD000579,P0064,19,27499750.0,C0065,2025-03-30 19:43:00,e-wallet,offline,10000.0,Cần Thơ,wholesale,2024-03-28,Lenovo Yoga 920,Thiết bị văn phòng,Lenovo,chiếc,27499750.0,8,public_api,2025-03,522495250.0,8568.17465014349,522486681.82534987
ORD000579,P0088,28,576180.0,C0065,2025-03-30 19:43:00,e-wallet,offline,10000.0,Cần Thơ,wholesale,2024-03-28,Set Me Free,Sách,Unknown,quyển,576180.0,24,public_website,2025-03,16133040.0,264.5587770563482,16132775.441222943
ORD000579,P0084,15,745800.0,C0065,2025-03-30 19:43:00,e-wallet,offline,10000.0,Cần Thơ,wholesale,2024-03-28,The Boys in the Boat: Nine Americans and Their Epic Quest for Gold at the 1936 Berlin Olympics,Sách,Unknown,quyển,745800.0,13,public_website,2025-03,11187000.0,183.45079655969164,11186816.54920344
ORD000579,P0073,24,2499750.0,C0065,2025-03-30 19:43:00,e-wallet,offline,10000.0,Cần Thơ,wholesale,2024-03-28,Apple HomePod Mini Cosmic Grey,Phụ kiện máy tính,Apple,cái,2499750.0,5,public_api,2025-03,59994000.0,983.8157762404702,59993016.184223756
ORD000580,P0076,1,1708410.0,C0052,2025-10-18 21:23:00,card,offline,0.0,TP. Hồ Chí Minh,retail,2024-03-30,A Light in the Attic,Sách,Unknown,quyển,1708410.0,16,public_website,2025-10,1708410.0,0.0,1708410.0
ORD000580,P0089,3,1725570.0,C0052,2025-10-18 21:23:00,card,offline,0.0,TP. Hồ Chí Minh,retail,2024-03-30,Scott Pilgrim's Precious Little Life (Scott Pilgrim #1),Sách,Unknown,quyển,1725570.0,27,public_website,2025-10,5176710.0,0.0,5176710.0
ORD000580,P0081,2,747450.0,C0052,2025-10-18 21:23:00,card,offline,0.0,TP. Hồ Chí Minh,retail,2024-03-30,The Requiem Red,Sách,Unknown,quyển,747450.0,30,public_website,2025-10,1494900.0,0.0,1494900.0
ORD000580,P0023,1,42000.0,C0052,2025-10-18 21:23:00,card,offline,0.0,TP. Hồ Chí Minh,retail,2024-03-30,Compa học sinh,Dụng cụ học tập,Maped,chiếc,42000.0,15,lecturer_sample,2025-10,42000.0,0.0,42000.0
ORD000580,P0037,3,95000.0,C0052,2025-10-18 21:23:00,card,offline,0.0,TP. Hồ Chí Minh,retail,2024-03-30,Cặp tài liệu A4,Hồ sơ và lưu trữ,OEM,chiếc,95000.0,10,lecturer_sample,2025-10,285000.0,0.0,285000.0
ORD000581,P0002,17,18000.0,C0200,2025-06-10 17:00:00,transfer,online,0.0,Biên Hòa,wholesale,2024-03-18,Vở kẻ ngang 120 trang,Vở và giấy,Campus,quyển,18000.0,30,lecturer_sample,2025-06,306000.0,0.0,306000.0
ORD000581,P0011,11,5000.0,C0200,2025-06-10 17:00:00,transfer,online,0.0,Biên Hòa,wholesale,2024-03-18,Bút bi xanh 0.5 mm,Bút viết,Thiên Long,cây,5000.0,70,lecturer_sample,2025-06,55000.0,0.0,55000.0
ORD000581,P0042,8,42000.0,C0200,2025-06-10 17:00:00,transfer,online,0.0,Biên Hòa,wholesale,2024-03-18,Pin AAA 4 viên,Thiết bị văn phòng,Panasonic,vỉ,42000.0,22,lecturer_sample,2025-06,336000.0,0.0,336000.0
ORD000582,P0051,4,320000.0,C0184,2025-11-09 04:55:00,transfer,offline,0.0,Nha Trang,retail,2024-04-15,Chuột không dây,Phụ kiện máy tính,Logitech,chiếc,320000.0,10,lecturer_sample,2025-11,1280000.0,0.0,1280000.0
ORD000582,P0060,3,390000.0,C0184,2025-11-09 04:55:00,transfer,offline,0.0,Nha Trang,retail,2024-04-15,Tai nghe có mic,Phụ kiện máy tính,Rapoo,chiếc,390000.0,8,lecturer_sample,2025-11,1170000.0,0.0,1170000.0
ORD000582,P0038,1,35000.0,C0184,2025-11-09 04:55:00,transfer,offline,0.0,Nha Trang,retail,2024-04-15,Nhãn dán phân loại,Hồ sơ và lưu trữ,Avery,xấp,35000.0,18,lecturer_sample,2025-11,35000.0,0.0,35000.0
ORD000583,P0003,3,14000.0,C0154,2025-06-18 01:24:00,cash,website,0.0,Huế,retail,2024-04-21,Vở ô ly 96 trang,Vở và giấy,Hồng Hà,quyển,14000.0,35,lecturer_sample,2025-06,42000.0,0.0,42000.0
ORD000583,P0017,4,9000.0,C0154,2025-06-18 01:24:00,cash,website,0.0,Huế,retail,2024-04-21,Bút chì 2B,Bút viết,Staedtler,cây,9000.0,45,lecturer_sample,2025-06,36000.0,0.0,36000.0
ORD000584,P0007,5,93500.0,C0137,2025-09-28 16:21:00,card,offline,0.0,Huế,student,2024-07-07,Giấy in A4 80 gsm,Vở và giấy,PaperOne,ram,99000.0,20,lecturer_sample,2025-09,467500.0,0.0,467500.0
ORD000584,P0043,1,3190000.0,C0137,2025-09-28 16:21:00,card,offline,0.0,Huế,student,2024-07-07,Máy in laser đơn sắc,Thiết bị văn phòng,Brother,chiếc,3190000.0,3,lecturer_sample,2025-09,3190000.0,0.0,3190000.0
ORD000584,P0074,4,499750.0,C0137,2025-09-28 16:21:00,card,offline,0.0,Huế,student,2024-07-07,Apple iPhone Charger,Phụ kiện máy tính,Apple,cái,499750.0,6,public_api,2025-09,1999000.0,0.0,1999000.0
ORD000584,P0065,1,36914504.0,C0137,2025-09-28 16:21:00,card,offline,0.0,Huế,student,2024-07-07,New DELL XPS 13 9300 Laptop,Thiết bị văn phòng,Dell,chiếc,37499750.0,14,public_api,2025-09,36914504.0,0.0,36914504.0
ORD000585,P0013,3,4742.0,C0027,2025-01-15 19:03:00,cash,offline,0.0,Huế,retail,2023-12-14,Bút bi đỏ 0.5 mm,Bút viết,Thiên Long,cây,5000.0,50,lecturer_sample,2025-01,14226.0,0.0,14226.0
ORD000585,P0089,1,1687817.0,C0027,2025-01-15 19:03:00,cash,offline,0.0,Huế,retail,2023-12-14,Scott Pilgrim's Precious Little Life (Scott Pilgrim #1),Sách,Unknown,quyển,1725570.0,27,public_website,2025-01,1687817.0,0.0,1687817.0
ORD000585,P0065,3,33895156.0,C0027,2025-01-15 19:03:00,cash,offline,0.0,Huế,retail,2023-12-14,New DELL XPS 13 9300 Laptop,Thiết bị văn phòng,Dell,chiếc,37499750.0,14,public_api,2025-01,101685468.0,0.0,101685468.0
ORD000586,P0055,5,280000.0,C0013,2025-06-05 17:16:00,transfer,website,0.0,Cần Thơ,student,2024-05-22,Thẻ nhớ microSD 64 GB,Phụ kiện máy tính,SanDisk,chiếc,280000.0,10,lecturer_sample,2025-06,1400000.0,0.0,1400000.0
ORD000586,P0075,2,2499750.0,C0013,2025-06-05 17:16:00,transfer,website,0.0,Cần Thơ,student,2024-05-22,Apple MagSafe Battery Pack,Phụ kiện máy tính,Apple,cái,2499750.0,1,public_api,2025-06,4999500.0,0.0,4999500.0
ORD000587,P0012,28,5000.0,C0038,2025-10-27 22:40:00,card,offline,0.0,Nha Trang,wholesale,2024-06-12,Bút bi đen 0.5 mm,Bút viết,Thiên Long,cây,5000.0,60,lecturer_sample,2025-10,140000.0,0.0,140000.0
ORD000587,P0047,7,78000.0,C0038,2025-10-27 22:40:00,card,offline,0.0,Nha Trang,wholesale,2024-06-12,Máy dập ghim số 10,Thiết bị văn phòng,Max,chiếc,78000.0,15,lecturer_sample,2025-10,546000.0,0.0,546000.0
ORD000588,P0079,2,1578060.0,C0076,2025-12-31 17:22:00,cash,offline,50000.0,Biên Hòa,student,2024-01-05,Sharp Objects,Sách,Unknown,quyển,1578060.0,24,public_website,2025-12,3156120.0,1740.7338403331228,3154379.2661596667
ORD000588,P0067,4,14999750.0,C0076,2025-12-31 17:22:00,cash,offline,50000.0,Biên Hòa,student,2024-01-05,Samsung Galaxy Tab S8 Plus Grey,Thiết bị văn phòng,Samsung,chiếc,14999750.0,12,public_api,2025-12,59999000.0,33091.98943200734,59965908.01056799
ORD000588,P0064,1,27499750.0,C0076,2025-12-31 17:22:00,cash,offline,50000.0,Biên Hòa,student,2024-01-05,Lenovo Yoga 920,Thiết bị văn phòng,Lenovo,chiếc,27499750.0,8,public_api,2025-12,27499750.0,15167.27672765953,27484582.723272342
ORD000589,P0028,1,71736.0,C0209,2025-10-31 04:33:00,transfer,shopee,0.0,TP. Hồ Chí Minh,student,2024-09-30,Bộ màu nước 12 màu,Dụng cụ học tập,Pentel,bộ,78000.0,12,lecturer_sample,2025-10,71736.0,0.0,71736.0
ORD000589,P0087,3,681780.0,C0209,2025-10-31 04:33:00,transfer,shopee,0.0,TP. Hồ Chí Minh,student,2024-09-30,Shakespeare's Sonnets,Sách,Unknown,quyển,681780.0,21,public_website,2025-10,2045340.0,0.0,2045340.0
ORD000590,P0018,4,38000.0,C0116,2025-11-15 00:12:00,cash,offline,5000.0,Đà Nẵng,retail,2024-11-15,Bút chì kim 0.5 mm,Bút viết,Pentel,cây,38000.0,20,lecturer_sample,2025-11,152000.0,90.86235548701028,151909.137644513
ORD000590,P0019,1,22000.0,C0116,2025-11-15 00:12:00,cash,offline,5000.0,Đà Nẵng,retail,2024-11-15,Ruột chì kim 0.5 mm,Bút viết,Pentel,hộp,22000.0,25,lecturer_sample,2025-11,22000.0,13.151130399435697,21986.848869600566
ORD000590,P0015,5,45000.0,C0116,2025-11-15 00:12:00,cash,offline,5000.0,Đà Nẵng,retail,2024-11-15,Bút máy học sinh,Bút viết,Hồng Hà,cây,45000.0,20,lecturer_sample,2025-11,225000.0,134.50019726695598,224865.49980273304
ORD000590,P0016,3,25000.0,C0116,2025-11-15 00:12:00,cash,offline,5000.0,Đà Nẵng,retail,2024-11-15,Ống mực bút máy xanh,Bút viết,Hồng Hà,hộp,25000.0,25,lecturer_sample,2025-11,75000.0,44.83339908898533,74955.16660091102
ORD000590,P0079,5,1578060.0,C0116,2025-11-15 00:12:00,cash,offline,5000.0,Đà Nẵng,retail,2024-11-15,Sharp Objects,Sách,Unknown,quyển,1578060.0,24,public_website,2025-11,7890300.0,4716.652917757613,7885583.347082242
ORD000591,P0045,2,1850000.0,C0111,2025-04-19 18:25:00,e-wallet,offline,50000.0,Cần Thơ,retail,2024-07-01,Máy hủy tài liệu,Thiết bị văn phòng,Silicon,chiếc,1850000.0,3,lecturer_sample,2025-04,3700000.0,9222.333000997009,3690777.666999003
ORD000591,P0006,5,82000.0,C0111,2025-04-19 18:25:00,e-wallet,offline,50000.0,Cần Thơ,retail,2024-07-01,Giấy in A4 70 gsm,Vở và giấy,Double A,ram,82000.0,25,lecturer_sample,2025-04,410000.0,1021.9341974077767,408978.0658025922
ORD000591,P0043,5,3190000.0,C0111,2025-04-19 18:25:00,e-wallet,offline,50000.0,Cần Thơ,retail,2024-07-01,Máy in laser đơn sắc,Thiết bị văn phòng,Brother,chiếc,3190000.0,3,lecturer_sample,2025-04,15950000.0,39755.73280159521,15910244.267198404
ORD000592,P0088,5,576180.0,C0111,2025-02-26 02:03:00,card,offline,5000.0,Cần Thơ,retail,2024-07-01,Set Me Free,Sách,Unknown,quyển,576180.0,24,public_website,2025-02,2880900.0,926.6897057251148,2879973.3102942747
ORD000592,P0084,4,745800.0,C0111,2025-02-26 02:03:00,card,offline,5000.0,Cần Thơ,retail,2024-07-01,The Boys in the Boat: Nine Americans and Their Epic Quest for Gold at the 1936 Berlin Olympics,Sách,Unknown,quyển,745800.0,13,public_website,2025-02,2983200.0,959.5962130303592,2982240.40378697
ORD000592,P0006,1,82000.0,C0111,2025-02-26 02:03:00,card,offline,5000.0,Cần Thơ,retail,2024-07-01,Giấy in A4 70 gsm,Vở và giấy,Double A,ram,82000.0,25,lecturer_sample,2025-02,82000.0,26.376672522287965,81973.62332747772
ORD000592,P0043,3,3190000.0,C0111,2025-02-26 02:03:00,card,offline,5000.0,Cần Thơ,retail,2024-07-01,Máy in laser đơn sắc,Thiết bị văn phòng,Brother,chiếc,3190000.0,3,lecturer_sample,2025-02,9570000.0,3078.350683393852,9566921.649316607
ORD000592,P0025,2,13969.0,C0111,2025-02-26 02:03:00,card,offline,5000.0,Cần Thơ,retail,2024-07-01,Gọt bút chì có hộp,Dụng cụ học tập,Deli,chiếc,15000.0,25,lecturer_sample,2025-02,27938.0,8.986725328386356,27929.013274671615
ORD000593,P0009,1,18000.0,C0074,2025-12-29 01:18:00,transfer,offline,0.0,Biên Hòa,retail,2024-08-28,Giấy note 3 x 3 inch,Vở và giấy,Deli,xấp,18000.0,30,lecturer_sample,2025-12,18000.0,0.0,18000.0
ORD000593,P0045,3,1688615.0,C0074,2025-12-29 01:18:00,transfer,offline,0.0,Biên Hòa,retail,2024-08-28,Máy hủy tài liệu,Thiết bị văn phòng,Silicon,chiếc,1850000.0,3,lecturer_sample,2025-12,5065845.0,0.0,5065845.0
ORD000593,P0062,1,44999750.0,C0074,2025-12-29 01:18:00,transfer,offline,0.0,Biên Hòa,retail,2024-08-28,Asus Zenbook Pro Dual Screen Laptop,Thiết bị văn phòng,Asus,chiếc,44999750.0,9,public_api,2025-12,44999750.0,0.0,44999750.0
ORD000593,P0049,4,125000.0,C0074,2025-12-29 01:18:00,transfer,offline,0.0,Biên Hòa,retail,2024-08-28,Máy đục lỗ 2 lỗ,Thiết bị văn phòng,Deli,chiếc,125000.0,10,lecturer_sample,2025-12,500000.0,0.0,500000.0
ORD000594,P0078,1,1653300.0,C0046,2025-05-16 17:10:00,cash,offline,0.0,Cần Thơ,student,2024-01-21,Soumission,Sách,Unknown,quyển,1653300.0,22,public_website,2025-05,1653300.0,0.0,1653300.0
ORD000594,P0088,3,545800.0,C0046,2025-05-16 17:10:00,cash,offline,0.0,Cần Thơ,student,2024-01-21,Set Me Free,Sách,Unknown,quyển,576180.0,24,public_website,2025-05,1637400.0,0.0,1637400.0
ORD000594,P0044,2,892191.0,C0046,2025-05-16 17:10:00,cash,offline,0.0,Cần Thơ,student,2024-01-21,Mực in laser đen,Thiết bị văn phòng,Brother,hộp,920000.0,5,lecturer_sample,2025-05,1784382.0,0.0,1784382.0
ORD000595,P0044,1,852934.0,C0026,2025-06-06 04:47:00,card,offline,0.0,Hà Nội,retail,2024-12-25,Mực in laser đen,Thiết bị văn phòng,Brother,hộp,920000.0,5,lecturer_sample,2025-06,852934.0,0.0,852934.0
ORD000595,P0032,3,11636.0,C0026,2025-06-06 04:47:00,card,offline,0.0,Hà Nội,retail,2024-12-25,Bìa nút A4,Hồ sơ và lưu trữ,Deli,chiếc,12000.0,35,lecturer_sample,2025-06,34908.0,0.0,34908.0
ORD000595,P0006,5,82000.0,C0026,2025-06-06 04:47:00,card,offline,0.0,Hà Nội,retail,2024-12-25,Giấy in A4 70 gsm,Vở và giấy,Double A,ram,82000.0,25,lecturer_sample,2025-06,410000.0,0.0,410000.0
ORD000596,P0014,2,12000.0,C0070,2025-12-19 00:46:00,card,online,0.0,Biên Hòa,student,2024-06-25,Bút gel xanh 0.5 mm,Bút viết,Deli,cây,12000.0,40,lecturer_sample,2025-12,24000.0,0.0,24000.0
ORD000596,P0037,4,95000.0,C0070,2025-12-19 00:46:00,card,online,0.0,Biên Hòa,student,2024-06-25,Cặp tài liệu A4,Hồ sơ và lưu trữ,OEM,chiếc,95000.0,10,lecturer_sample,2025-12,380000.0,0.0,380000.0
ORD000596,P0019,1,22000.0,C0070,2025-12-19 00:46:00,card,online,0.0,Biên Hòa,student,2024-06-25,Ruột chì kim 0.5 mm,Bút viết,Pentel,hộp,22000.0,25,lecturer_sample,2025-12,22000.0,0.0,22000.0
ORD000597,P0059,3,51436.0,C0097,2025-11-24 17:17:00,card,website,0.0,Biên Hòa,retail,2024-04-29,Tấm lót chuột,Phụ kiện máy tính,OEM,chiếc,55000.0,20,lecturer_sample,2025-11,154308.0,0.0,154308.0
ORD000597,P0083,4,547232.0,C0097,2025-11-24 17:17:00,card,website,0.0,Biên Hòa,retail,2024-04-29,"The Coming Woman: A Novel Based on the Life of the Infamous Feminist, Victoria Woodhull",Sách,Unknown,quyển,591690.0,10,public_website,2025-11,2188928.0,0.0,2188928.0
ORD000597,P0039,2,28000.0,C0097,2025-11-24 17:17:00,card,website,0.0,Biên Hòa,retail,2024-04-29,Kẹp bướm 25 mm,Hồ sơ và lưu trữ,Deli,hộp,28000.0,25,lecturer_sample,2025-11,56000.0,0.0,56000.0
ORD000597,P0087,5,664787.0,C0097,2025-11-24 17:17:00,card,website,0.0,Biên Hòa,retail,2024-04-29,Shakespeare's Sonnets,Sách,Unknown,quyển,681780.0,21,public_website,2025-11,3323935.0,0.0,3323935.0
ORD000598,P0073,5,2390115.0,C0032,2025-08-11 04:29:00,e-wallet,shopee,10000.0,Hải Phòng,student,2024-02-07,Apple HomePod Mini Cosmic Grey,Phụ kiện máy tính,Apple,cái,2499750.0,5,public_api,2025-08,11950575.0,8888.440562808313,11941686.559437191
ORD000598,P0074,2,499750.0,C0032,2025-08-11 04:29:00,e-wallet,shopee,10000.0,Hải Phòng,student,2024-02-07,Apple iPhone Charger,Phụ kiện máy tính,Apple,cái,499750.0,6,public_api,2025-08,999500.0,743.3948862315755,998756.6051137684
ORD000598,P0010,3,165000.0,C0032,2025-08-11 04:29:00,e-wallet,shopee,10000.0,Hải Phòng,student,2024-02-07,Giấy photo A3 70 gsm,Vở và giấy,Double A,ram,165000.0,10,lecturer_sample,2025-08,495000.0,368.16455096011,494631.8354490399
ORD000599,P0076,1,1708410.0,C0076,2025-01-08 23:02:00,cash,offline,0.0,Biên Hòa,student,2024-01-05,A Light in the Attic,Sách,Unknown,quyển,1708410.0,16,public_website,2025-01,1708410.0,0.0,1708410.0
ORD000599,P0089,2,1725570.0,C0076,2025-01-08 23:02:00,cash,offline,0.0,Biên Hòa,student,2024-01-05,Scott Pilgrim's Precious Little Life (Scott Pilgrim #1),Sách,Unknown,quyển,1725570.0,27,public_website,2025-01,3451140.0,0.0,3451140.0
ORD000600,P0087,1,681780.0,C0073,2025-09-16 02:49:00,e-wallet,online,0.0,Hải Phòng,retail,2024-01-22,Shakespeare's Sonnets,Sách,Unknown,quyển,681780.0,21,public_website,2025-09,681780.0,0.0,681780.0
ORD000600,P0063,1,34999750.0,C0073,2025-09-16 02:49:00,e-wallet,online,0.0,Hải Phòng,retail,2024-01-22,Huawei Matebook X Pro,Thiết bị văn phòng,Huawei,chiếc,34999750.0,15,public_api,2025-09,34999750.0,0.0,34999750.0
ORD000600,P0045,3,1850000.0,C0073,2025-09-16 02:49:00,e-wallet,online,0.0,Hải Phòng,retail,2024-01-22,Máy hủy tài liệu,Thiết bị văn phòng,Silicon,chiếc,1850000.0,3,lecturer_sample,2025-09,5550000.0,0.0,5550000.0
ORD000601,P0083,4,591690.0,C0174,2025-11-23 22:27:00,card,offline,0.0,TP. Hồ Chí Minh,retail,2024-05-09,"The Coming Woman: A Novel Based on the Life of the Infamous Feminist, Victoria Woodhull",Sách,Unknown,quyển,591690.0,10,public_website,2025-11,2366760.0,0.0,2366760.0
ORD000601,P0082,3,1003979.0,C0174,2025-11-23 22:27:00,card,offline,0.0,TP. Hồ Chí Minh,retail,2024-05-09,The Dirty Little Secrets of Getting Your Dream Job,Sách,Unknown,quyển,1100220.0,8,public_website,2025-11,3011937.0,0.0,3011937.0
ORD000602,P0018,4,37052.0,C0197,2025-04-13 20:08:00,e-wallet,online,0.0,Hải Phòng,student,2024-04-02,Bút chì kim 0.5 mm,Bút viết,Pentel,cây,38000.0,20,lecturer_sample,2025-04,148208.0,0.0,148208.0
ORD000602,P0019,1,22000.0,C0197,2025-04-13 20:08:00,e-wallet,online,0.0,Hải Phòng,student,2024-04-02,Ruột chì kim 0.5 mm,Bút viết,Pentel,hộp,22000.0,25,lecturer_sample,2025-04,22000.0,0.0,22000.0
ORD000602,P0027,4,92000.0,C0197,2025-04-13 20:08:00,e-wallet,online,0.0,Hải Phòng,student,2024-04-02,Bộ màu sáp 24 màu,Dụng cụ học tập,Crayola,bộ,92000.0,12,lecturer_sample,2025-04,368000.0,0.0,368000.0
ORD000603,P0038,1,32826.0,C0129,2025-12-18 03:22:00,cash,website,0.0,Huế,retail,2024-07-20,Nhãn dán phân loại,Hồ sơ và lưu trữ,Avery,xấp,35000.0,18,lecturer_sample,2025-12,32826.0,0.0,32826.0
ORD000604,P0022,4,18000.0,C0194,2025-03-14 01:58:00,cash,shopee,20000.0,Hà Nội,student,2024-07-25,Thước ê ke 2 chiếc,Dụng cụ học tập,Deli,bộ,18000.0,20,lecturer_sample,2025-03,72000.0,1496.881496881497,70503.1185031185
ORD000604,P0046,1,890000.0,C0194,2025-03-14 01:58:00,cash,shopee,20000.0,Hà Nội,student,2024-07-25,Máy ép plastic A4,Thiết bị văn phòng,Deli,chiếc,890000.0,4,lecturer_sample,2025-03,890000.0,18503.1185031185,871496.8814968815
ORD000605,P0006,3,82000.0,C0196,2025-09-23 23:53:00,card,online,0.0,Hà Nội,student,2024-01-02,Giấy in A4 70 gsm,Vở và giấy,Double A,ram,82000.0,25,lecturer_sample,2025-09,246000.0,0.0,246000.0
ORD000606,P0059,2,55000.0,C0177,2025-06-19 16:07:00,e-wallet,offline,0.0,Huế,retail,2024-06-23,Tấm lót chuột,Phụ kiện máy tính,OEM,chiếc,55000.0,20,lecturer_sample,2025-06,110000.0,0.0,110000.0
ORD000606,P0067,3,14764071.0,C0177,2025-06-19 16:07:00,e-wallet,offline,0.0,Huế,retail,2024-06-23,Samsung Galaxy Tab S8 Plus Grey,Thiết bị văn phòng,Samsung,chiếc,14999750.0,12,public_api,2025-06,44292213.0,0.0,44292213.0
ORD000606,P0064,4,27499750.0,C0177,2025-06-19 16:07:00,e-wallet,offline,0.0,Huế,retail,2024-06-23,Lenovo Yoga 920,Thiết bị văn phòng,Lenovo,chiếc,27499750.0,8,public_api,2025-06,109999000.0,0.0,109999000.0
ORD000606,P0018,2,38000.0,C0177,2025-06-19 16:07:00,e-wallet,offline,0.0,Huế,retail,2024-06-23,Bút chì kim 0.5 mm,Bút viết,Pentel,cây,38000.0,20,lecturer_sample,2025-06,76000.0,0.0,76000.0
ORD000606,P0019,1,22000.0,C0177,2025-06-19 16:07:00,e-wallet,offline,0.0,Huế,retail,2024-06-23,Ruột chì kim 0.5 mm,Bút viết,Pentel,hộp,22000.0,25,lecturer_sample,2025-06,22000.0,0.0,22000.0
ORD000607,P0042,1,42000.0,C0031,2025-09-24 17:15:00,e-wallet,offline,0.0,Biên Hòa,retail,2024-10-22,Pin AAA 4 viên,Thiết bị văn phòng,Panasonic,vỉ,42000.0,22,lecturer_sample,2025-09,42000.0,0.0,42000.0
ORD000608,P0024,1,8000.0,C0124,2025-04-05 19:53:00,cash,offline,0.0,Nha Trang,retail,2024-02-26,Tẩy chì trắng,Dụng cụ học tập,Staedtler,viên,8000.0,40,lecturer_sample,2025-04,8000.0,0.0,8000.0
ORD000608,P0055,2,280000.0,C0124,2025-04-05 19:53:00,cash,offline,0.0,Nha Trang,retail,2024-02-26,Thẻ nhớ microSD 64 GB,Phụ kiện máy tính,SanDisk,chiếc,280000.0,10,lecturer_sample,2025-04,560000.0,0.0,560000.0
ORD000608,P0039,5,28000.0,C0124,2025-04-05 19:53:00,cash,offline,0.0,Nha Trang,retail,2024-02-26,Kẹp bướm 25 mm,Hồ sơ và lưu trữ,Deli,hộp,28000.0,25,lecturer_sample,2025-04,140000.0,0.0,140000.0
ORD000609,P0052,3,290000.0,C0123,2025-05-29 20:42:00,e-wallet,shopee,0.0,Đà Nẵng,office,2024-03-28,Bàn phím có dây,Phụ kiện máy tính,Logitech,chiếc,290000.0,8,lecturer_sample,2025-05,870000.0,0.0,870000.0
ORD000609,P0059,8,55000.0,C0123,2025-05-29 20:42:00,e-wallet,shopee,0.0,Đà Nẵng,office,2024-03-28,Tấm lót chuột,Phụ kiện máy tính,OEM,chiếc,55000.0,20,lecturer_sample,2025-05,440000.0,0.0,440000.0
ORD000610,P0052,3,273212.0,C0073,2025-08-23 17:36:00,e-wallet,offline,0.0,Hải Phòng,retail,2024-01-22,Bàn phím có dây,Phụ kiện máy tính,Logitech,chiếc,290000.0,8,lecturer_sample,2025-08,819636.0,0.0,819636.0
ORD000610,P0059,4,55000.0,C0073,2025-08-23 17:36:00,e-wallet,offline,0.0,Hải Phòng,retail,2024-01-22,Tấm lót chuột,Phụ kiện máy tính,OEM,chiếc,55000.0,20,lecturer_sample,2025-08,220000.0,0.0,220000.0
ORD000610,P0058,2,350000.0,C0073,2025-08-23 17:36:00,e-wallet,offline,0.0,Hải Phòng,retail,2024-01-22,Bộ chia USB 4 cổng,Phụ kiện máy tính,Ugreen,chiếc,350000.0,8,lecturer_sample,2025-08,700000.0,0.0,700000.0
ORD000611,P0047,2,78000.0,C0220,2025-09-15 19:22:00,e-wallet,shopee,0.0,Hải Phòng,student,2024-07-15,Máy dập ghim số 10,Thiết bị văn phòng,Max,chiếc,78000.0,15,lecturer_sample,2025-09,156000.0,0.0,156000.0
ORD000611,P0048,3,10874.0,C0220,2025-09-15 19:22:00,e-wallet,shopee,0.0,Hải Phòng,student,2024-07-15,Kim bấm số 10,Thiết bị văn phòng,Max,hộp,12000.0,35,lecturer_sample,2025-09,32622.0,0.0,32622.0
ORD000611,P0016,4,25000.0,C0220,2025-09-15 19:22:00,e-wallet,shopee,0.0,Hải Phòng,student,2024-07-15,Ống mực bút máy xanh,Bút viết,Hồng Hà,hộp,25000.0,25,lecturer_sample,2025-09,100000.0,0.0,100000.0
ORD000611,P0015,4,45000.0,C0220,2025-09-15 19:22:00,e-wallet,shopee,0.0,Hải Phòng,student,2024-07-15,Bút máy học sinh,Bút viết,Hồng Hà,cây,45000.0,20,lecturer_sample,2025-09,180000.0,0.0,180000.0
ORD000611,P0058,2,350000.0,C0220,2025-09-15 19:22:00,e-wallet,shopee,0.0,Hải Phòng,student,2024-07-15,Bộ chia USB 4 cổng,Phụ kiện máy tính,Ugreen,chiếc,350000.0,8,lecturer_sample,2025-09,700000.0,0.0,700000.0
ORD000612,P0029,4,25000.0,C0130,2025-12-05 00:16:00,card,online,0.0,Hải Phòng,retail,2024-03-23,Kéo học sinh 13 cm,Dụng cụ học tập,Deli,chiếc,25000.0,18,lecturer_sample,2025-12,100000.0,0.0,100000.0
ORD000613,P0045,2,1728950.0,C0008,2025-03-23 19:06:00,transfer,offline,0.0,Cần Thơ,student,2024-09-24,Máy hủy tài liệu,Thiết bị văn phòng,Silicon,chiếc,1850000.0,3,lecturer_sample,2025-03,3457900.0,0.0,3457900.0
ORD000613,P0060,4,353174.0,C0008,2025-03-23 19:06:00,transfer,offline,0.0,Cần Thơ,student,2024-09-24,Tai nghe có mic,Phụ kiện máy tính,Rapoo,chiếc,390000.0,8,lecturer_sample,2025-03,1412696.0,0.0,1412696.0
ORD000613,P0029,3,25000.0,C0008,2025-03-23 19:06:00,transfer,offline,0.0,Cần Thơ,student,2024-09-24,Kéo học sinh 13 cm,Dụng cụ học tập,Deli,chiếc,25000.0,18,lecturer_sample,2025-03,75000.0,0.0,75000.0
ORD000614,P0056,5,180000.0,C0217,2025-02-07 23:48:00,e-wallet,offline,5000.0,Biên Hòa,retail,2024-08-29,Cáp HDMI 2 m,Phụ kiện máy tính,Ugreen,sợi,180000.0,12,lecturer_sample,2025-02,900000.0,4573.170731707317,895426.8292682926
ORD000614,P0004,2,42000.0,C0217,2025-02-07 23:48:00,e-wallet,offline,5000.0,Biên Hòa,retail,2024-08-29,Sổ lò xo A5 200 trang,Vở và giấy,Hải Tiến,quyển,42000.0,20,lecturer_sample,2025-02,84000.0,426.82926829268297,83573.17073170732
ORD000615,P0015,1,45000.0,C0113,2025-12-14 20:14:00,transfer,offline,0.0,Đà Nẵng,student,2024-04-10,Bút máy học sinh,Bút viết,Hồng Hà,cây,45000.0,20,lecturer_sample,2025-12,45000.0,0.0,45000.0
ORD000616,P0082,2,1100220.0,C0172,2025-02-19 19:02:00,e-wallet,offline,10000.0,Biên Hòa,retail,2024-04-16,The Dirty Little Secrets of Getting Your Dream Job,Sách,Unknown,quyển,1100220.0,8,public_website,2025-02,2200440.0,8619.81298746068,2191820.1870125392
ORD000616,P0032,4,12000.0,C0172,2025-02-19 19:02:00,e-wallet,offline,10000.0,Biên Hòa,retail,2024-04-16,Bìa nút A4,Hồ sơ và lưu trữ,Deli,chiếc,12000.0,35,lecturer_sample,2025-02,48000.0,188.03104079098392,47811.968959209014
ORD000616,P0006,3,82000.0,C0172,2025-02-19 19:02:00,e-wallet,offline,10000.0,Biên Hòa,retail,2024-04-16,Giấy in A4 70 gsm,Vở và giấy,Double A,ram,82000.0,25,lecturer_sample,2025-02,246000.0,963.6590840537925,245036.3409159462
ORD000616,P0048,5,11666.0,C0172,2025-02-19 19:02:00,e-wallet,offline,10000.0,Biên Hòa,retail,2024-04-16,Kim bấm số 10,Thiết bị văn phòng,Max,hộp,12000.0,35,lecturer_sample,2025-02,58330.0,228.49688769454357,58101.50311230546
ORD000617,P0050,3,420000.0,C0113,2025-08-08 02:24:00,cash,online,0.0,Đà Nẵng,student,2024-04-10,Bảng trắng 60 x 90 cm,Thiết bị văn phòng,Bavico,chiếc,420000.0,5,lecturer_sample,2025-08,1260000.0,0.0,1260000.0
ORD000617,P0012,3,4613.0,C0113,2025-08-08 02:24:00,cash,online,0.0,Đà Nẵng,student,2024-04-10,Bút bi đen 0.5 mm,Bút viết,Thiên Long,cây,5000.0,60,lecturer_sample,2025-08,13839.0,0.0,13839.0
ORD000617,P0046,3,890000.0,C0113,2025-08-08 02:24:00,cash,online,0.0,Đà Nẵng,student,2024-04-10,Máy ép plastic A4,Thiết bị văn phòng,Deli,chiếc,890000.0,4,lecturer_sample,2025-08,2670000.0,0.0,2670000.0
ORD000617,P0009,2,16321.0,C0113,2025-08-08 02:24:00,cash,online,0.0,Đà Nẵng,student,2024-04-10,Giấy note 3 x 3 inch,Vở và giấy,Deli,xấp,18000.0,30,lecturer_sample,2025-08,32642.0,0.0,32642.0
ORD000618,P0028,13,78000.0,C0148,2025-05-05 00:59:00,e-wallet,website,0.0,Nha Trang,wholesale,2024-11-02,Bộ màu nước 12 màu,Dụng cụ học tập,Pentel,bộ,78000.0,12,lecturer_sample,2025-05,1014000.0,0.0,1014000.0
ORD000618,P0055,6,280000.0,C0148,2025-05-05 00:59:00,e-wallet,website,0.0,Nha Trang,wholesale,2024-11-02,Thẻ nhớ microSD 64 GB,Phụ kiện máy tính,SanDisk,chiếc,280000.0,10,lecturer_sample,2025-05,1680000.0,0.0,1680000.0
ORD000618,P0048,13,12000.0,C0148,2025-05-05 00:59:00,e-wallet,website,0.0,Nha Trang,wholesale,2024-11-02,Kim bấm số 10,Thiết bị văn phòng,Max,hộp,12000.0,35,lecturer_sample,2025-05,156000.0,0.0,156000.0
ORD000619,P0067,5,14448932.0,C0196,2025-01-31 18:13:00,transfer,online,0.0,Hà Nội,student,2024-01-02,Samsung Galaxy Tab S8 Plus Grey,Thiết bị văn phòng,Samsung,chiếc,14999750.0,12,public_api,2025-01,72244660.0,0.0,72244660.0
ORD000619,P0058,1,350000.0,C0196,2025-01-31 18:13:00,transfer,online,0.0,Hà Nội,student,2024-01-02,Bộ chia USB 4 cổng,Phụ kiện máy tính,Ugreen,chiếc,350000.0,8,lecturer_sample,2025-01,350000.0,0.0,350000.0
ORD000620,P0008,4,65000.0,C0019,2025-08-03 01:47:00,cash,offline,0.0,TP. Hồ Chí Minh,retail,2024-03-26,Giấy màu A4 100 tờ,Vở và giấy,IK Plus,xấp,65000.0,15,lecturer_sample,2025-08,260000.0,0.0,260000.0
ORD000620,P0049,3,125000.0,C0019,2025-08-03 01:47:00,cash,offline,0.0,TP. Hồ Chí Minh,retail,2024-03-26,Máy đục lỗ 2 lỗ,Thiết bị văn phòng,Deli,chiếc,125000.0,10,lecturer_sample,2025-08,375000.0,0.0,375000.0
ORD000620,P0087,3,667381.0,C0019,2025-08-03 01:47:00,cash,offline,0.0,TP. Hồ Chí Minh,retail,2024-03-26,Shakespeare's Sonnets,Sách,Unknown,quyển,681780.0,21,public_website,2025-08,2002143.0,0.0,2002143.0
ORD000621,P0075,4,2499750.0,C0059,2025-01-11 16:01:00,e-wallet,offline,0.0,Biên Hòa,retail,2024-08-18,Apple MagSafe Battery Pack,Phụ kiện máy tính,Apple,cái,2499750.0,1,public_api,2025-01,9999000.0,0.0,9999000.0
ORD000621,P0048,4,11394.0,C0059,2025-01-11 16:01:00,e-wallet,offline,0.0,Biên Hòa,retail,2024-08-18,Kim bấm số 10,Thiết bị văn phòng,Max,hộp,12000.0,35,lecturer_sample,2025-01,45576.0,0.0,45576.0
ORD000621,P0078,1,1653300.0,C0059,2025-01-11 16:01:00,e-wallet,offline,0.0,Biên Hòa,retail,2024-08-18,Soumission,Sách,Unknown,quyển,1653300.0,22,public_website,2025-01,1653300.0,0.0,1653300.0
ORD000622,P0085,5,1720950.0,C0158,2025-07-08 21:12:00,transfer,offline,5000.0,TP. Hồ Chí Minh,retail,2024-10-05,The Black Maria,Sách,Unknown,quyển,1720950.0,16,public_website,2025-07,8604750.0,4990.3698432554975,8599759.630156744
ORD000622,P0022,1,16605.0,C0158,2025-07-08 21:12:00,transfer,offline,5000.0,TP. Hồ Chí Minh,retail,2024-10-05,Thước ê ke 2 chiếc,Dụng cụ học tập,Deli,bộ,18000.0,20,lecturer_sample,2025-07,16605.0,9.63015674450246,16595.3698432555
ORD000623,P0026,9,65000.0,C0015,2025-02-09 16:08:00,transfer,website,0.0,TP. Hồ Chí Minh,wholesale,2024-06-08,Hộp bút vải,Dụng cụ học tập,OEM,chiếc,65000.0,15,lecturer_sample,2025-02,585000.0,0.0,585000.0
ORD000623,P0028,20,78000.0,C0015,2025-02-09 16:08:00,transfer,website,0.0,TP. Hồ Chí Minh,wholesale,2024-06-08,Bộ màu nước 12 màu,Dụng cụ học tập,Pentel,bộ,78000.0,12,lecturer_sample,2025-02,1560000.0,0.0,1560000.0
ORD000624,P0018,2,38000.0,C0169,2025-02-09 17:16:00,card,website,0.0,Biên Hòa,retail,2024-12-12,Bút chì kim 0.5 mm,Bút viết,Pentel,cây,38000.0,20,lecturer_sample,2025-02,76000.0,0.0,76000.0
ORD000624,P0076,3,1708410.0,C0169,2025-02-09 17:16:00,card,website,0.0,Biên Hòa,retail,2024-12-12,A Light in the Attic,Sách,Unknown,quyển,1708410.0,16,public_website,2025-02,5125230.0,0.0,5125230.0
ORD000624,P0078,5,1653300.0,C0169,2025-02-09 17:16:00,card,website,0.0,Biên Hòa,retail,2024-12-12,Soumission,Sách,Unknown,quyển,1653300.0,22,public_website,2025-02,8266500.0,0.0,8266500.0
ORD000624,P0079,1,1578060.0,C0169,2025-02-09 17:16:00,card,website,0.0,Biên Hòa,retail,2024-12-12,Sharp Objects,Sách,Unknown,quyển,1578060.0,24,public_website,2025-02,1578060.0,0.0,1578060.0
ORD000624,P0028,4,74566.0,C0169,2025-02-09 17:16:00,card,website,0.0,Biên Hòa,retail,2024-12-12,Bộ màu nước 12 màu,Dụng cụ học tập,Pentel,bộ,78000.0,12,lecturer_sample,2025-02,298264.0,0.0,298264.0
ORD000625,P0088,2,576180.0,C0072,2025-02-10 19:58:00,transfer,offline,0.0,Huế,student,2024-12-04,Set Me Free,Sách,Unknown,quyển,576180.0,24,public_website,2025-02,1152360.0,0.0,1152360.0
ORD000625,P0084,2,745800.0,C0072,2025-02-10 19:58:00,transfer,offline,0.0,Huế,student,2024-12-04,The Boys in the Boat: Nine Americans and Their Epic Quest for Gold at the 1936 Berlin Olympics,Sách,Unknown,quyển,745800.0,13,public_website,2025-02,1491600.0,0.0,1491600.0
ORD000626,P0005,5,79000.0,C0167,2025-08-21 17:01:00,cash,offline,0.0,Nha Trang,student,2024-07-11,Sổ tay bìa da A5,Vở và giấy,OEM,quyển,79000.0,15,lecturer_sample,2025-08,395000.0,0.0,395000.0
ORD000626,P0025,1,14019.0,C0167,2025-08-21 17:01:00,cash,offline,0.0,Nha Trang,student,2024-07-11,Gọt bút chì có hộp,Dụng cụ học tập,Deli,chiếc,15000.0,25,lecturer_sample,2025-08,14019.0,0.0,14019.0
ORD000627,P0038,3,34367.0,C0012,2025-04-25 19:24:00,cash,online,20000.0,TP. Hồ Chí Minh,retail,2024-06-09,Nhãn dán phân loại,Hồ sơ và lưu trữ,Avery,xấp,35000.0,18,lecturer_sample,2025-04,103101.0,20000.0,83101.0
ORD000628,P0019,5,22000.0,C0194,2025-06-22 20:51:00,cash,shopee,0.0,Hà Nội,student,2024-07-25,Ruột chì kim 0.5 mm,Bút viết,Pentel,hộp,22000.0,25,lecturer_sample,2025-06,110000.0,0.0,110000.0
ORD000628,P0003,3,13782.0,C0194,2025-06-22 20:51:00,cash,shopee,0.0,Hà Nội,student,2024-07-25,Vở ô ly 96 trang,Vở và giấy,Hồng Hà,quyển,14000.0,35,lecturer_sample,2025-06,41346.0,0.0,41346.0
ORD000628,P0055,4,280000.0,C0194,2025-06-22 20:51:00,cash,shopee,0.0,Hà Nội,student,2024-07-25,Thẻ nhớ microSD 64 GB,Phụ kiện máy tính,SanDisk,chiếc,280000.0,10,lecturer_sample,2025-06,1120000.0,0.0,1120000.0
ORD000629,P0088,13,576180.0,C0185,2025-10-19 04:33:00,card,shopee,0.0,Huế,wholesale,2024-06-14,Set Me Free,Sách,Unknown,quyển,576180.0,24,public_website,2025-10,7490340.0,0.0,7490340.0
ORD000629,P0084,12,691076.0,C0185,2025-10-19 04:33:00,card,shopee,0.0,Huế,wholesale,2024-06-14,The Boys in the Boat: Nine Americans and Their Epic Quest for Gold at the 1936 Berlin Olympics,Sách,Unknown,quyển,745800.0,13,public_website,2025-10,8292912.0,0.0,8292912.0
ORD000629,P0089,23,1725570.0,C0185,2025-10-19 04:33:00,card,shopee,0.0,Huế,wholesale,2024-06-14,Scott Pilgrim's Precious Little Life (Scott Pilgrim #1),Sách,Unknown,quyển,1725570.0,27,public_website,2025-10,39688110.0,0.0,39688110.0
ORD000629,P0086,24,461670.0,C0185,2025-10-19 04:33:00,card,shopee,0.0,Huế,wholesale,2024-06-14,"Starving Hearts (Triangular Trade Trilogy, #1)",Sách,Unknown,quyển,461670.0,19,public_website,2025-10,11080080.0,0.0,11080080.0
ORD000630,P0071,1,13749750.0,C0069,2025-12-04 20:50:00,transfer,offline,0.0,Nha Trang,retail,2024-01-16,Apple AirPods Max Silver,Phụ kiện máy tính,Apple,cái,13749750.0,11,public_api,2025-12,13749750.0,0.0,13749750.0
ORD000630,P0002,4,18000.0,C0069,2025-12-04 20:50:00,transfer,offline,0.0,Nha Trang,retail,2024-01-16,Vở kẻ ngang 120 trang,Vở và giấy,Campus,quyển,18000.0,30,lecturer_sample,2025-12,72000.0,0.0,72000.0
ORD000630,P0011,3,5000.0,C0069,2025-12-04 20:50:00,transfer,offline,0.0,Nha Trang,retail,2024-01-16,Bút bi xanh 0.5 mm,Bút viết,Thiên Long,cây,5000.0,70,lecturer_sample,2025-12,15000.0,0.0,15000.0
ORD000630,P0058,5,350000.0,C0069,2025-12-04 20:50:00,transfer,offline,0.0,Nha Trang,retail,2024-01-16,Bộ chia USB 4 cổng,Phụ kiện máy tính,Ugreen,chiếc,350000.0,8,lecturer_sample,2025-12,1750000.0,0.0,1750000.0
ORD000631,P0049,9,125000.0,C0015,2025-10-24 17:17:00,card,website,0.0,TP. Hồ Chí Minh,wholesale,2024-06-08,Máy đục lỗ 2 lỗ,Thiết bị văn phòng,Deli,chiếc,125000.0,10,lecturer_sample,2025-10,1125000.0,0.0,1125000.0
ORD000631,P0087,10,681780.0,C0015,2025-10-24 17:17:00,card,website,0.0,TP. Hồ Chí Minh,wholesale,2024-06-08,Shakespeare's Sonnets,Sách,Unknown,quyển,681780.0,21,public_website,2025-10,6817800.0,0.0,6817800.0
ORD000631,P0039,24,28000.0,C0015,2025-10-24 17:17:00,card,website,0.0,TP. Hồ Chí Minh,wholesale,2024-06-08,Kẹp bướm 25 mm,Hồ sơ và lưu trữ,Deli,hộp,28000.0,25,lecturer_sample,2025-10,672000.0,0.0,672000.0
ORD000631,P0023,12,42000.0,C0015,2025-10-24 17:17:00,card,website,0.0,TP. Hồ Chí Minh,wholesale,2024-06-08,Compa học sinh,Dụng cụ học tập,Maped,chiếc,42000.0,15,lecturer_sample,2025-10,504000.0,0.0,504000.0
ORD000632,P0052,1,290000.0,C0010,2025-04-06 02:32:00,card,online,0.0,Cần Thơ,retail,2024-05-20,Bàn phím có dây,Phụ kiện máy tính,Logitech,chiếc,290000.0,8,lecturer_sample,2025-04,290000.0,0.0,290000.0
ORD000632,P0059,3,55000.0,C0010,2025-04-06 02:32:00,card,online,0.0,Cần Thơ,retail,2024-05-20,Tấm lót chuột,Phụ kiện máy tính,OEM,chiếc,55000.0,20,lecturer_sample,2025-04,165000.0,0.0,165000.0
ORD000632,P0064,5,27499750.0,C0010,2025-04-06 02:32:00,card,online,0.0,Cần Thơ,retail,2024-05-20,Lenovo Yoga 920,Thiết bị văn phòng,Lenovo,chiếc,27499750.0,8,public_api,2025-04,137498750.0,0.0,137498750.0
ORD000632,P0006,5,82000.0,C0010,2025-04-06 02:32:00,card,online,0.0,Cần Thơ,retail,2024-05-20,Giấy in A4 70 gsm,Vở và giấy,Double A,ram,82000.0,25,lecturer_sample,2025-04,410000.0,0.0,410000.0
ORD000632,P0024,2,8000.0,C0010,2025-04-06 02:32:00,card,online,0.0,Cần Thơ,retail,2024-05-20,Tẩy chì trắng,Dụng cụ học tập,Staedtler,viên,8000.0,40,lecturer_sample,2025-04,16000.0,0.0,16000.0
ORD000633,P0079,14,1578060.0,C0096,2025-12-15 22:04:00,card,online,0.0,Đà Nẵng,wholesale,2024-06-17,Sharp Objects,Sách,Unknown,quyển,1578060.0,24,public_website,2025-12,22092840.0,0.0,22092840.0
ORD000633,P0089,10,1725570.0,C0096,2025-12-15 22:04:00,card,online,0.0,Đà Nẵng,wholesale,2024-06-17,Scott Pilgrim's Precious Little Life (Scott Pilgrim #1),Sách,Unknown,quyển,1725570.0,27,public_website,2025-12,17255700.0,0.0,17255700.0
ORD000633,P0029,14,24552.0,C0096,2025-12-15 22:04:00,card,online,0.0,Đà Nẵng,wholesale,2024-06-17,Kéo học sinh 13 cm,Dụng cụ học tập,Deli,chiếc,25000.0,18,lecturer_sample,2025-12,343728.0,0.0,343728.0
ORD000633,P0073,5,2499750.0,C0096,2025-12-15 22:04:00,card,online,0.0,Đà Nẵng,wholesale,2024-06-17,Apple HomePod Mini Cosmic Grey,Phụ kiện máy tính,Apple,cái,2499750.0,5,public_api,2025-12,12498750.0,0.0,12498750.0
ORD000633,P0074,11,472749.0,C0096,2025-12-15 22:04:00,card,online,0.0,Đà Nẵng,wholesale,2024-06-17,Apple iPhone Charger,Phụ kiện máy tính,Apple,cái,499750.0,6,public_api,2025-12,5200239.0,0.0,5200239.0
ORD000634,P0086,12,461670.0,C0200,2025-09-19 04:37:00,cash,website,5000.0,Biên Hòa,wholesale,2024-03-18,"Starving Hearts (Triangular Trade Trilogy, #1)",Sách,Unknown,quyển,461670.0,19,public_website,2025-09,5540040.0,1974.6308108616743,5538065.3691891385
ORD000634,P0035,23,16000.0,C0200,2025-09-19 04:37:00,cash,website,5000.0,Biên Hòa,wholesale,2024-03-18,Túi hồ sơ dây buộc,Hồ sơ và lưu trữ,Hồng Hà,chiếc,16000.0,25,lecturer_sample,2025-09,368000.0,131.16586493907917,367868.8341350609
ORD000634,P0052,28,290000.0,C0200,2025-09-19 04:37:00,cash,website,5000.0,Biên Hòa,wholesale,2024-03-18,Bàn phím có dây,Phụ kiện máy tính,Logitech,chiếc,290000.0,8,lecturer_sample,2025-09,8120000.0,2894.2033241992467,8117105.7966758
ORD000635,P0042,2,38908.0,C0188,2025-03-05 00:51:00,e-wallet,offline,0.0,Hà Nội,retail,2024-09-26,Pin AAA 4 viên,Thiết bị văn phòng,Panasonic,vỉ,42000.0,22,lecturer_sample,2025-03,77816.0,0.0,77816.0
ORD000636,P0032,3,12000.0,C0063,2025-06-18 19:51:00,e-wallet,offline,0.0,Hải Phòng,retail,2023-12-28,Bìa nút A4,Hồ sơ và lưu trữ,Deli,chiếc,12000.0,35,lecturer_sample,2025-06,36000.0,0.0,36000.0
ORD000636,P0006,1,78622.0,C0063,2025-06-18 19:51:00,e-wallet,offline,0.0,Hải Phòng,retail,2023-12-28,Giấy in A4 70 gsm,Vở và giấy,Double A,ram,82000.0,25,lecturer_sample,2025-06,78622.0,0.0,78622.0
ORD000636,P0068,5,8749750.0,C0063,2025-06-18 19:51:00,e-wallet,offline,0.0,Hải Phòng,retail,2023-12-28,Samsung Galaxy Tab White,Thiết bị văn phòng,Samsung,chiếc,8749750.0,18,public_api,2025-06,43748750.0,0.0,43748750.0
ORD000636,P0043,4,3190000.0,C0063,2025-06-18 19:51:00,e-wallet,offline,0.0,Hải Phòng,retail,2023-12-28,Máy in laser đơn sắc,Thiết bị văn phòng,Brother,chiếc,3190000.0,3,lecturer_sample,2025-06,12760000.0,0.0,12760000.0
ORD000636,P0022,2,16597.0,C0063,2025-06-18 19:51:00,e-wallet,offline,0.0,Hải Phòng,retail,2023-12-28,Thước ê ke 2 chiếc,Dụng cụ học tập,Deli,bộ,18000.0,20,lecturer_sample,2025-06,33194.0,0.0,33194.0
ORD000637,P0024,8,8000.0,C0105,2025-12-13 01:42:00,card,offline,0.0,Cần Thơ,office,2024-09-06,Tẩy chì trắng,Dụng cụ học tập,Staedtler,viên,8000.0,40,lecturer_sample,2025-12,64000.0,0.0,64000.0
ORD000638,P0018,9,37052.0,C0038,2025-10-22 23:40:00,e-wallet,shopee,0.0,Nha Trang,wholesale,2024-06-12,Bút chì kim 0.5 mm,Bút viết,Pentel,cây,38000.0,20,lecturer_sample,2025-10,333468.0,0.0,333468.0
ORD000638,P0019,5,22000.0,C0038,2025-10-22 23:40:00,e-wallet,shopee,0.0,Nha Trang,wholesale,2024-06-12,Ruột chì kim 0.5 mm,Bút viết,Pentel,hộp,22000.0,25,lecturer_sample,2025-10,110000.0,0.0,110000.0
ORD000638,P0040,7,18000.0,C0038,2025-10-22 23:40:00,e-wallet,shopee,0.0,Nha Trang,wholesale,2024-06-12,Kẹp giấy 33 mm,Hồ sơ và lưu trữ,Plus,hộp,18000.0,30,lecturer_sample,2025-10,126000.0,0.0,126000.0
ORD000638,P0016,21,24535.0,C0038,2025-10-22 23:40:00,e-wallet,shopee,0.0,Nha Trang,wholesale,2024-06-12,Ống mực bút máy xanh,Bút viết,Hồng Hà,hộp,25000.0,25,lecturer_sample,2025-10,515235.0,0.0,515235.0
ORD000638,P0038,16,35000.0,C0038,2025-10-22 23:40:00,e-wallet,shopee,0.0,Nha Trang,wholesale,2024-06-12,Nhãn dán phân loại,Hồ sơ và lưu trữ,Avery,xấp,35000.0,18,lecturer_sample,2025-10,560000.0,0.0,560000.0
ORD000639,P0030,2,14000.0,C0179,2025-10-13 19:45:00,cash,website,0.0,Nha Trang,office,2024-06-30,Hồ khô 15 g,Dụng cụ học tập,Thiên Long,thỏi,14000.0,28,lecturer_sample,2025-10,28000.0,0.0,28000.0
ORD000639,P0076,7,1677591.0,C0179,2025-10-13 19:45:00,cash,website,0.0,Nha Trang,office,2024-06-30,A Light in the Attic,Sách,Unknown,quyển,1708410.0,16,public_website,2025-10,11743137.0,0.0,11743137.0
ORD000639,P0089,12,1725570.0,C0179,2025-10-13 19:45:00,cash,website,0.0,Nha Trang,office,2024-06-30,Scott Pilgrim's Precious Little Life (Scott Pilgrim #1),Sách,Unknown,quyển,1725570.0,27,public_website,2025-10,20706840.0,0.0,20706840.0
ORD000640,P0013,1,5000.0,C0214,2025-08-12 20:48:00,cash,offline,0.0,Biên Hòa,student,2024-05-31,Bút bi đỏ 0.5 mm,Bút viết,Thiên Long,cây,5000.0,50,lecturer_sample,2025-08,5000.0,0.0,5000.0
ORD000640,P0017,3,9000.0,C0214,2025-08-12 20:48:00,cash,offline,0.0,Biên Hòa,student,2024-05-31,Bút chì 2B,Bút viết,Staedtler,cây,9000.0,45,lecturer_sample,2025-08,27000.0,0.0,27000.0
ORD000641,P0065,4,37499750.0,C0117,2025-07-14 21:28:00,cash,offline,0.0,Đà Nẵng,retail,2024-06-04,New DELL XPS 13 9300 Laptop,Thiết bị văn phòng,Dell,chiếc,37499750.0,14,public_api,2025-07,149999000.0,0.0,149999000.0
ORD000642,P0086,6,446027.0,C0145,2025-09-24 00:37:00,transfer,website,0.0,Cần Thơ,wholesale,2024-04-29,"Starving Hearts (Triangular Trade Trilogy, #1)",Sách,Unknown,quyển,461670.0,19,public_website,2025-09,2676162.0,0.0,2676162.0
ORD000642,P0026,28,65000.0,C0145,2025-09-24 00:37:00,transfer,website,0.0,Cần Thơ,wholesale,2024-04-29,Hộp bút vải,Dụng cụ học tập,OEM,chiếc,65000.0,15,lecturer_sample,2025-09,1820000.0,0.0,1820000.0
ORD000643,P0009,10,18000.0,C0133,2025-05-24 01:56:00,e-wallet,offline,0.0,Nha Trang,wholesale,2024-08-14,Giấy note 3 x 3 inch,Vở và giấy,Deli,xấp,18000.0,30,lecturer_sample,2025-05,180000.0,0.0,180000.0
ORD000643,P0026,13,62908.0,C0133,2025-05-24 01:56:00,e-wallet,offline,0.0,Nha Trang,wholesale,2024-08-14,Hộp bút vải,Dụng cụ học tập,OEM,chiếc,65000.0,15,lecturer_sample,2025-05,817804.0,0.0,817804.0
ORD000643,P0012,12,5000.0,C0133,2025-05-24 01:56:00,e-wallet,offline,0.0,Nha Trang,wholesale,2024-08-14,Bút bi đen 0.5 mm,Bút viết,Thiên Long,cây,5000.0,60,lecturer_sample,2025-05,60000.0,0.0,60000.0
ORD000644,P0069,5,2499750.0,C0037,2025-02-19 19:35:00,cash,online,0.0,Nha Trang,wholesale,2024-02-17,Amazon Echo Plus,Phụ kiện máy tính,Amazon,cái,2499750.0,12,public_api,2025-02,12498750.0,0.0,12498750.0
ORD000644,P0051,14,304450.0,C0037,2025-02-19 19:35:00,cash,online,0.0,Nha Trang,wholesale,2024-02-17,Chuột không dây,Phụ kiện máy tính,Logitech,chiếc,320000.0,10,lecturer_sample,2025-02,4262300.0,0.0,4262300.0
ORD000644,P0083,28,591690.0,C0037,2025-02-19 19:35:00,cash,online,0.0,Nha Trang,wholesale,2024-02-17,"The Coming Woman: A Novel Based on the Life of the Infamous Feminist, Victoria Woodhull",Sách,Unknown,quyển,591690.0,10,public_website,2025-02,16567320.0,0.0,16567320.0
ORD000644,P0088,9,533857.0,C0037,2025-02-19 19:35:00,cash,online,0.0,Nha Trang,wholesale,2024-02-17,Set Me Free,Sách,Unknown,quyển,576180.0,24,public_website,2025-02,4804713.0,0.0,4804713.0
ORD000644,P0084,8,732917.0,C0037,2025-02-19 19:35:00,cash,online,0.0,Nha Trang,wholesale,2024-02-17,The Boys in the Boat: Nine Americans and Their Epic Quest for Gold at the 1936 Berlin Olympics,Sách,Unknown,quyển,745800.0,13,public_website,2025-02,5863336.0,0.0,5863336.0
ORD000645,P0079,2,1466713.0,C0031,2025-08-16 22:31:00,cash,shopee,20000.0,Biên Hòa,retail,2024-10-22,Sharp Objects,Sách,Unknown,quyển,1578060.0,24,public_website,2025-08,2933426.0,896.6310397502293,2932529.3689602497
ORD000645,P0066,5,12499750.0,C0031,2025-08-16 22:31:00,cash,shopee,20000.0,Biên Hòa,retail,2024-10-22,iPad Mini 2021 Starlight,Thiết bị văn phòng,Apple,chiếc,12499750.0,9,public_api,2025-08,62498750.0,19103.368960249772,62479646.63103975
ORD000646,P0008,5,65000.0,C0117,2025-11-20 03:32:00,card,offline,5000.0,Đà Nẵng,retail,2024-06-04,Giấy màu A4 100 tờ,Vở và giấy,IK Plus,xấp,65000.0,15,lecturer_sample,2025-11,325000.0,32.275373726979815,324967.72462627303
ORD000646,P0061,1,47822544.0,C0117,2025-11-20 03:32:00,card,offline,5000.0,Đà Nẵng,retail,2024-06-04,Apple MacBook Pro 14 Inch Space Grey,Thiết bị văn phòng,Apple,chiếc,49999750.0,5,public_api,2025-11,47822544.0,4749.201477461342,47817794.79852254
ORD000646,P0082,2,1100220.0,C0117,2025-11-20 03:32:00,card,offline,5000.0,Đà Nẵng,retail,2024-06-04,The Dirty Little Secrets of Getting Your Dream Job,Sách,Unknown,quyển,1100220.0,8,public_website,2025-11,2200440.0,218.52314881167834,2200221.476851188
ORD000647,P0015,2,45000.0,C0097,2025-04-24 02:12:00,cash,website,0.0,Biên Hòa,retail,2024-04-29,Bút máy học sinh,Bút viết,Hồng Hà,cây,45000.0,20,lecturer_sample,2025-04,90000.0,0.0,90000.0
ORD000647,P0067,1,14999750.0,C0097,2025-04-24 02:12:00,cash,website,0.0,Biên Hòa,retail,2024-04-29,Samsung Galaxy Tab S8 Plus Grey,Thiết bị văn phòng,Samsung,chiếc,14999750.0,12,public_api,2025-04,14999750.0,0.0,14999750.0
ORD000647,P0064,5,27499750.0,C0097,2025-04-24 02:12:00,cash,website,0.0,Biên Hòa,retail,2024-04-29,Lenovo Yoga 920,Thiết bị văn phòng,Lenovo,chiếc,27499750.0,8,public_api,2025-04,137498750.0,0.0,137498750.0
ORD000648,P0035,2,15362.0,C0046,2025-01-20 22:44:00,transfer,website,0.0,Cần Thơ,student,2024-01-21,Túi hồ sơ dây buộc,Hồ sơ và lưu trữ,Hồng Hà,chiếc,16000.0,25,lecturer_sample,2025-01,30724.0,0.0,30724.0
ORD000648,P0052,4,271237.0,C0046,2025-01-20 22:44:00,transfer,website,0.0,Cần Thơ,student,2024-01-21,Bàn phím có dây,Phụ kiện máy tính,Logitech,chiếc,290000.0,8,lecturer_sample,2025-01,1084948.0,0.0,1084948.0
ORD000649,P0010,19,165000.0,C0092,2025-10-06 23:18:00,card,offline,0.0,Hải Phòng,wholesale,2024-09-14,Giấy photo A3 70 gsm,Vở và giấy,Double A,ram,165000.0,10,lecturer_sample,2025-10,3135000.0,0.0,3135000.0
ORD000650,P0028,4,76265.0,C0170,2025-08-06 17:11:00,transfer,shopee,0.0,Hải Phòng,student,2024-12-16,Bộ màu nước 12 màu,Dụng cụ học tập,Pentel,bộ,78000.0,12,lecturer_sample,2025-08,305060.0,0.0,305060.0
ORD000650,P0010,5,165000.0,C0170,2025-08-06 17:11:00,transfer,shopee,0.0,Hải Phòng,student,2024-12-16,Giấy photo A3 70 gsm,Vở và giấy,Double A,ram,165000.0,10,lecturer_sample,2025-08,825000.0,0.0,825000.0
ORD000651,P0082,18,1100220.0,C0061,2025-01-15 20:17:00,card,shopee,20000.0,Hải Phòng,wholesale,2024-09-24,The Dirty Little Secrets of Getting Your Dream Job,Sách,Unknown,quyển,1100220.0,8,public_website,2025-01,19803960.0,6852.674976007458,19797107.325023994
ORD000651,P0072,19,1999750.0,C0061,2025-01-15 20:17:00,card,shopee,20000.0,Hải Phòng,wholesale,2024-09-24,Apple Airpower Wireless Charger,Phụ kiện máy tính,Apple,cái,1999750.0,1,public_api,2025-01,37995250.0,13147.325023992542,37982102.674976006
ORD000652,P0030,1,13373.0,C0067,2025-01-28 20:31:00,transfer,online,0.0,Biên Hòa,retail,2024-09-15,Hồ khô 15 g,Dụng cụ học tập,Thiên Long,thỏi,14000.0,28,lecturer_sample,2025-01,13373.0,0.0,13373.0
ORD000652,P0076,3,1708410.0,C0067,2025-01-28 20:31:00,transfer,online,0.0,Biên Hòa,retail,2024-09-15,A Light in the Attic,Sách,Unknown,quyển,1708410.0,16,public_website,2025-01,5125230.0,0.0,5125230.0
ORD000652,P0089,5,1725570.0,C0067,2025-01-28 20:31:00,transfer,online,0.0,Biên Hòa,retail,2024-09-15,Scott Pilgrim's Precious Little Life (Scott Pilgrim #1),Sách,Unknown,quyển,1725570.0,27,public_website,2025-01,8627850.0,0.0,8627850.0
ORD000652,P0037,1,86272.0,C0067,2025-01-28 20:31:00,transfer,online,0.0,Biên Hòa,retail,2024-09-15,Cặp tài liệu A4,Hồ sơ và lưu trữ,OEM,chiếc,95000.0,10,lecturer_sample,2025-01,86272.0,0.0,86272.0
ORD000653,P0006,2,82000.0,C0181,2025-06-20 21:49:00,e-wallet,website,0.0,Nha Trang,retail,2024-12-23,Giấy in A4 70 gsm,Vở và giấy,Double A,ram,82000.0,25,lecturer_sample,2025-06,164000.0,0.0,164000.0
ORD000653,P0043,2,2966174.0,C0181,2025-06-20 21:49:00,e-wallet,website,0.0,Nha Trang,retail,2024-12-23,Máy in laser đơn sắc,Thiết bị văn phòng,Brother,chiếc,3190000.0,3,lecturer_sample,2025-06,5932348.0,0.0,5932348.0
ORD000653,P0019,2,22000.0,C0181,2025-06-20 21:49:00,e-wallet,website,0.0,Nha Trang,retail,2024-12-23,Ruột chì kim 0.5 mm,Bút viết,Pentel,hộp,22000.0,25,lecturer_sample,2025-06,44000.0,0.0,44000.0
ORD000653,P0048,2,10839.0,C0181,2025-06-20 21:49:00,e-wallet,website,0.0,Nha Trang,retail,2024-12-23,Kim bấm số 10,Thiết bị văn phòng,Max,hộp,12000.0,35,lecturer_sample,2025-06,21678.0,0.0,21678.0
ORD000654,P0043,28,3190000.0,C0006,2025-09-27 17:32:00,transfer,offline,0.0,Hà Nội,wholesale,2024-03-26,Máy in laser đơn sắc,Thiết bị văn phòng,Brother,chiếc,3190000.0,3,lecturer_sample,2025-09,89320000.0,0.0,89320000.0
ORD000654,P0006,30,82000.0,C0006,2025-09-27 17:32:00,transfer,offline,0.0,Hà Nội,wholesale,2024-03-26,Giấy in A4 70 gsm,Vở và giấy,Double A,ram,82000.0,25,lecturer_sample,2025-09,2460000.0,0.0,2460000.0
ORD000654,P0028,17,78000.0,C0006,2025-09-27 17:32:00,transfer,offline,0.0,Hà Nội,wholesale,2024-03-26,Bộ màu nước 12 màu,Dụng cụ học tập,Pentel,bộ,78000.0,12,lecturer_sample,2025-09,1326000.0,0.0,1326000.0
ORD000655,P0065,5,37499750.0,C0190,2025-05-19 17:04:00,e-wallet,offline,0.0,Hà Nội,retail,2024-02-29,New DELL XPS 13 9300 Laptop,Thiết bị văn phòng,Dell,chiếc,37499750.0,14,public_api,2025-05,187498750.0,0.0,187498750.0
ORD000656,P0018,9,38000.0,C0039,2025-02-19 03:37:00,cash,offline,0.0,Cần Thơ,office,2024-07-24,Bút chì kim 0.5 mm,Bút viết,Pentel,cây,38000.0,20,lecturer_sample,2025-02,342000.0,0.0,342000.0
ORD000656,P0028,6,74245.0,C0039,2025-02-19 03:37:00,cash,offline,0.0,Cần Thơ,office,2024-07-24,Bộ màu nước 12 màu,Dụng cụ học tập,Pentel,bộ,78000.0,12,lecturer_sample,2025-02,445470.0,0.0,445470.0
ORD000656,P0029,8,25000.0,C0039,2025-02-19 03:37:00,cash,offline,0.0,Cần Thơ,office,2024-07-24,Kéo học sinh 13 cm,Dụng cụ học tập,Deli,chiếc,25000.0,18,lecturer_sample,2025-02,200000.0,0.0,200000.0
ORD000657,P0026,7,62680.0,C0024,2025-04-24 22:35:00,e-wallet,shopee,0.0,Cần Thơ,office,2024-06-09,Hộp bút vải,Dụng cụ học tập,OEM,chiếc,65000.0,15,lecturer_sample,2025-04,438760.0,0.0,438760.0
ORD000657,P0062,9,44999750.0,C0024,2025-04-24 22:35:00,e-wallet,shopee,0.0,Cần Thơ,office,2024-06-09,Asus Zenbook Pro Dual Screen Laptop,Thiết bị văn phòng,Asus,chiếc,44999750.0,9,public_api,2025-04,404997750.0,0.0,404997750.0
ORD000657,P0049,2,125000.0,C0024,2025-04-24 22:35:00,e-wallet,shopee,0.0,Cần Thơ,office,2024-06-09,Máy đục lỗ 2 lỗ,Thiết bị văn phòng,Deli,chiếc,125000.0,10,lecturer_sample,2025-04,250000.0,0.0,250000.0
ORD000658,P0057,2,220000.0,C0060,2025-08-17 21:30:00,cash,offline,0.0,TP. Hồ Chí Minh,retail,2024-03-22,Cáp USB-C 1 m,Phụ kiện máy tính,Anker,sợi,220000.0,15,lecturer_sample,2025-08,440000.0,0.0,440000.0
ORD000658,P0029,4,25000.0,C0060,2025-08-17 21:30:00,cash,offline,0.0,TP. Hồ Chí Minh,retail,2024-03-22,Kéo học sinh 13 cm,Dụng cụ học tập,Deli,chiếc,25000.0,18,lecturer_sample,2025-08,100000.0,0.0,100000.0
ORD000659,P0047,6,78000.0,C0022,2025-03-14 22:39:00,card,shopee,0.0,TP. Hồ Chí Minh,wholesale,2024-11-21,Máy dập ghim số 10,Thiết bị văn phòng,Max,chiếc,78000.0,15,lecturer_sample,2025-03,468000.0,0.0,468000.0
ORD000659,P0069,23,2499750.0,C0022,2025-03-14 22:39:00,card,shopee,0.0,TP. Hồ Chí Minh,wholesale,2024-11-21,Amazon Echo Plus,Phụ kiện máy tính,Amazon,cái,2499750.0,12,public_api,2025-03,57494250.0,0.0,57494250.0
ORD000659,P0051,5,320000.0,C0022,2025-03-14 22:39:00,card,shopee,0.0,TP. Hồ Chí Minh,wholesale,2024-11-21,Chuột không dây,Phụ kiện máy tính,Logitech,chiếc,320000.0,10,lecturer_sample,2025-03,1600000.0,0.0,1600000.0
ORD000659,P0045,11,1797317.0,C0022,2025-03-14 22:39:00,card,shopee,0.0,TP. Hồ Chí Minh,wholesale,2024-11-21,Máy hủy tài liệu,Thiết bị văn phòng,Silicon,chiếc,1850000.0,3,lecturer_sample,2025-03,19770487.0,0.0,19770487.0
ORD000660,P0042,4,42000.0,C0140,2025-09-13 21:41:00,cash,website,0.0,Hải Phòng,retail,2024-09-18,Pin AAA 4 viên,Thiết bị văn phòng,Panasonic,vỉ,42000.0,22,lecturer_sample,2025-09,168000.0,0.0,168000.0
ORD000661,P0068,4,8749750.0,C0097,2025-03-08 04:00:00,cash,offline,0.0,Biên Hòa,retail,2024-04-29,Samsung Galaxy Tab White,Thiết bị văn phòng,Samsung,chiếc,8749750.0,18,public_api,2025-03,34999000.0,0.0,34999000.0
ORD000661,P0043,5,3190000.0,C0097,2025-03-08 04:00:00,cash,offline,0.0,Biên Hòa,retail,2024-04-29,Máy in laser đơn sắc,Thiết bị văn phòng,Brother,chiếc,3190000.0,3,lecturer_sample,2025-03,15950000.0,0.0,15950000.0
ORD000662,P0012,5,4754.0,C0192,2025-10-08 22:25:00,card,online,0.0,Nha Trang,retail,2024-05-18,Bút bi đen 0.5 mm,Bút viết,Thiên Long,cây,5000.0,60,lecturer_sample,2025-10,23770.0,0.0,23770.0
ORD000663,P0074,2,499750.0,C0043,2025-03-14 20:33:00,transfer,website,0.0,Biên Hòa,retail,2024-02-16,Apple iPhone Charger,Phụ kiện máy tính,Apple,cái,499750.0,6,public_api,2025-03,999500.0,0.0,999500.0
ORD000663,P0087,4,681780.0,C0043,2025-03-14 20:33:00,transfer,website,0.0,Biên Hòa,retail,2024-02-16,Shakespeare's Sonnets,Sách,Unknown,quyển,681780.0,21,public_website,2025-03,2727120.0,0.0,2727120.0
ORD000663,P0033,4,69000.0,C0043,2025-03-14 20:33:00,transfer,website,0.0,Biên Hòa,retail,2024-02-16,Bìa còng 5 cm,Hồ sơ và lưu trữ,King Jim,chiếc,69000.0,18,lecturer_sample,2025-03,276000.0,0.0,276000.0
ORD000664,P0018,10,35380.0,C0121,2025-02-04 16:19:00,cash,offline,0.0,Nha Trang,office,2024-09-09,Bút chì kim 0.5 mm,Bút viết,Pentel,cây,38000.0,20,lecturer_sample,2025-02,353800.0,0.0,353800.0
ORD000664,P0019,2,20344.0,C0121,2025-02-04 16:19:00,cash,offline,0.0,Nha Trang,office,2024-09-09,Ruột chì kim 0.5 mm,Bút viết,Pentel,hộp,22000.0,25,lecturer_sample,2025-02,40688.0,0.0,40688.0
ORD000664,P0041,8,680000.0,C0121,2025-02-04 16:19:00,cash,offline,0.0,Nha Trang,office,2024-09-09,Máy tính cầm tay khoa học,Thiết bị văn phòng,Casio,chiếc,680000.0,8,lecturer_sample,2025-02,5440000.0,0.0,5440000.0
ORD000664,P0042,6,42000.0,C0121,2025-02-04 16:19:00,cash,offline,0.0,Nha Trang,office,2024-09-09,Pin AAA 4 viên,Thiết bị văn phòng,Panasonic,vỉ,42000.0,22,lecturer_sample,2025-02,252000.0,0.0,252000.0
ORD000664,P0055,8,266140.0,C0121,2025-02-04 16:19:00,cash,offline,0.0,Nha Trang,office,2024-09-09,Thẻ nhớ microSD 64 GB,Phụ kiện máy tính,SanDisk,chiếc,280000.0,10,lecturer_sample,2025-02,2129120.0,0.0,2129120.0
ORD000665,P0009,5,18000.0,C0165,2025-12-04 19:04:00,transfer,shopee,5000.0,TP. Hồ Chí Minh,retail,2024-04-03,Giấy note 3 x 3 inch,Vở và giấy,Deli,xấp,18000.0,30,lecturer_sample,2025-12,90000.0,2528.0898876404494,87471.91011235955
ORD000665,P0019,4,22000.0,C0165,2025-12-04 19:04:00,transfer,shopee,5000.0,TP. Hồ Chí Minh,retail,2024-04-03,Ruột chì kim 0.5 mm,Bút viết,Pentel,hộp,22000.0,25,lecturer_sample,2025-12,88000.0,2471.9101123595506,85528.08988764045
ORD000666,P0067,4,13936274.0,C0198,2025-11-01 01:17:00,transfer,offline,0.0,Đà Nẵng,retail,2024-10-11,Samsung Galaxy Tab S8 Plus Grey,Thiết bị văn phòng,Samsung,chiếc,14999750.0,12,public_api,2025-11,55745096.0,0.0,55745096.0
ORD000666,P0084,1,745800.0,C0198,2025-11-01 01:17:00,transfer,offline,0.0,Đà Nẵng,retail,2024-10-11,The Boys in the Boat: Nine Americans and Their Epic Quest for Gold at the 1936 Berlin Olympics,Sách,Unknown,quyển,745800.0,13,public_website,2025-11,745800.0,0.0,745800.0
ORD000666,P0019,4,22000.0,C0198,2025-11-01 01:17:00,transfer,offline,0.0,Đà Nẵng,retail,2024-10-11,Ruột chì kim 0.5 mm,Bút viết,Pentel,hộp,22000.0,25,lecturer_sample,2025-11,88000.0,0.0,88000.0
ORD000666,P0002,4,18000.0,C0198,2025-11-01 01:17:00,transfer,offline,0.0,Đà Nẵng,retail,2024-10-11,Vở kẻ ngang 120 trang,Vở và giấy,Campus,quyển,18000.0,30,lecturer_sample,2025-11,72000.0,0.0,72000.0
ORD000666,P0011,5,4608.0,C0198,2025-11-01 01:17:00,transfer,offline,0.0,Đà Nẵng,retail,2024-10-11,Bút bi xanh 0.5 mm,Bút viết,Thiên Long,cây,5000.0,70,lecturer_sample,2025-11,23040.0,0.0,23040.0
ORD000667,P0032,3,11707.0,C0101,2025-07-14 04:24:00,transfer,website,0.0,TP. Hồ Chí Minh,student,2024-05-24,Bìa nút A4,Hồ sơ và lưu trữ,Deli,chiếc,12000.0,35,lecturer_sample,2025-07,35121.0,0.0,35121.0
ORD000667,P0028,5,78000.0,C0101,2025-07-14 04:24:00,transfer,website,0.0,TP. Hồ Chí Minh,student,2024-05-24,Bộ màu nước 12 màu,Dụng cụ học tập,Pentel,bộ,78000.0,12,lecturer_sample,2025-07,390000.0,0.0,390000.0
ORD000667,P0008,3,65000.0,C0101,2025-07-14 04:24:00,transfer,website,0.0,TP. Hồ Chí Minh,student,2024-05-24,Giấy màu A4 100 tờ,Vở và giấy,IK Plus,xấp,65000.0,15,lecturer_sample,2025-07,195000.0,0.0,195000.0
ORD000668,P0079,11,1578060.0,C0143,2025-08-12 02:22:00,card,shopee,0.0,Huế,wholesale,2024-01-02,Sharp Objects,Sách,Unknown,quyển,1578060.0,24,public_website,2025-08,17358660.0,0.0,17358660.0
ORD000669,P0089,6,1725570.0,C0049,2025-07-15 21:11:00,cash,online,0.0,Hà Nội,wholesale,2024-12-30,Scott Pilgrim's Precious Little Life (Scott Pilgrim #1),Sách,Unknown,quyển,1725570.0,27,public_website,2025-07,10353420.0,0.0,10353420.0
ORD000669,P0086,25,461670.0,C0049,2025-07-15 21:11:00,cash,online,0.0,Hà Nội,wholesale,2024-12-30,"Starving Hearts (Triangular Trade Trilogy, #1)",Sách,Unknown,quyển,461670.0,19,public_website,2025-07,11541750.0,0.0,11541750.0
ORD000669,P0032,6,11561.0,C0049,2025-07-15 21:11:00,cash,online,0.0,Hà Nội,wholesale,2024-12-30,Bìa nút A4,Hồ sơ và lưu trữ,Deli,chiếc,12000.0,35,lecturer_sample,2025-07,69366.0,0.0,69366.0
ORD000669,P0006,13,82000.0,C0049,2025-07-15 21:11:00,cash,online,0.0,Hà Nội,wholesale,2024-12-30,Giấy in A4 70 gsm,Vở và giấy,Double A,ram,82000.0,25,lecturer_sample,2025-07,1066000.0,0.0,1066000.0
ORD000669,P0052,23,283529.0,C0049,2025-07-15 21:11:00,cash,online,0.0,Hà Nội,wholesale,2024-12-30,Bàn phím có dây,Phụ kiện máy tính,Logitech,chiếc,290000.0,8,lecturer_sample,2025-07,6521167.0,0.0,6521167.0
ORD000669,P0059,20,52630.0,C0049,2025-07-15 21:11:00,cash,online,0.0,Hà Nội,wholesale,2024-12-30,Tấm lót chuột,Phụ kiện máy tính,OEM,chiếc,55000.0,20,lecturer_sample,2025-07,1052600.0,0.0,1052600.0
ORD000669,P0084,20,745800.0,C0049,2025-07-15 21:11:00,cash,online,0.0,Hà Nội,wholesale,2024-12-30,The Boys in the Boat: Nine Americans and Their Epic Quest for Gold at the 1936 Berlin Olympics,Sách,Unknown,quyển,745800.0,13,public_website,2025-07,14916000.0,0.0,14916000.0
ORD000670,P0005,1,79000.0,C0192,2025-11-29 04:34:00,transfer,offline,0.0,Nha Trang,retail,2024-05-18,Sổ tay bìa da A5,Vở và giấy,OEM,quyển,79000.0,15,lecturer_sample,2025-11,79000.0,0.0,79000.0
ORD000670,P0003,1,14000.0,C0192,2025-11-29 04:34:00,transfer,offline,0.0,Nha Trang,retail,2024-05-18,Vở ô ly 96 trang,Vở và giấy,Hồng Hà,quyển,14000.0,35,lecturer_sample,2025-11,14000.0,0.0,14000.0
ORD000670,P0015,5,45000.0,C0192,2025-11-29 04:34:00,transfer,offline,0.0,Nha Trang,retail,2024-05-18,Bút máy học sinh,Bút viết,Hồng Hà,cây,45000.0,20,lecturer_sample,2025-11,225000.0,0.0,225000.0
ORD000671,P0029,5,23324.0,C0219,2025-04-11 02:39:00,transfer,website,0.0,TP. Hồ Chí Minh,retail,2024-04-01,Kéo học sinh 13 cm,Dụng cụ học tập,Deli,chiếc,25000.0,18,lecturer_sample,2025-04,116620.0,0.0,116620.0
ORD000671,P0059,1,51496.0,C0219,2025-04-11 02:39:00,transfer,website,0.0,TP. Hồ Chí Minh,retail,2024-04-01,Tấm lót chuột,Phụ kiện máy tính,OEM,chiếc,55000.0,20,lecturer_sample,2025-04,51496.0,0.0,51496.0
ORD000671,P0083,1,591690.0,C0219,2025-04-11 02:39:00,transfer,website,0.0,TP. Hồ Chí Minh,retail,2024-04-01,"The Coming Woman: A Novel Based on the Life of the Infamous Feminist, Victoria Woodhull",Sách,Unknown,quyển,591690.0,10,public_website,2025-04,591690.0,0.0,591690.0
ORD000672,P0016,1,25000.0,C0212,2025-09-14 18:46:00,e-wallet,offline,0.0,Huế,retail,2024-10-24,Ống mực bút máy xanh,Bút viết,Hồng Hà,hộp,25000.0,25,lecturer_sample,2025-09,25000.0,0.0,25000.0
ORD000672,P0005,5,79000.0,C0212,2025-09-14 18:46:00,e-wallet,offline,0.0,Huế,retail,2024-10-24,Sổ tay bìa da A5,Vở và giấy,OEM,quyển,79000.0,15,lecturer_sample,2025-09,395000.0,0.0,395000.0
ORD000673,P0050,1,407814.0,C0088,2025-08-28 01:53:00,transfer,offline,5000.0,Đà Nẵng,retail,2024-08-11,Bảng trắng 60 x 90 cm,Thiết bị văn phòng,Bavico,chiếc,420000.0,5,lecturer_sample,2025-08,407814.0,3984.0059083964097,403829.9940916036
ORD000673,P0042,2,42000.0,C0088,2025-08-28 01:53:00,transfer,offline,5000.0,Đà Nẵng,retail,2024-08-11,Pin AAA 4 viên,Thiết bị văn phòng,Panasonic,vỉ,42000.0,22,lecturer_sample,2025-08,84000.0,820.6106124490537,83179.38938755095
ORD000673,P0011,4,5000.0,C0088,2025-08-28 01:53:00,transfer,offline,5000.0,Đà Nẵng,retail,2024-08-11,Bút bi xanh 0.5 mm,Bút viết,Thiên Long,cây,5000.0,70,lecturer_sample,2025-08,20000.0,195.38347915453662,19804.616520845462
ORD000674,P0087,2,681780.0,C0186,2025-05-07 20:53:00,card,offline,0.0,Đà Nẵng,student,2024-06-22,Shakespeare's Sonnets,Sách,Unknown,quyển,681780.0,21,public_website,2025-05,1363560.0,0.0,1363560.0
ORD000674,P0079,4,1578060.0,C0186,2025-05-07 20:53:00,card,offline,0.0,Đà Nẵng,student,2024-06-22,Sharp Objects,Sách,Unknown,quyển,1578060.0,24,public_website,2025-05,6312240.0,0.0,6312240.0
ORD000674,P0067,2,14999750.0,C0186,2025-05-07 20:53:00,card,offline,0.0,Đà Nẵng,student,2024-06-22,Samsung Galaxy Tab S8 Plus Grey,Thiết bị văn phòng,Samsung,chiếc,14999750.0,12,public_api,2025-05,29999500.0,0.0,29999500.0
ORD000674,P0064,2,27499750.0,C0186,2025-05-07 20:53:00,card,offline,0.0,Đà Nẵng,student,2024-06-22,Lenovo Yoga 920,Thiết bị văn phòng,Lenovo,chiếc,27499750.0,8,public_api,2025-05,54999500.0,0.0,54999500.0
ORD000675,P0044,2,920000.0,C0076,2025-05-14 03:28:00,e-wallet,shopee,0.0,Biên Hòa,student,2024-01-05,Mực in laser đen,Thiết bị văn phòng,Brother,hộp,920000.0,5,lecturer_sample,2025-05,1840000.0,0.0,1840000.0
ORD000675,P0052,5,290000.0,C0076,2025-05-14 03:28:00,e-wallet,shopee,0.0,Biên Hòa,student,2024-01-05,Bàn phím có dây,Phụ kiện máy tính,Logitech,chiếc,290000.0,8,lecturer_sample,2025-05,1450000.0,0.0,1450000.0
ORD000675,P0059,5,55000.0,C0076,2025-05-14 03:28:00,e-wallet,shopee,0.0,Biên Hòa,student,2024-01-05,Tấm lót chuột,Phụ kiện máy tính,OEM,chiếc,55000.0,20,lecturer_sample,2025-05,275000.0,0.0,275000.0
ORD000676,P0074,2,499750.0,C0180,2025-08-11 21:41:00,card,offline,0.0,Hà Nội,student,2024-09-22,Apple iPhone Charger,Phụ kiện máy tính,Apple,cái,499750.0,6,public_api,2025-08,999500.0,0.0,999500.0
ORD000676,P0019,4,22000.0,C0180,2025-08-11 21:41:00,card,offline,0.0,Hà Nội,student,2024-09-22,Ruột chì kim 0.5 mm,Bút viết,Pentel,hộp,22000.0,25,lecturer_sample,2025-08,88000.0,0.0,88000.0
ORD000676,P0062,1,44999750.0,C0180,2025-08-11 21:41:00,card,offline,0.0,Hà Nội,student,2024-09-22,Asus Zenbook Pro Dual Screen Laptop,Thiết bị văn phòng,Asus,chiếc,44999750.0,9,public_api,2025-08,44999750.0,0.0,44999750.0
ORD000676,P0049,2,125000.0,C0180,2025-08-11 21:41:00,card,offline,0.0,Hà Nội,student,2024-09-22,Máy đục lỗ 2 lỗ,Thiết bị văn phòng,Deli,chiếc,125000.0,10,lecturer_sample,2025-08,250000.0,0.0,250000.0
ORD000677,P0058,1,350000.0,C0120,2025-10-28 21:23:00,cash,online,0.0,TP. Hồ Chí Minh,retail,2024-04-03,Bộ chia USB 4 cổng,Phụ kiện máy tính,Ugreen,chiếc,350000.0,8,lecturer_sample,2025-10,350000.0,0.0,350000.0
ORD000677,P0083,4,591690.0,C0120,2025-10-28 21:23:00,cash,online,0.0,TP. Hồ Chí Minh,retail,2024-04-03,"The Coming Woman: A Novel Based on the Life of the Infamous Feminist, Victoria Woodhull",Sách,Unknown,quyển,591690.0,10,public_website,2025-10,2366760.0,0.0,2366760.0
ORD000678,P0015,9,41523.0,C0166,2025-02-21 18:58:00,e-wallet,shopee,0.0,Huế,office,2024-07-22,Bút máy học sinh,Bút viết,Hồng Hà,cây,45000.0,20,lecturer_sample,2025-02,373707.0,0.0,373707.0
ORD000678,P0016,7,25000.0,C0166,2025-02-21 18:58:00,e-wallet,shopee,0.0,Huế,office,2024-07-22,Ống mực bút máy xanh,Bút viết,Hồng Hà,hộp,25000.0,25,lecturer_sample,2025-02,175000.0,0.0,175000.0
ORD000678,P0068,9,8749750.0,C0166,2025-02-21 18:58:00,e-wallet,shopee,0.0,Huế,office,2024-07-22,Samsung Galaxy Tab White,Thiết bị văn phòng,Samsung,chiếc,8749750.0,18,public_api,2025-02,78747750.0,0.0,78747750.0
ORD000678,P0043,6,3190000.0,C0166,2025-02-21 18:58:00,e-wallet,shopee,0.0,Huế,office,2024-07-22,Máy in laser đơn sắc,Thiết bị văn phòng,Brother,chiếc,3190000.0,3,lecturer_sample,2025-02,19140000.0,0.0,19140000.0
ORD000679,P0025,5,15000.0,C0060,2025-09-17 17:26:00,card,website,10000.0,TP. Hồ Chí Minh,retail,2024-03-22,Gọt bút chì có hộp,Dụng cụ học tập,Deli,chiếc,15000.0,25,lecturer_sample,2025-09,75000.0,536.8839256952647,74463.11607430474
ORD000679,P0052,5,264390.0,C0060,2025-09-17 17:26:00,card,website,10000.0,TP. Hồ Chí Minh,retail,2024-03-22,Bàn phím có dây,Phụ kiện máy tính,Logitech,chiếc,290000.0,8,lecturer_sample,2025-09,1321950.0,9463.116074304735,1312486.8839256952
ORD000680,P0013,3,5000.0,C0086,2025-01-28 17:19:00,transfer,website,0.0,Hà Nội,student,2024-09-19,Bút bi đỏ 0.5 mm,Bút viết,Thiên Long,cây,5000.0,50,lecturer_sample,2025-01,15000.0,0.0,15000.0
ORD000680,P0032,2,12000.0,C0086,2025-01-28 17:19:00,transfer,website,0.0,Hà Nội,student,2024-09-19,Bìa nút A4,Hồ sơ và lưu trữ,Deli,chiếc,12000.0,35,lecturer_sample,2025-01,24000.0,0.0,24000.0
ORD000680,P0006,2,82000.0,C0086,2025-01-28 17:19:00,transfer,website,0.0,Hà Nội,student,2024-09-19,Giấy in A4 70 gsm,Vở và giấy,Double A,ram,82000.0,25,lecturer_sample,2025-01,164000.0,0.0,164000.0
ORD000680,P0042,2,42000.0,C0086,2025-01-28 17:19:00,transfer,website,0.0,Hà Nội,student,2024-09-19,Pin AAA 4 viên,Thiết bị văn phòng,Panasonic,vỉ,42000.0,22,lecturer_sample,2025-01,84000.0,0.0,84000.0
ORD000681,P0009,20,18000.0,C0143,2025-07-11 16:30:00,e-wallet,shopee,0.0,Huế,wholesale,2024-01-02,Giấy note 3 x 3 inch,Vở và giấy,Deli,xấp,18000.0,30,lecturer_sample,2025-07,360000.0,0.0,360000.0
ORD000682,P0009,4,18000.0,C0213,2025-08-27 03:15:00,card,shopee,20000.0,Biên Hòa,retail,2024-06-30,Giấy note 3 x 3 inch,Vở và giấy,Deli,xấp,18000.0,30,lecturer_sample,2025-08,72000.0,109.95723885155772,71890.04276114845
ORD000682,P0012,5,5000.0,C0213,2025-08-27 03:15:00,card,shopee,20000.0,Biên Hòa,retail,2024-06-30,Bút bi đen 0.5 mm,Bút viết,Thiên Long,cây,5000.0,60,lecturer_sample,2025-08,25000.0,38.179596823457544,24961.82040317654
ORD000682,P0070,4,3249750.0,C0213,2025-08-27 03:15:00,card,shopee,20000.0,Biên Hòa,retail,2024-06-30,Apple Airpods,Phụ kiện máy tính,Apple,cái,3249750.0,13,public_api,2025-08,12999000.0,19851.863164324986,12979148.136835676
ORD000683,P0070,2,3249750.0,C0151,2025-01-14 19:56:00,cash,online,0.0,Huế,retail,2024-07-05,Apple Airpods,Phụ kiện máy tính,Apple,cái,3249750.0,13,public_api,2025-01,6499500.0,0.0,6499500.0
ORD000683,P0033,1,69000.0,C0151,2025-01-14 19:56:00,cash,online,0.0,Huế,retail,2024-07-05,Bìa còng 5 cm,Hồ sơ và lưu trữ,King Jim,chiếc,69000.0,18,lecturer_sample,2025-01,69000.0,0.0,69000.0
ORD000683,P0006,4,82000.0,C0151,2025-01-14 19:56:00,cash,online,0.0,Huế,retail,2024-07-05,Giấy in A4 70 gsm,Vở và giấy,Double A,ram,82000.0,25,lecturer_sample,2025-01,328000.0,0.0,328000.0
ORD000683,P0076,4,1708410.0,C0151,2025-01-14 19:56:00,cash,online,0.0,Huế,retail,2024-07-05,A Light in the Attic,Sách,Unknown,quyển,1708410.0,16,public_website,2025-01,6833640.0,0.0,6833640.0
ORD000684,P0076,3,1708410.0,C0109,2025-03-19 20:19:00,e-wallet,shopee,5000.0,Cần Thơ,retail,2024-03-11,A Light in the Attic,Sách,Unknown,quyển,1708410.0,16,public_website,2025-03,5125230.0,2295.2249640483137,5122934.775035951
ORD000684,P0089,1,1725570.0,C0109,2025-03-19 20:19:00,e-wallet,shopee,5000.0,Cần Thơ,retail,2024-03-11,Scott Pilgrim's Precious Little Life (Scott Pilgrim #1),Sách,Unknown,quyển,1725570.0,27,public_website,2025-03,1725570.0,772.7597280927586,1724797.2402719073
ORD000684,P0088,4,519196.0,C0109,2025-03-19 20:19:00,e-wallet,shopee,5000.0,Cần Thơ,retail,2024-03-11,Set Me Free,Sách,Unknown,quyển,576180.0,24,public_website,2025-03,2076784.0,930.043428633664,2075853.9565713664
ORD000684,P0084,3,745800.0,C0109,2025-03-19 20:19:00,e-wallet,shopee,5000.0,Cần Thơ,retail,2024-03-11,The Boys in the Boat: Nine Americans and Their Epic Quest for Gold at the 1936 Berlin Olympics,Sách,Unknown,quyển,745800.0,13,public_website,2025-03,2237400.0,1001.9718792252636,2236398.028120775
ORD000685,P0058,3,350000.0,C0130,2025-07-17 02:29:00,e-wallet,shopee,0.0,Hải Phòng,retail,2024-03-23,Bộ chia USB 4 cổng,Phụ kiện máy tính,Ugreen,chiếc,350000.0,8,lecturer_sample,2025-07,1050000.0,0.0,1050000.0
ORD000686,P0084,2,706910.0,C0190,2025-11-21 17:38:00,card,offline,0.0,Hà Nội,retail,2024-02-29,The Boys in the Boat: Nine Americans and Their Epic Quest for Gold at the 1936 Berlin Olympics,Sách,Unknown,quyển,745800.0,13,public_website,2025-11,1413820.0,0.0,1413820.0
ORD000686,P0045,4,1678322.0,C0190,2025-11-21 17:38:00,card,offline,0.0,Hà Nội,retail,2024-02-29,Máy hủy tài liệu,Thiết bị văn phòng,Silicon,chiếc,1850000.0,3,lecturer_sample,2025-11,6713288.0,0.0,6713288.0
ORD000686,P0072,1,1999750.0,C0190,2025-11-21 17:38:00,card,offline,0.0,Hà Nội,retail,2024-02-29,Apple Airpower Wireless Charger,Phụ kiện máy tính,Apple,cái,1999750.0,1,public_api,2025-11,1999750.0,0.0,1999750.0
ORD000687,P0055,4,280000.0,C0182,2025-10-30 20:12:00,cash,offline,0.0,Cần Thơ,student,2024-05-26,Thẻ nhớ microSD 64 GB,Phụ kiện máy tính,SanDisk,chiếc,280000.0,10,lecturer_sample,2025-10,1120000.0,0.0,1120000.0
ORD000687,P0079,1,1517738.0,C0182,2025-10-30 20:12:00,cash,offline,0.0,Cần Thơ,student,2024-05-26,Sharp Objects,Sách,Unknown,quyển,1578060.0,24,public_website,2025-10,1517738.0,0.0,1517738.0
ORD000687,P0089,3,1725570.0,C0182,2025-10-30 20:12:00,cash,offline,0.0,Cần Thơ,student,2024-05-26,Scott Pilgrim's Precious Little Life (Scott Pilgrim #1),Sách,Unknown,quyển,1725570.0,27,public_website,2025-10,5176710.0,0.0,5176710.0
ORD000688,P0025,3,15000.0,C0173,2025-06-02 04:52:00,e-wallet,offline,0.0,Hải Phòng,retail,2024-04-22,Gọt bút chì có hộp,Dụng cụ học tập,Deli,chiếc,15000.0,25,lecturer_sample,2025-06,45000.0,0.0,45000.0
ORD000689,P0048,4,12000.0,C0010,2025-11-02 17:22:00,transfer,shopee,0.0,Cần Thơ,retail,2024-05-20,Kim bấm số 10,Thiết bị văn phòng,Max,hộp,12000.0,35,lecturer_sample,2025-11,48000.0,0.0,48000.0
ORD000689,P0036,3,185000.0,C0010,2025-11-02 17:22:00,transfer,shopee,0.0,Cần Thơ,retail,2024-05-20,Khay tài liệu 3 tầng,Hồ sơ và lưu trữ,Deli,bộ,185000.0,8,lecturer_sample,2025-11,555000.0,0.0,555000.0
ORD000689,P0016,4,25000.0,C0010,2025-11-02 17:22:00,transfer,shopee,0.0,Cần Thơ,retail,2024-05-20,Ống mực bút máy xanh,Bút viết,Hồng Hà,hộp,25000.0,25,lecturer_sample,2025-11,100000.0,0.0,100000.0
ORD000690,P0029,1,25000.0,C0063,2025-09-27 01:29:00,e-wallet,online,5000.0,Hải Phòng,retail,2023-12-28,Kéo học sinh 13 cm,Dụng cụ học tập,Deli,chiếc,25000.0,18,lecturer_sample,2025-09,25000.0,5000.0,20000.0
ORD000691,P0087,4,662300.0,C0164,2025-06-04 22:25:00,cash,shopee,0.0,Biên Hòa,retail,2024-11-18,Shakespeare's Sonnets,Sách,Unknown,quyển,681780.0,21,public_website,2025-06,2649200.0,0.0,2649200.0
ORD000692,P0078,4,1653300.0,C0147,2025-05-14 20:39:00,e-wallet,offline,0.0,Đà Nẵng,retail,2024-09-06,Soumission,Sách,Unknown,quyển,1653300.0,22,public_website,2025-05,6613200.0,0.0,6613200.0
ORD000692,P0079,2,1578060.0,C0147,2025-05-14 20:39:00,e-wallet,offline,0.0,Đà Nẵng,retail,2024-09-06,Sharp Objects,Sách,Unknown,quyển,1578060.0,24,public_website,2025-05,3156120.0,0.0,3156120.0
ORD000692,P0074,1,499750.0,C0147,2025-05-14 20:39:00,e-wallet,offline,0.0,Đà Nẵng,retail,2024-09-06,Apple iPhone Charger,Phụ kiện máy tính,Apple,cái,499750.0,6,public_api,2025-05,499750.0,0.0,499750.0
ORD000693,P0019,4,22000.0,C0047,2025-12-14 20:17:00,transfer,offline,0.0,Hải Phòng,retail,2024-08-13,Ruột chì kim 0.5 mm,Bút viết,Pentel,hộp,22000.0,25,lecturer_sample,2025-12,88000.0,0.0,88000.0
ORD000694,P0063,5,34999750.0,C0163,2025-06-12 17:14:00,e-wallet,online,0.0,Đà Nẵng,student,2024-03-19,Huawei Matebook X Pro,Thiết bị văn phòng,Huawei,chiếc,34999750.0,15,public_api,2025-06,174998750.0,0.0,174998750.0
ORD000694,P0045,4,1850000.0,C0163,2025-06-12 17:14:00,e-wallet,online,0.0,Đà Nẵng,student,2024-03-19,Máy hủy tài liệu,Thiết bị văn phòng,Silicon,chiếc,1850000.0,3,lecturer_sample,2025-06,7400000.0,0.0,7400000.0
ORD000695,P0076,13,1708410.0,C0143,2025-01-07 21:21:00,transfer,shopee,0.0,Huế,wholesale,2024-01-02,A Light in the Attic,Sách,Unknown,quyển,1708410.0,16,public_website,2025-01,22209330.0,0.0,22209330.0
ORD000695,P0089,26,1703302.0,C0143,2025-01-07 21:21:00,transfer,shopee,0.0,Huế,wholesale,2024-01-02,Scott Pilgrim's Precious Little Life (Scott Pilgrim #1),Sách,Unknown,quyển,1725570.0,27,public_website,2025-01,44285852.0,0.0,44285852.0
ORD000695,P0078,25,1653300.0,C0143,2025-01-07 21:21:00,transfer,shopee,0.0,Huế,wholesale,2024-01-02,Soumission,Sách,Unknown,quyển,1653300.0,22,public_website,2025-01,41332500.0,0.0,41332500.0
ORD000695,P0079,16,1578060.0,C0143,2025-01-07 21:21:00,transfer,shopee,0.0,Huế,wholesale,2024-01-02,Sharp Objects,Sách,Unknown,quyển,1578060.0,24,public_website,2025-01,25248960.0,0.0,25248960.0
ORD000696,P0028,4,70364.0,C0192,2025-09-29 21:19:00,card,online,10000.0,Nha Trang,retail,2024-05-18,Bộ màu nước 12 màu,Dụng cụ học tập,Pentel,bộ,78000.0,12,lecturer_sample,2025-09,281456.0,6304.227068288925,275151.77293171105
ORD000696,P0059,3,55000.0,C0192,2025-09-29 21:19:00,card,online,10000.0,Nha Trang,retail,2024-05-18,Tấm lót chuột,Phụ kiện máy tính,OEM,chiếc,55000.0,20,lecturer_sample,2025-09,165000.0,3695.7729317110757,161304.22706828892
ORD000697,P0035,1,16000.0,C0126,2025-05-01 22:58:00,transfer,offline,50000.0,Hải Phòng,retail,2024-06-25,Túi hồ sơ dây buộc,Hồ sơ và lưu trữ,Hồng Hà,chiếc,16000.0,25,lecturer_sample,2025-05,16000.0,598.2131373587096,15401.786862641291
ORD000697,P0087,2,660658.0,C0126,2025-05-01 22:58:00,transfer,offline,50000.0,Hải Phòng,retail,2024-06-25,Shakespeare's Sonnets,Sách,Unknown,quyển,681780.0,21,public_website,2025-05,1321316.0,49401.78686264129,1271914.2131373587
ORD000698,P0019,3,22000.0,C0189,2025-07-26 00:26:00,card,online,0.0,Đà Nẵng,student,2024-07-04,Ruột chì kim 0.5 mm,Bút viết,Pentel,hộp,22000.0,25,lecturer_sample,2025-07,66000.0,0.0,66000.0
ORD000698,P0083,5,591690.0,C0189,2025-07-26 00:26:00,card,online,0.0,Đà Nẵng,student,2024-07-04,"The Coming Woman: A Novel Based on the Life of the Infamous Feminist, Victoria Woodhull",Sách,Unknown,quyển,591690.0,10,public_website,2025-07,2958450.0,0.0,2958450.0
ORD000699,P0076,3,1638463.0,C0220,2025-07-26 23:48:00,cash,online,20000.0,Hải Phòng,student,2024-07-15,A Light in the Attic,Sách,Unknown,quyển,1708410.0,16,public_website,2025-07,4915389.0,7509.813740038157,4907879.186259962
ORD000699,P0089,1,1725570.0,C0220,2025-07-26 23:48:00,cash,online,20000.0,Hải Phòng,student,2024-07-15,Scott Pilgrim's Precious Little Life (Scott Pilgrim #1),Sách,Unknown,quyển,1725570.0,27,public_website,2025-07,1725570.0,2636.3547819709984,1722933.645218029
ORD000699,P0085,4,1612404.0,C0220,2025-07-26 23:48:00,cash,online,20000.0,Hải Phòng,student,2024-07-15,The Black Maria,Sách,Unknown,quyển,1720950.0,16,public_website,2025-07,6449616.0,9853.831477990845,6439762.168522009
ORD000700,P0055,3,280000.0,C0163,2025-01-16 01:14:00,e-wallet,website,0.0,Đà Nẵng,student,2024-03-19,Thẻ nhớ microSD 64 GB,Phụ kiện máy tính,SanDisk,chiếc,280000.0,10,lecturer_sample,2025-01,840000.0,0.0,840000.0
ORD000701,P0087,2,681780.0,C0043,2025-10-20 02:30:00,transfer,website,0.0,Biên Hòa,retail,2024-02-16,Shakespeare's Sonnets,Sách,Unknown,quyển,681780.0,21,public_website,2025-10,1363560.0,0.0,1363560.0
ORD000701,P0003,2,14000.0,C0043,2025-10-20 02:30:00,transfer,website,0.0,Biên Hòa,retail,2024-02-16,Vở ô ly 96 trang,Vở và giấy,Hồng Hà,quyển,14000.0,35,lecturer_sample,2025-10,28000.0,0.0,28000.0
ORD000701,P0073,2,2499750.0,C0043,2025-10-20 02:30:00,transfer,website,0.0,Biên Hòa,retail,2024-02-16,Apple HomePod Mini Cosmic Grey,Phụ kiện máy tính,Apple,cái,2499750.0,5,public_api,2025-10,4999500.0,0.0,4999500.0
ORD000701,P0074,3,499750.0,C0043,2025-10-20 02:30:00,transfer,website,0.0,Biên Hòa,retail,2024-02-16,Apple iPhone Charger,Phụ kiện máy tính,Apple,cái,499750.0,6,public_api,2025-10,1499250.0,0.0,1499250.0
ORD000702,P0060,5,390000.0,C0008,2025-04-17 01:29:00,transfer,website,0.0,Cần Thơ,student,2024-09-24,Tai nghe có mic,Phụ kiện máy tính,Rapoo,chiếc,390000.0,8,lecturer_sample,2025-04,1950000.0,0.0,1950000.0
ORD000702,P0039,5,27398.0,C0008,2025-04-17 01:29:00,transfer,website,0.0,Cần Thơ,student,2024-09-24,Kẹp bướm 25 mm,Hồ sơ và lưu trữ,Deli,hộp,28000.0,25,lecturer_sample,2025-04,136990.0,0.0,136990.0
ORD000703,P0002,5,18000.0,C0041,2025-05-06 23:46:00,cash,shopee,0.0,Cần Thơ,student,2024-08-28,Vở kẻ ngang 120 trang,Vở và giấy,Campus,quyển,18000.0,30,lecturer_sample,2025-05,90000.0,0.0,90000.0
ORD000703,P0011,5,4697.0,C0041,2025-05-06 23:46:00,cash,shopee,0.0,Cần Thơ,student,2024-08-28,Bút bi xanh 0.5 mm,Bút viết,Thiên Long,cây,5000.0,70,lecturer_sample,2025-05,23485.0,0.0,23485.0
ORD000703,P0059,1,55000.0,C0041,2025-05-06 23:46:00,cash,shopee,0.0,Cần Thơ,student,2024-08-28,Tấm lót chuột,Phụ kiện máy tính,OEM,chiếc,55000.0,20,lecturer_sample,2025-05,55000.0,0.0,55000.0
ORD000703,P0079,4,1523244.0,C0041,2025-05-06 23:46:00,cash,shopee,0.0,Cần Thơ,student,2024-08-28,Sharp Objects,Sách,Unknown,quyển,1578060.0,24,public_website,2025-05,6092976.0,0.0,6092976.0
ORD000703,P0078,1,1653300.0,C0041,2025-05-06 23:46:00,cash,shopee,0.0,Cần Thơ,student,2024-08-28,Soumission,Sách,Unknown,quyển,1653300.0,22,public_website,2025-05,1653300.0,0.0,1653300.0
ORD000703,P0007,5,99000.0,C0041,2025-05-06 23:46:00,cash,shopee,0.0,Cần Thơ,student,2024-08-28,Giấy in A4 80 gsm,Vở và giấy,PaperOne,ram,99000.0,20,lecturer_sample,2025-05,495000.0,0.0,495000.0
ORD000703,P0043,4,3190000.0,C0041,2025-05-06 23:46:00,cash,shopee,0.0,Cần Thơ,student,2024-08-28,Máy in laser đơn sắc,Thiết bị văn phòng,Brother,chiếc,3190000.0,3,lecturer_sample,2025-05,12760000.0,0.0,12760000.0
ORD000704,P0076,2,1569871.0,C0032,2025-02-23 18:54:00,card,offline,50000.0,Hải Phòng,student,2024-02-07,A Light in the Attic,Sách,Unknown,quyển,1708410.0,16,public_website,2025-02,3139742.0,47503.587269444935,3092238.412730555
ORD000704,P0010,1,165000.0,C0032,2025-02-23 18:54:00,card,offline,50000.0,Hải Phòng,student,2024-02-07,Giấy photo A3 70 gsm,Vở và giấy,Double A,ram,165000.0,10,lecturer_sample,2025-02,165000.0,2496.412730555063,162503.58726944495
ORD000705,P0069,5,2499750.0,C0178,2025-02-07 23:57:00,e-wallet,shopee,0.0,Hà Nội,retail,2024-06-27,Amazon Echo Plus,Phụ kiện máy tính,Amazon,cái,2499750.0,12,public_api,2025-02,12498750.0,0.0,12498750.0
ORD000705,P0030,1,12787.0,C0178,2025-02-07 23:57:00,e-wallet,shopee,0.0,Hà Nội,retail,2024-06-27,Hồ khô 15 g,Dụng cụ học tập,Thiên Long,thỏi,14000.0,28,lecturer_sample,2025-02,12787.0,0.0,12787.0
ORD000705,P0061,3,49999750.0,C0178,2025-02-07 23:57:00,e-wallet,shopee,0.0,Hà Nội,retail,2024-06-27,Apple MacBook Pro 14 Inch Space Grey,Thiết bị văn phòng,Apple,chiếc,49999750.0,5,public_api,2025-02,149999250.0,0.0,149999250.0
ORD000706,P0087,2,656252.0,C0095,2025-10-16 21:45:00,e-wallet,shopee,0.0,Huế,retail,2024-03-11,Shakespeare's Sonnets,Sách,Unknown,quyển,681780.0,21,public_website,2025-10,1312504.0,0.0,1312504.0
ORD000706,P0015,2,45000.0,C0095,2025-10-16 21:45:00,e-wallet,shopee,0.0,Huế,retail,2024-03-11,Bút máy học sinh,Bút viết,Hồng Hà,cây,45000.0,20,lecturer_sample,2025-10,90000.0,0.0,90000.0
ORD000707,P0078,5,1636189.0,C0220,2025-07-16 20:40:00,card,offline,5000.0,Hải Phòng,student,2024-07-15,Soumission,Sách,Unknown,quyển,1653300.0,22,public_website,2025-07,8180945.0,5000.0,8175945.0
ORD000708,P0031,17,3775.0,C0104,2025-09-03 01:57:00,card,online,0.0,Hà Nội,wholesale,2024-10-27,Bìa lá A4 trong,Hồ sơ và lưu trữ,Plus,chiếc,4000.0,60,lecturer_sample,2025-09,64175.0,0.0,64175.0
ORD000708,P0006,10,77358.0,C0104,2025-09-03 01:57:00,card,online,0.0,Hà Nội,wholesale,2024-10-27,Giấy in A4 70 gsm,Vở và giấy,Double A,ram,82000.0,25,lecturer_sample,2025-09,773580.0,0.0,773580.0
ORD000709,P0030,3,14000.0,C0124,2025-07-14 16:42:00,cash,online,0.0,Nha Trang,retail,2024-02-26,Hồ khô 15 g,Dụng cụ học tập,Thiên Long,thỏi,14000.0,28,lecturer_sample,2025-07,42000.0,0.0,42000.0
ORD000709,P0028,5,76562.0,C0124,2025-07-14 16:42:00,cash,online,0.0,Nha Trang,retail,2024-02-26,Bộ màu nước 12 màu,Dụng cụ học tập,Pentel,bộ,78000.0,12,lecturer_sample,2025-07,382810.0,0.0,382810.0
ORD000709,P0020,5,82172.0,C0124,2025-07-14 16:42:00,cash,online,0.0,Nha Trang,retail,2024-02-26,Bút dạ quang 5 màu,Bút viết,Stabilo,bộ,85000.0,15,lecturer_sample,2025-07,410860.0,0.0,410860.0
ORD000709,P0025,3,15000.0,C0124,2025-07-14 16:42:00,cash,online,0.0,Nha Trang,retail,2024-02-26,Gọt bút chì có hộp,Dụng cụ học tập,Deli,chiếc,15000.0,25,lecturer_sample,2025-07,45000.0,0.0,45000.0
ORD000710,P0025,6,15000.0,C0103,2025-11-17 17:21:00,cash,website,0.0,Cần Thơ,wholesale,2024-09-01,Gọt bút chì có hộp,Dụng cụ học tập,Deli,chiếc,15000.0,25,lecturer_sample,2025-11,90000.0,0.0,90000.0
ORD000710,P0088,21,576180.0,C0103,2025-11-17 17:21:00,cash,website,0.0,Cần Thơ,wholesale,2024-09-01,Set Me Free,Sách,Unknown,quyển,576180.0,24,public_website,2025-11,12099780.0,0.0,12099780.0
ORD000711,P0022,2,17686.0,C0066,2025-04-05 03:59:00,card,offline,20000.0,Đà Nẵng,student,2024-03-16,Thước ê ke 2 chiếc,Dụng cụ học tập,Deli,bộ,18000.0,20,lecturer_sample,2025-04,35372.0,7.070661599798955,35364.9293384002
ORD000711,P0061,2,49999750.0,C0066,2025-04-05 03:59:00,card,offline,20000.0,Đà Nẵng,student,2024-03-16,Apple MacBook Pro 14 Inch Space Grey,Thiết bị văn phòng,Apple,chiếc,49999750.0,5,public_api,2025-04,99999500.0,19989.33124078637,99979510.66875921
ORD000711,P0040,1,18000.0,C0066,2025-04-05 03:59:00,card,offline,20000.0,Đà Nẵng,student,2024-03-16,Kẹp giấy 33 mm,Hồ sơ và lưu trữ,Plus,hộp,18000.0,30,lecturer_sample,2025-04,18000.0,3.598097613829616,17996.40190238617
ORD000712,P0009,1,18000.0,C0063,2025-10-28 04:37:00,cash,offline,0.0,Hải Phòng,retail,2023-12-28,Giấy note 3 x 3 inch,Vở và giấy,Deli,xấp,18000.0,30,lecturer_sample,2025-10,18000.0,0.0,18000.0
ORD000712,P0079,4,1578060.0,C0063,2025-10-28 04:37:00,cash,offline,0.0,Hải Phòng,retail,2023-12-28,Sharp Objects,Sách,Unknown,quyển,1578060.0,24,public_website,2025-10,6312240.0,0.0,6312240.0
ORD000712,P0089,5,1725570.0,C0063,2025-10-28 04:37:00,cash,offline,0.0,Hải Phòng,retail,2023-12-28,Scott Pilgrim's Precious Little Life (Scott Pilgrim #1),Sách,Unknown,quyển,1725570.0,27,public_website,2025-10,8627850.0,0.0,8627850.0
ORD000713,P0038,2,35000.0,C0154,2025-09-07 20:36:00,e-wallet,shopee,0.0,Huế,retail,2024-04-21,Nhãn dán phân loại,Hồ sơ và lưu trữ,Avery,xấp,35000.0,18,lecturer_sample,2025-09,70000.0,0.0,70000.0
ORD000714,P0023,3,42000.0,C0163,2025-11-12 04:29:00,card,website,0.0,Đà Nẵng,student,2024-03-19,Compa học sinh,Dụng cụ học tập,Maped,chiếc,42000.0,15,lecturer_sample,2025-11,126000.0,0.0,126000.0
ORD000714,P0036,5,185000.0,C0163,2025-11-12 04:29:00,card,website,0.0,Đà Nẵng,student,2024-03-19,Khay tài liệu 3 tầng,Hồ sơ và lưu trữ,Deli,bộ,185000.0,8,lecturer_sample,2025-11,925000.0,0.0,925000.0
ORD000714,P0025,3,15000.0,C0163,2025-11-12 04:29:00,card,website,0.0,Đà Nẵng,student,2024-03-19,Gọt bút chì có hộp,Dụng cụ học tập,Deli,chiếc,15000.0,25,lecturer_sample,2025-11,45000.0,0.0,45000.0
ORD000714,P0056,5,180000.0,C0163,2025-11-12 04:29:00,card,website,0.0,Đà Nẵng,student,2024-03-19,Cáp HDMI 2 m,Phụ kiện máy tính,Ugreen,sợi,180000.0,12,lecturer_sample,2025-11,900000.0,0.0,900000.0
ORD000714,P0029,4,25000.0,C0163,2025-11-12 04:29:00,card,website,0.0,Đà Nẵng,student,2024-03-19,Kéo học sinh 13 cm,Dụng cụ học tập,Deli,chiếc,25000.0,18,lecturer_sample,2025-11,100000.0,0.0,100000.0
ORD000715,P0088,4,576180.0,C0194,2025-04-04 23:00:00,card,offline,0.0,Hà Nội,student,2024-07-25,Set Me Free,Sách,Unknown,quyển,576180.0,24,public_website,2025-04,2304720.0,0.0,2304720.0
ORD000715,P0084,5,684215.0,C0194,2025-04-04 23:00:00,card,offline,0.0,Hà Nội,student,2024-07-25,The Boys in the Boat: Nine Americans and Their Epic Quest for Gold at the 1936 Berlin Olympics,Sách,Unknown,quyển,745800.0,13,public_website,2025-04,3421075.0,0.0,3421075.0
ORD000715,P0015,1,41364.0,C0194,2025-04-04 23:00:00,card,offline,0.0,Hà Nội,student,2024-07-25,Bút máy học sinh,Bút viết,Hồng Hà,cây,45000.0,20,lecturer_sample,2025-04,41364.0,0.0,41364.0
ORD000715,P0016,5,25000.0,C0194,2025-04-04 23:00:00,card,offline,0.0,Hà Nội,student,2024-07-25,Ống mực bút máy xanh,Bút viết,Hồng Hà,hộp,25000.0,25,lecturer_sample,2025-04,125000.0,0.0,125000.0
ORD000716,P0086,2,440854.0,C0197,2025-09-29 23:06:00,transfer,shopee,0.0,Hải Phòng,student,2024-04-02,"Starving Hearts (Triangular Trade Trilogy, #1)",Sách,Unknown,quyển,461670.0,19,public_website,2025-09,881708.0,0.0,881708.0
ORD000716,P0019,2,22000.0,C0197,2025-09-29 23:06:00,transfer,shopee,0.0,Hải Phòng,student,2024-04-02,Ruột chì kim 0.5 mm,Bút viết,Pentel,hộp,22000.0,25,lecturer_sample,2025-09,44000.0,0.0,44000.0
ORD000716,P0059,5,52735.0,C0197,2025-09-29 23:06:00,transfer,shopee,0.0,Hải Phòng,student,2024-04-02,Tấm lót chuột,Phụ kiện máy tính,OEM,chiếc,55000.0,20,lecturer_sample,2025-09,263675.0,0.0,263675.0
ORD000717,P0086,3,461670.0,C0202,2025-08-03 04:46:00,card,offline,0.0,TP. Hồ Chí Minh,student,2024-10-03,"Starving Hearts (Triangular Trade Trilogy, #1)",Sách,Unknown,quyển,461670.0,19,public_website,2025-08,1385010.0,0.0,1385010.0
ORD000717,P0042,3,38992.0,C0202,2025-08-03 04:46:00,card,offline,0.0,TP. Hồ Chí Minh,student,2024-10-03,Pin AAA 4 viên,Thiết bị văn phòng,Panasonic,vỉ,42000.0,22,lecturer_sample,2025-08,116976.0,0.0,116976.0
ORD000718,P0002,2,18000.0,C0079,2025-08-07 01:25:00,card,offline,50000.0,Hải Phòng,retail,2024-12-17,Vở kẻ ngang 120 trang,Vở và giấy,Campus,quyển,18000.0,30,lecturer_sample,2025-08,36000.0,161.39103289902408,35838.608967100976
ORD000718,P0006,3,82000.0,C0079,2025-08-07 01:25:00,card,offline,50000.0,Hải Phòng,retail,2024-12-17,Giấy in A4 70 gsm,Vở và giấy,Double A,ram,82000.0,25,lecturer_sample,2025-08,246000.0,1102.8387248099978,244897.16127519
ORD000718,P0043,3,3190000.0,C0079,2025-08-07 01:25:00,card,offline,50000.0,Hải Phòng,retail,2024-12-17,Máy in laser đơn sắc,Thiết bị văn phòng,Brother,chiếc,3190000.0,3,lecturer_sample,2025-08,9570000.0,42903.116245657235,9527096.883754343
ORD000718,P0058,4,325259.0,C0079,2025-08-07 01:25:00,card,offline,50000.0,Hải Phòng,retail,2024-12-17,Bộ chia USB 4 cổng,Phụ kiện máy tính,Ugreen,chiếc,350000.0,8,lecturer_sample,2025-08,1301036.0,5832.653996633741,1295203.3460033662
ORD000719,P0039,1,26183.0,C0144,2025-04-14 04:13:00,e-wallet,website,50000.0,TP. Hồ Chí Minh,student,2024-11-01,Kẹp bướm 25 mm,Hồ sơ và lưu trữ,Deli,hộp,28000.0,25,lecturer_sample,2025-04,26183.0,3183.8621732902384,22999.13782670976
ORD000719,P0025,4,15000.0,C0144,2025-04-14 04:13:00,e-wallet,website,50000.0,TP. Hồ Chí Minh,student,2024-11-01,Gọt bút chì có hộp,Dụng cụ học tập,Deli,chiếc,15000.0,25,lecturer_sample,2025-04,60000.0,7296.021479487235,52703.97852051276
ORD000719,P0008,5,65000.0,C0144,2025-04-14 04:13:00,e-wallet,website,50000.0,TP. Hồ Chí Minh,student,2024-11-01,Giấy màu A4 100 tờ,Vở và giấy,IK Plus,xấp,65000.0,15,lecturer_sample,2025-04,325000.0,39520.11634722253,285479.88365277747
ORD000720,P0048,28,12000.0,C0016,2025-02-21 16:40:00,e-wallet,offline,0.0,Huế,wholesale,2024-10-14,Kim bấm số 10,Thiết bị văn phòng,Max,hộp,12000.0,35,lecturer_sample,2025-02,336000.0,0.0,336000.0
ORD000720,P0039,29,27277.0,C0016,2025-02-21 16:40:00,e-wallet,offline,0.0,Huế,wholesale,2024-10-14,Kẹp bướm 25 mm,Hồ sơ và lưu trữ,Deli,hộp,28000.0,25,lecturer_sample,2025-02,791033.0,0.0,791033.0
ORD000721,P0008,6,65000.0,C0039,2025-10-29 20:36:00,card,online,0.0,Cần Thơ,office,2024-07-24,Giấy màu A4 100 tờ,Vở và giấy,IK Plus,xấp,65000.0,15,lecturer_sample,2025-10,390000.0,0.0,390000.0
ORD000722,P0028,2,78000.0,C0036,2025-02-05 04:44:00,transfer,offline,0.0,TP. Hồ Chí Minh,retail,2023-12-22,Bộ màu nước 12 màu,Dụng cụ học tập,Pentel,bộ,78000.0,12,lecturer_sample,2025-02,156000.0,0.0,156000.0
ORD000722,P0078,3,1653300.0,C0036,2025-02-05 04:44:00,transfer,offline,0.0,TP. Hồ Chí Minh,retail,2023-12-22,Soumission,Sách,Unknown,quyển,1653300.0,22,public_website,2025-02,4959900.0,0.0,4959900.0
ORD000722,P0039,3,28000.0,C0036,2025-02-05 04:44:00,transfer,offline,0.0,TP. Hồ Chí Minh,retail,2023-12-22,Kẹp bướm 25 mm,Hồ sơ và lưu trữ,Deli,hộp,28000.0,25,lecturer_sample,2025-02,84000.0,0.0,84000.0
ORD000723,P0038,5,35000.0,C0192,2025-01-12 18:07:00,cash,website,0.0,Nha Trang,retail,2024-05-18,Nhãn dán phân loại,Hồ sơ và lưu trữ,Avery,xấp,35000.0,18,lecturer_sample,2025-01,175000.0,0.0,175000.0
ORD000723,P0075,5,2499750.0,C0192,2025-01-12 18:07:00,cash,website,0.0,Nha Trang,retail,2024-05-18,Apple MagSafe Battery Pack,Phụ kiện máy tính,Apple,cái,2499750.0,1,public_api,2025-01,12498750.0,0.0,12498750.0
ORD000723,P0074,1,489044.0,C0192,2025-01-12 18:07:00,cash,website,0.0,Nha Trang,retail,2024-05-18,Apple iPhone Charger,Phụ kiện máy tính,Apple,cái,499750.0,6,public_api,2025-01,489044.0,0.0,489044.0
ORD000724,P0056,5,163421.0,C0084,2025-10-03 23:18:00,cash,online,0.0,Biên Hòa,retail,2024-12-06,Cáp HDMI 2 m,Phụ kiện máy tính,Ugreen,sợi,180000.0,12,lecturer_sample,2025-10,817105.0,0.0,817105.0
ORD000724,P0067,4,14999750.0,C0084,2025-10-03 23:18:00,cash,online,0.0,Biên Hòa,retail,2024-12-06,Samsung Galaxy Tab S8 Plus Grey,Thiết bị văn phòng,Samsung,chiếc,14999750.0,12,public_api,2025-10,59999000.0,0.0,59999000.0
ORD000725,P0025,7,15000.0,C0049,2025-02-08 04:43:00,transfer,shopee,0.0,Hà Nội,wholesale,2024-12-30,Gọt bút chì có hộp,Dụng cụ học tập,Deli,chiếc,15000.0,25,lecturer_sample,2025-02,105000.0,0.0,105000.0
ORD000725,P0040,23,18000.0,C0049,2025-02-08 04:43:00,transfer,shopee,0.0,Hà Nội,wholesale,2024-12-30,Kẹp giấy 33 mm,Hồ sơ và lưu trữ,Plus,hộp,18000.0,30,lecturer_sample,2025-02,414000.0,0.0,414000.0
ORD000726,P0081,2,747450.0,C0136,2025-12-22 03:52:00,e-wallet,offline,20000.0,Hà Nội,retail,2024-04-11,The Requiem Red,Sách,Unknown,quyển,747450.0,30,public_website,2025-12,1494900.0,5101.420985817442,1489798.5790141826
ORD000726,P0082,3,1100220.0,C0136,2025-12-22 03:52:00,e-wallet,offline,20000.0,Hà Nội,retail,2024-04-11,The Dirty Little Secrets of Getting Your Dream Job,Sách,Unknown,quyển,1100220.0,8,public_website,2025-12,3300660.0,11263.6672627254,3289396.3327372745
ORD000726,P0027,2,87556.0,C0136,2025-12-22 03:52:00,e-wallet,offline,20000.0,Hà Nội,retail,2024-04-11,Bộ màu sáp 24 màu,Dụng cụ học tập,Crayola,bộ,92000.0,12,lecturer_sample,2025-12,175112.0,597.5784545243588,174514.42154547563
ORD000726,P0055,3,270016.0,C0136,2025-12-22 03:52:00,e-wallet,offline,20000.0,Hà Nội,retail,2024-04-11,Thẻ nhớ microSD 64 GB,Phụ kiện máy tính,SanDisk,chiếc,280000.0,10,lecturer_sample,2025-12,810048.0,2764.329297424207,807283.6707025758
ORD000726,P0035,5,16000.0,C0136,2025-12-22 03:52:00,e-wallet,offline,20000.0,Hà Nội,retail,2024-04-11,Túi hồ sơ dây buộc,Hồ sơ và lưu trữ,Hồng Hà,chiếc,16000.0,25,lecturer_sample,2025-12,80000.0,273.0039995085928,79726.9960004914
ORD000727,P0003,1,14000.0,C0198,2025-03-17 19:19:00,transfer,online,0.0,Đà Nẵng,retail,2024-10-11,Vở ô ly 96 trang,Vở và giấy,Hồng Hà,quyển,14000.0,35,lecturer_sample,2025-03,14000.0,0.0,14000.0
ORD000728,P0015,1,45000.0,C0081,2025-04-29 02:13:00,transfer,shopee,0.0,Hà Nội,retail,2024-06-20,Bút máy học sinh,Bút viết,Hồng Hà,cây,45000.0,20,lecturer_sample,2025-04,45000.0,0.0,45000.0
ORD000729,P0068,4,8749750.0,C0113,2025-03-05 22:01:00,e-wallet,offline,0.0,Đà Nẵng,student,2024-04-10,Samsung Galaxy Tab White,Thiết bị văn phòng,Samsung,chiếc,8749750.0,18,public_api,2025-03,34999000.0,0.0,34999000.0
ORD000729,P0035,1,16000.0,C0113,2025-03-05 22:01:00,e-wallet,offline,0.0,Đà Nẵng,student,2024-04-10,Túi hồ sơ dây buộc,Hồ sơ và lưu trữ,Hồng Hà,chiếc,16000.0,25,lecturer_sample,2025-03,16000.0,0.0,16000.0
ORD000730,P0015,3,45000.0,C0045,2025-09-18 01:46:00,card,shopee,0.0,Đà Nẵng,retail,2024-12-22,Bút máy học sinh,Bút viết,Hồng Hà,cây,45000.0,20,lecturer_sample,2025-09,135000.0,0.0,135000.0
ORD000730,P0016,2,24300.0,C0045,2025-09-18 01:46:00,card,shopee,0.0,Đà Nẵng,retail,2024-12-22,Ống mực bút máy xanh,Bút viết,Hồng Hà,hộp,25000.0,25,lecturer_sample,2025-09,48600.0,0.0,48600.0
ORD000730,P0086,3,461670.0,C0045,2025-09-18 01:46:00,card,shopee,0.0,Đà Nẵng,retail,2024-12-22,"Starving Hearts (Triangular Trade Trilogy, #1)",Sách,Unknown,quyển,461670.0,19,public_website,2025-09,1385010.0,0.0,1385010.0
ORD000731,P0074,3,469302.0,C0131,2025-02-27 23:01:00,cash,offline,0.0,Nha Trang,retail,2024-03-05,Apple iPhone Charger,Phụ kiện máy tính,Apple,cái,499750.0,6,public_api,2025-02,1407906.0,0.0,1407906.0
ORD000732,P0008,2,65000.0,C0218,2025-11-30 20:14:00,card,offline,0.0,Cần Thơ,retail,2024-12-06,Giấy màu A4 100 tờ,Vở và giấy,IK Plus,xấp,65000.0,15,lecturer_sample,2025-11,130000.0,0.0,130000.0
ORD000732,P0057,1,220000.0,C0218,2025-11-30 20:14:00,card,offline,0.0,Cần Thơ,retail,2024-12-06,Cáp USB-C 1 m,Phụ kiện máy tính,Anker,sợi,220000.0,15,lecturer_sample,2025-11,220000.0,0.0,220000.0
ORD000732,P0035,2,16000.0,C0218,2025-11-30 20:14:00,card,offline,0.0,Cần Thơ,retail,2024-12-06,Túi hồ sơ dây buộc,Hồ sơ và lưu trữ,Hồng Hà,chiếc,16000.0,25,lecturer_sample,2025-11,32000.0,0.0,32000.0
ORD000732,P0042,4,38031.0,C0218,2025-11-30 20:14:00,card,offline,0.0,Cần Thơ,retail,2024-12-06,Pin AAA 4 viên,Thiết bị văn phòng,Panasonic,vỉ,42000.0,22,lecturer_sample,2025-11,152124.0,0.0,152124.0
ORD000732,P0087,2,654158.0,C0218,2025-11-30 20:14:00,card,offline,0.0,Cần Thơ,retail,2024-12-06,Shakespeare's Sonnets,Sách,Unknown,quyển,681780.0,21,public_website,2025-11,1308316.0,0.0,1308316.0
ORD000733,P0016,30,25000.0,C0096,2025-11-13 22:52:00,transfer,shopee,0.0,Đà Nẵng,wholesale,2024-06-17,Ống mực bút máy xanh,Bút viết,Hồng Hà,hộp,25000.0,25,lecturer_sample,2025-11,750000.0,0.0,750000.0
ORD000734,P0018,2,35334.0,C0094,2025-02-27 04:10:00,card,online,0.0,Huế,office,2024-09-21,Bút chì kim 0.5 mm,Bút viết,Pentel,cây,38000.0,20,lecturer_sample,2025-02,70668.0,0.0,70668.0
ORD000734,P0019,9,22000.0,C0094,2025-02-27 04:10:00,card,online,0.0,Huế,office,2024-09-21,Ruột chì kim 0.5 mm,Bút viết,Pentel,hộp,22000.0,25,lecturer_sample,2025-02,198000.0,0.0,198000.0
ORD000735,P0053,7,165000.0,C0037,2025-07-28 16:34:00,cash,offline,10000.0,Nha Trang,wholesale,2024-02-17,USB 32 GB,Phụ kiện máy tính,SanDisk,chiếc,165000.0,15,lecturer_sample,2025-07,1155000.0,3955.6962025316457,1151044.3037974683
ORD000735,P0047,20,78000.0,C0037,2025-07-28 16:34:00,cash,offline,10000.0,Nha Trang,wholesale,2024-02-17,Máy dập ghim số 10,Thiết bị văn phòng,Max,chiếc,78000.0,15,lecturer_sample,2025-07,1560000.0,5342.75850731547,1554657.2414926845
ORD000735,P0048,18,11380.0,C0037,2025-07-28 16:34:00,cash,offline,10000.0,Nha Trang,wholesale,2024-02-17,Kim bấm số 10,Thiết bị văn phòng,Max,hộp,12000.0,35,lecturer_sample,2025-07,204840.0,701.5452901528852,204138.4547098471
ORD000736,P0042,5,42000.0,C0035,2025-11-06 04:40:00,card,offline,0.0,Biên Hòa,retail,2024-02-06,Pin AAA 4 viên,Thiết bị văn phòng,Panasonic,vỉ,42000.0,22,lecturer_sample,2025-11,210000.0,0.0,210000.0
ORD000737,P0068,1,8097080.0,C0158,2025-12-10 03:06:00,transfer,shopee,10000.0,TP. Hồ Chí Minh,retail,2024-10-05,Samsung Galaxy Tab White,Thiết bị văn phòng,Samsung,chiếc,8749750.0,18,public_api,2025-12,8097080.0,9719.12405114343,8087360.875948857
ORD000737,P0018,5,38000.0,C0158,2025-12-10 03:06:00,transfer,shopee,10000.0,TP. Hồ Chí Minh,retail,2024-10-05,Bút chì kim 0.5 mm,Bút viết,Pentel,cây,38000.0,20,lecturer_sample,2025-12,190000.0,228.0616678749934,189771.93833212502
ORD000737,P0019,2,22000.0,C0158,2025-12-10 03:06:00,transfer,shopee,10000.0,TP. Hồ Chí Minh,retail,2024-10-05,Ruột chì kim 0.5 mm,Bút viết,Pentel,hộp,22000.0,25,lecturer_sample,2025-12,44000.0,52.81428098157742,43947.185719018424
ORD000738,P0042,12,42000.0,C0187,2025-12-04 20:21:00,card,offline,0.0,Hà Nội,office,2024-02-01,Pin AAA 4 viên,Thiết bị văn phòng,Panasonic,vỉ,42000.0,22,lecturer_sample,2025-12,504000.0,0.0,504000.0
ORD000738,P0052,2,281874.0,C0187,2025-12-04 20:21:00,card,offline,0.0,Hà Nội,office,2024-02-01,Bàn phím có dây,Phụ kiện máy tính,Logitech,chiếc,290000.0,8,lecturer_sample,2025-12,563748.0,0.0,563748.0
ORD000738,P0059,12,55000.0,C0187,2025-12-04 20:21:00,card,offline,0.0,Hà Nội,office,2024-02-01,Tấm lót chuột,Phụ kiện máy tính,OEM,chiếc,55000.0,20,lecturer_sample,2025-12,660000.0,0.0,660000.0
ORD000738,P0089,5,1555237.0,C0187,2025-12-04 20:21:00,card,offline,0.0,Hà Nội,office,2024-02-01,Scott Pilgrim's Precious Little Life (Scott Pilgrim #1),Sách,Unknown,quyển,1725570.0,27,public_website,2025-12,7776185.0,0.0,7776185.0
ORD000738,P0086,12,461670.0,C0187,2025-12-04 20:21:00,card,offline,0.0,Hà Nội,office,2024-02-01,"Starving Hearts (Triangular Trade Trilogy, #1)",Sách,Unknown,quyển,461670.0,19,public_website,2025-12,5540040.0,0.0,5540040.0
ORD000739,P0050,11,420000.0,C0204,2025-05-02 18:25:00,e-wallet,online,0.0,Cần Thơ,wholesale,2023-12-11,Bảng trắng 60 x 90 cm,Thiết bị văn phòng,Bavico,chiếc,420000.0,5,lecturer_sample,2025-05,4620000.0,0.0,4620000.0
ORD000739,P0043,13,3190000.0,C0204,2025-05-02 18:25:00,e-wallet,online,0.0,Cần Thơ,wholesale,2023-12-11,Máy in laser đơn sắc,Thiết bị văn phòng,Brother,chiếc,3190000.0,3,lecturer_sample,2025-05,41470000.0,0.0,41470000.0
ORD000739,P0006,8,78637.0,C0204,2025-05-02 18:25:00,e-wallet,online,0.0,Cần Thơ,wholesale,2023-12-11,Giấy in A4 70 gsm,Vở và giấy,Double A,ram,82000.0,25,lecturer_sample,2025-05,629096.0,0.0,629096.0
ORD000740,P0030,3,12931.0,C0132,2025-06-22 21:57:00,e-wallet,shopee,0.0,Cần Thơ,retail,2024-01-02,Hồ khô 15 g,Dụng cụ học tập,Thiên Long,thỏi,14000.0,28,lecturer_sample,2025-06,38793.0,0.0,38793.0
ORD000741,P0048,3,12000.0,C0201,2025-07-07 22:41:00,cash,offline,50000.0,Huế,retail,2024-12-24,Kim bấm số 10,Thiết bị văn phòng,Max,hộp,12000.0,35,lecturer_sample,2025-07,36000.0,50000.0,-14000.0
ORD000742,P0086,2,423758.0,C0089,2025-06-07 23:27:00,transfer,offline,0.0,TP. Hồ Chí Minh,student,2024-08-14,"Starving Hearts (Triangular Trade Trilogy, #1)",Sách,Unknown,quyển,461670.0,19,public_website,2025-06,847516.0,0.0,847516.0
ORD000742,P0088,3,576180.0,C0089,2025-06-07 23:27:00,transfer,offline,0.0,TP. Hồ Chí Minh,student,2024-08-14,Set Me Free,Sách,Unknown,quyển,576180.0,24,public_website,2025-06,1728540.0,0.0,1728540.0
ORD000743,P0005,8,79000.0,C0200,2025-03-20 01:55:00,transfer,offline,0.0,Biên Hòa,wholesale,2024-03-18,Sổ tay bìa da A5,Vở và giấy,OEM,quyển,79000.0,15,lecturer_sample,2025-03,632000.0,0.0,632000.0
ORD000743,P0048,25,12000.0,C0200,2025-03-20 01:55:00,transfer,offline,0.0,Biên Hòa,wholesale,2024-03-18,Kim bấm số 10,Thiết bị văn phòng,Max,hộp,12000.0,35,lecturer_sample,2025-03,300000.0,0.0,300000.0
ORD000744,P0087,4,681780.0,C0159,2025-04-27 04:45:00,transfer,offline,0.0,Hải Phòng,student,2024-10-15,Shakespeare's Sonnets,Sách,Unknown,quyển,681780.0,21,public_website,2025-04,2727120.0,0.0,2727120.0
ORD000745,P0065,11,37499750.0,C0134,2025-08-04 23:29:00,transfer,website,20000.0,Huế,office,2024-08-28,New DELL XPS 13 9300 Laptop,Thiết bị văn phòng,Dell,chiếc,37499750.0,14,public_api,2025-08,412497250.0,19986.62704039082,412477263.3729596
ORD000745,P0027,3,92000.0,C0134,2025-08-04 23:29:00,transfer,website,20000.0,Huế,office,2024-08-28,Bộ màu sáp 24 màu,Dụng cụ học tập,Crayola,bộ,92000.0,12,lecturer_sample,2025-08,276000.0,13.372959609180102,275986.6270403908
ORD000746,P0070,4,3249750.0,C0106,2025-03-13 18:30:00,transfer,online,0.0,Đà Nẵng,retail,2024-01-20,Apple Airpods,Phụ kiện máy tính,Apple,cái,3249750.0,13,public_api,2025-03,12999000.0,0.0,12999000.0
ORD000746,P0075,2,2265643.0,C0106,2025-03-13 18:30:00,transfer,online,0.0,Đà Nẵng,retail,2024-01-20,Apple MagSafe Battery Pack,Phụ kiện máy tính,Apple,cái,2499750.0,1,public_api,2025-03,4531286.0,0.0,4531286.0
ORD000746,P0087,3,681780.0,C0106,2025-03-13 18:30:00,transfer,online,0.0,Đà Nẵng,retail,2024-01-20,Shakespeare's Sonnets,Sách,Unknown,quyển,681780.0,21,public_website,2025-03,2045340.0,0.0,2045340.0
ORD000747,P0059,8,55000.0,C0103,2025-03-06 03:47:00,card,offline,0.0,Cần Thơ,wholesale,2024-09-01,Tấm lót chuột,Phụ kiện máy tính,OEM,chiếc,55000.0,20,lecturer_sample,2025-03,440000.0,0.0,440000.0
ORD000747,P0018,21,38000.0,C0103,2025-03-06 03:47:00,card,offline,0.0,Cần Thơ,wholesale,2024-09-01,Bút chì kim 0.5 mm,Bút viết,Pentel,cây,38000.0,20,lecturer_sample,2025-03,798000.0,0.0,798000.0
ORD000747,P0019,25,22000.0,C0103,2025-03-06 03:47:00,card,offline,0.0,Cần Thơ,wholesale,2024-09-01,Ruột chì kim 0.5 mm,Bút viết,Pentel,hộp,22000.0,25,lecturer_sample,2025-03,550000.0,0.0,550000.0
ORD000748,P0048,1,12000.0,C0060,2025-12-05 23:19:00,card,website,0.0,TP. Hồ Chí Minh,retail,2024-03-22,Kim bấm số 10,Thiết bị văn phòng,Max,hộp,12000.0,35,lecturer_sample,2025-12,12000.0,0.0,12000.0
ORD000748,P0055,3,280000.0,C0060,2025-12-05 23:19:00,card,website,0.0,TP. Hồ Chí Minh,retail,2024-03-22,Thẻ nhớ microSD 64 GB,Phụ kiện máy tính,SanDisk,chiếc,280000.0,10,lecturer_sample,2025-12,840000.0,0.0,840000.0
ORD000748,P0015,4,45000.0,C0060,2025-12-05 23:19:00,card,website,0.0,TP. Hồ Chí Minh,retail,2024-03-22,Bút máy học sinh,Bút viết,Hồng Hà,cây,45000.0,20,lecturer_sample,2025-12,180000.0,0.0,180000.0
ORD000749,P0069,12,2499750.0,C0044,2025-12-31 03:55:00,card,offline,0.0,Cần Thơ,office,2024-12-01,Amazon Echo Plus,Phụ kiện máy tính,Amazon,cái,2499750.0,12,public_api,2025-12,29997000.0,0.0,29997000.0
ORD000749,P0051,8,320000.0,C0044,2025-12-31 03:55:00,card,offline,0.0,Cần Thơ,office,2024-12-01,Chuột không dây,Phụ kiện máy tính,Logitech,chiếc,320000.0,10,lecturer_sample,2025-12,2560000.0,0.0,2560000.0
ORD000749,P0009,12,18000.0,C0044,2025-12-31 03:55:00,card,offline,0.0,Cần Thơ,office,2024-12-01,Giấy note 3 x 3 inch,Vở và giấy,Deli,xấp,18000.0,30,lecturer_sample,2025-12,216000.0,0.0,216000.0
ORD000749,P0089,6,1666762.0,C0044,2025-12-31 03:55:00,card,offline,0.0,Cần Thơ,office,2024-12-01,Scott Pilgrim's Precious Little Life (Scott Pilgrim #1),Sách,Unknown,quyển,1725570.0,27,public_website,2025-12,10000572.0,0.0,10000572.0
ORD000750,P0077,12,1773420.0,C0065,2025-11-25 00:21:00,transfer,online,50000.0,Cần Thơ,wholesale,2024-03-28,Tipping the Velvet,Sách,Unknown,quyển,1773420.0,19,public_website,2025-11,21281040.0,46321.455188794236,21234718.544811204
ORD000750,P0008,26,65000.0,C0065,2025-11-25 00:21:00,transfer,online,50000.0,Cần Thơ,wholesale,2024-03-28,Giấy màu A4 100 tờ,Vở và giấy,IK Plus,xấp,65000.0,15,lecturer_sample,2025-11,1690000.0,3678.544811205762,1686321.4551887943
ORD000751,P0050,8,387020.0,C0200,2025-12-29 23:35:00,cash,online,5000.0,Biên Hòa,wholesale,2024-03-18,Bảng trắng 60 x 90 cm,Thiết bị văn phòng,Bavico,chiếc,420000.0,5,lecturer_sample,2025-12,3096160.0,326.5330228476933,3095833.4669771525
ORD000751,P0055,23,280000.0,C0200,2025-12-29 23:35:00,cash,online,5000.0,Biên Hòa,wholesale,2024-03-18,Thẻ nhớ microSD 64 GB,Phụ kiện máy tính,SanDisk,chiếc,280000.0,10,lecturer_sample,2025-12,6440000.0,679.1873375856367,6439320.812662414
ORD000751,P0079,24,1578060.0,C0200,2025-12-29 23:35:00,cash,online,5000.0,Biên Hòa,wholesale,2024-03-18,Sharp Objects,Sách,Unknown,quyển,1578060.0,24,public_website,2025-12,37873440.0,3994.27963956667,37869445.720360436
ORD000752,P0078,1,1653300.0,C0101,2025-01-21 21:41:00,e-wallet,shopee,0.0,TP. Hồ Chí Minh,student,2024-05-24,Soumission,Sách,Unknown,quyển,1653300.0,22,public_website,2025-01,1653300.0,0.0,1653300.0
ORD000752,P0046,2,890000.0,C0101,2025-01-21 21:41:00,e-wallet,shopee,0.0,TP. Hồ Chí Minh,student,2024-05-24,Máy ép plastic A4,Thiết bị văn phòng,Deli,chiếc,890000.0,4,lecturer_sample,2025-01,1780000.0,0.0,1780000.0
ORD000752,P0086,3,461670.0,C0101,2025-01-21 21:41:00,e-wallet,shopee,0.0,TP. Hồ Chí Minh,student,2024-05-24,"Starving Hearts (Triangular Trade Trilogy, #1)",Sách,Unknown,quyển,461670.0,19,public_website,2025-01,1385010.0,0.0,1385010.0
ORD000753,P0023,3,38407.0,C0106,2025-01-16 03:29:00,cash,offline,0.0,Đà Nẵng,retail,2024-01-20,Compa học sinh,Dụng cụ học tập,Maped,chiếc,42000.0,15,lecturer_sample,2025-01,115221.0,0.0,115221.0
ORD000753,P0076,5,1621717.0,C0106,2025-01-16 03:29:00,cash,offline,0.0,Đà Nẵng,retail,2024-01-20,A Light in the Attic,Sách,Unknown,quyển,1708410.0,16,public_website,2025-01,8108585.0,0.0,8108585.0
ORD000753,P0089,3,1670004.0,C0106,2025-01-16 03:29:00,cash,offline,0.0,Đà Nẵng,retail,2024-01-20,Scott Pilgrim's Precious Little Life (Scott Pilgrim #1),Sách,Unknown,quyển,1725570.0,27,public_website,2025-01,5010012.0,0.0,5010012.0
ORD000753,P0088,2,562984.0,C0106,2025-01-16 03:29:00,cash,offline,0.0,Đà Nẵng,retail,2024-01-20,Set Me Free,Sách,Unknown,quyển,576180.0,24,public_website,2025-01,1125968.0,0.0,1125968.0
ORD000753,P0084,3,745800.0,C0106,2025-01-16 03:29:00,cash,offline,0.0,Đà Nẵng,retail,2024-01-20,The Boys in the Boat: Nine Americans and Their Epic Quest for Gold at the 1936 Berlin Olympics,Sách,Unknown,quyển,745800.0,13,public_website,2025-01,2237400.0,0.0,2237400.0
ORD000754,P0084,29,745800.0,C0138,2025-04-27 21:53:00,e-wallet,online,0.0,Nha Trang,wholesale,2024-05-06,The Boys in the Boat: Nine Americans and Their Epic Quest for Gold at the 1936 Berlin Olympics,Sách,Unknown,quyển,745800.0,13,public_website,2025-04,21628200.0,0.0,21628200.0
ORD000754,P0008,13,61340.0,C0138,2025-04-27 21:53:00,e-wallet,online,0.0,Nha Trang,wholesale,2024-05-06,Giấy màu A4 100 tờ,Vở và giấy,IK Plus,xấp,65000.0,15,lecturer_sample,2025-04,797420.0,0.0,797420.0
ORD000755,P0016,27,25000.0,C0087,2025-08-13 21:48:00,card,website,10000.0,Hà Nội,wholesale,2023-12-27,Ống mực bút máy xanh,Bút viết,Hồng Hà,hộp,25000.0,25,lecturer_sample,2025-08,675000.0,10000.0,665000.0
ORD000756,P0061,2,47397488.0,C0076,2025-10-15 00:11:00,e-wallet,website,0.0,Biên Hòa,student,2024-01-05,Apple MacBook Pro 14 Inch Space Grey,Thiết bị văn phòng,Apple,chiếc,49999750.0,5,public_api,2025-10,94794976.0,0.0,94794976.0
ORD000756,P0018,4,38000.0,C0076,2025-10-15 00:11:00,e-wallet,website,0.0,Biên Hòa,student,2024-01-05,Bút chì kim 0.5 mm,Bút viết,Pentel,cây,38000.0,20,lecturer_sample,2025-10,152000.0,0.0,152000.0
ORD000756,P0019,4,22000.0,C0076,2025-10-15 00:11:00,e-wallet,website,0.0,Biên Hòa,student,2024-01-05,Ruột chì kim 0.5 mm,Bút viết,Pentel,hộp,22000.0,25,lecturer_sample,2025-10,88000.0,0.0,88000.0
ORD000757,P0029,2,25000.0,C0189,2025-06-01 01:36:00,transfer,offline,0.0,Đà Nẵng,student,2024-07-04,Kéo học sinh 13 cm,Dụng cụ học tập,Deli,chiếc,25000.0,18,lecturer_sample,2025-06,50000.0,0.0,50000.0
ORD000757,P0020,2,85000.0,C0189,2025-06-01 01:36:00,transfer,offline,0.0,Đà Nẵng,student,2024-07-04,Bút dạ quang 5 màu,Bút viết,Stabilo,bộ,85000.0,15,lecturer_sample,2025-06,170000.0,0.0,170000.0
ORD000757,P0076,3,1708410.0,C0189,2025-06-01 01:36:00,transfer,offline,0.0,Đà Nẵng,student,2024-07-04,A Light in the Attic,Sách,Unknown,quyển,1708410.0,16,public_website,2025-06,5125230.0,0.0,5125230.0
ORD000757,P0089,1,1628066.0,C0189,2025-06-01 01:36:00,transfer,offline,0.0,Đà Nẵng,student,2024-07-04,Scott Pilgrim's Precious Little Life (Scott Pilgrim #1),Sách,Unknown,quyển,1725570.0,27,public_website,2025-06,1628066.0,0.0,1628066.0
ORD000757,P0015,4,45000.0,C0189,2025-06-01 01:36:00,transfer,offline,0.0,Đà Nẵng,student,2024-07-04,Bút máy học sinh,Bút viết,Hồng Hà,cây,45000.0,20,lecturer_sample,2025-06,180000.0,0.0,180000.0
ORD000757,P0003,5,12842.0,C0189,2025-06-01 01:36:00,transfer,offline,0.0,Đà Nẵng,student,2024-07-04,Vở ô ly 96 trang,Vở và giấy,Hồng Hà,quyển,14000.0,35,lecturer_sample,2025-06,64210.0,0.0,64210.0
ORD000757,P0017,2,8571.0,C0189,2025-06-01 01:36:00,transfer,offline,0.0,Đà Nẵng,student,2024-07-04,Bút chì 2B,Bút viết,Staedtler,cây,9000.0,45,lecturer_sample,2025-06,17142.0,0.0,17142.0
ORD000758,P0074,2,499750.0,C0161,2025-10-22 22:47:00,card,website,0.0,Hà Nội,student,2024-02-11,Apple iPhone Charger,Phụ kiện máy tính,Apple,cái,499750.0,6,public_api,2025-10,999500.0,0.0,999500.0
ORD000758,P0033,3,69000.0,C0161,2025-10-22 22:47:00,card,website,0.0,Hà Nội,student,2024-02-11,Bìa còng 5 cm,Hồ sơ và lưu trữ,King Jim,chiếc,69000.0,18,lecturer_sample,2025-10,207000.0,0.0,207000.0
ORD000759,P0062,1,42946332.0,C0178,2025-03-10 21:55:00,e-wallet,online,0.0,Hà Nội,retail,2024-06-27,Asus Zenbook Pro Dual Screen Laptop,Thiết bị văn phòng,Asus,chiếc,44999750.0,9,public_api,2025-03,42946332.0,0.0,42946332.0
ORD000759,P0052,3,277834.0,C0178,2025-03-10 21:55:00,e-wallet,online,0.0,Hà Nội,retail,2024-06-27,Bàn phím có dây,Phụ kiện máy tính,Logitech,chiếc,290000.0,8,lecturer_sample,2025-03,833502.0,0.0,833502.0
ORD000759,P0059,5,50609.0,C0178,2025-03-10 21:55:00,e-wallet,online,0.0,Hà Nội,retail,2024-06-27,Tấm lót chuột,Phụ kiện máy tính,OEM,chiếc,55000.0,20,lecturer_sample,2025-03,253045.0,0.0,253045.0
ORD000759,P0085,3,1720950.0,C0178,2025-03-10 21:55:00,e-wallet,online,0.0,Hà Nội,retail,2024-06-27,The Black Maria,Sách,Unknown,quyển,1720950.0,16,public_website,2025-03,5162850.0,0.0,5162850.0
ORD000760,P0039,4,25573.0,C0014,2025-08-25 01:28:00,cash,website,50000.0,Biên Hòa,retail,2024-12-05,Kẹp bướm 25 mm,Hồ sơ và lưu trữ,Deli,hộp,28000.0,25,lecturer_sample,2025-08,102292.0,2381.506701334307,99910.4932986657
ORD000760,P0087,3,681780.0,C0014,2025-08-25 01:28:00,cash,website,50000.0,Biên Hòa,retail,2024-12-05,Shakespeare's Sonnets,Sách,Unknown,quyển,681780.0,21,public_website,2025-08,2045340.0,47618.49329866569,1997721.5067013344
ORD000761,P0066,14,12499750.0,C0185,2025-05-23 01:16:00,transfer,shopee,0.0,Huế,wholesale,2024-06-14,iPad Mini 2021 Starlight,Thiết bị văn phòng,Apple,chiếc,12499750.0,9,public_api,2025-05,174996500.0,0.0,174996500.0
ORD000761,P0063,26,34999750.0,C0185,2025-05-23 01:16:00,transfer,shopee,0.0,Huế,wholesale,2024-06-14,Huawei Matebook X Pro,Thiết bị văn phòng,Huawei,chiếc,34999750.0,15,public_api,2025-05,909993500.0,0.0,909993500.0
ORD000761,P0045,12,1850000.0,C0185,2025-05-23 01:16:00,transfer,shopee,0.0,Huế,wholesale,2024-06-14,Máy hủy tài liệu,Thiết bị văn phòng,Silicon,chiếc,1850000.0,3,lecturer_sample,2025-05,22200000.0,0.0,22200000.0
ORD000761,P0087,21,622452.0,C0185,2025-05-23 01:16:00,transfer,shopee,0.0,Huế,wholesale,2024-06-14,Shakespeare's Sonnets,Sách,Unknown,quyển,681780.0,21,public_website,2025-05,13071492.0,0.0,13071492.0
ORD000762,P0088,2,558685.0,C0139,2025-12-16 01:20:00,transfer,shopee,50000.0,TP. Hồ Chí Minh,retail,2024-08-15,Set Me Free,Sách,Unknown,quyển,576180.0,24,public_website,2025-12,1117370.0,2226.7714538170867,1115143.2285461829
ORD000762,P0084,2,673199.0,C0139,2025-12-16 01:20:00,transfer,shopee,50000.0,TP. Hồ Chí Minh,retail,2024-08-15,The Boys in the Boat: Nine Americans and Their Epic Quest for Gold at the 1936 Berlin Olympics,Sách,Unknown,quyển,745800.0,13,public_website,2025-12,1346398.0,2683.1941361200115,1343714.80586388
ORD000762,P0069,4,2324420.0,C0139,2025-12-16 01:20:00,transfer,shopee,50000.0,TP. Hồ Chí Minh,retail,2024-08-15,Amazon Echo Plus,Phụ kiện máy tính,Amazon,cái,2499750.0,12,public_api,2025-12,9297680.0,18529.05341178486,9279150.946588214
ORD000762,P0071,1,13085091.0,C0139,2025-12-16 01:20:00,transfer,shopee,50000.0,TP. Hồ Chí Minh,retail,2024-08-15,Apple AirPods Max Silver,Phụ kiện máy tính,Apple,cái,13749750.0,11,public_api,2025-12,13085091.0,26076.865415573066,13059014.134584427
ORD000762,P0008,4,60731.0,C0139,2025-12-16 01:20:00,transfer,shopee,50000.0,TP. Hồ Chí Minh,retail,2024-08-15,Giấy màu A4 100 tờ,Vở và giấy,IK Plus,xấp,65000.0,15,lecturer_sample,2025-12,242924.0,484.1155827049786,242439.88441729502
ORD000763,P0032,6,12000.0,C0122,2025-03-12 21:11:00,e-wallet,offline,0.0,Đà Nẵng,office,2024-12-15,Bìa nút A4,Hồ sơ và lưu trữ,Deli,chiếc,12000.0,35,lecturer_sample,2025-03,72000.0,0.0,72000.0
ORD000764,P0040,1,16296.0,C0059,2025-06-30 02:40:00,cash,website,20000.0,Biên Hòa,retail,2024-08-18,Kẹp giấy 33 mm,Hồ sơ và lưu trữ,Plus,hộp,18000.0,30,lecturer_sample,2025-06,16296.0,20000.0,-3704.0
ORD000765,P0047,11,70881.0,C0096,2025-02-18 18:00:00,e-wallet,offline,0.0,Đà Nẵng,wholesale,2024-06-17,Máy dập ghim số 10,Thiết bị văn phòng,Max,chiếc,78000.0,15,lecturer_sample,2025-02,779691.0,0.0,779691.0
ORD000765,P0048,26,11448.0,C0096,2025-02-18 18:00:00,e-wallet,offline,0.0,Đà Nẵng,wholesale,2024-06-17,Kim bấm số 10,Thiết bị văn phòng,Max,hộp,12000.0,35,lecturer_sample,2025-02,297648.0,0.0,297648.0
ORD000765,P0035,23,16000.0,C0096,2025-02-18 18:00:00,e-wallet,offline,0.0,Đà Nẵng,wholesale,2024-06-17,Túi hồ sơ dây buộc,Hồ sơ và lưu trữ,Hồng Hà,chiếc,16000.0,25,lecturer_sample,2025-02,368000.0,0.0,368000.0
ORD000765,P0003,19,13708.0,C0096,2025-02-18 18:00:00,e-wallet,offline,0.0,Đà Nẵng,wholesale,2024-06-17,Vở ô ly 96 trang,Vở và giấy,Hồng Hà,quyển,14000.0,35,lecturer_sample,2025-02,260452.0,0.0,260452.0
ORD000765,P0049,10,125000.0,C0096,2025-02-18 18:00:00,e-wallet,offline,0.0,Đà Nẵng,wholesale,2024-06-17,Máy đục lỗ 2 lỗ,Thiết bị văn phòng,Deli,chiếc,125000.0,10,lecturer_sample,2025-02,1250000.0,0.0,1250000.0
ORD000765,P0078,19,1653300.0,C0096,2025-02-18 18:00:00,e-wallet,offline,0.0,Đà Nẵng,wholesale,2024-06-17,Soumission,Sách,Unknown,quyển,1653300.0,22,public_website,2025-02,31412700.0,0.0,31412700.0
ORD000766,P0028,5,78000.0,C0010,2025-10-04 04:07:00,cash,online,0.0,Cần Thơ,retail,2024-05-20,Bộ màu nước 12 màu,Dụng cụ học tập,Pentel,bộ,78000.0,12,lecturer_sample,2025-10,390000.0,0.0,390000.0
ORD000766,P0026,5,63986.0,C0010,2025-10-04 04:07:00,cash,online,0.0,Cần Thơ,retail,2024-05-20,Hộp bút vải,Dụng cụ học tập,OEM,chiếc,65000.0,15,lecturer_sample,2025-10,319930.0,0.0,319930.0
ORD000766,P0032,5,11647.0,C0010,2025-10-04 04:07:00,cash,online,0.0,Cần Thơ,retail,2024-05-20,Bìa nút A4,Hồ sơ và lưu trữ,Deli,chiếc,12000.0,35,lecturer_sample,2025-10,58235.0,0.0,58235.0
ORD000766,P0006,1,82000.0,C0010,2025-10-04 04:07:00,cash,online,0.0,Cần Thơ,retail,2024-05-20,Giấy in A4 70 gsm,Vở và giấy,Double A,ram,82000.0,25,lecturer_sample,2025-10,82000.0,0.0,82000.0
ORD000767,P0088,4,565734.0,C0017,2025-06-23 19:23:00,cash,offline,0.0,TP. Hồ Chí Minh,retail,2024-11-22,Set Me Free,Sách,Unknown,quyển,576180.0,24,public_website,2025-06,2262936.0,0.0,2262936.0
ORD000767,P0084,5,745800.0,C0017,2025-06-23 19:23:00,cash,offline,0.0,TP. Hồ Chí Minh,retail,2024-11-22,The Boys in the Boat: Nine Americans and Their Epic Quest for Gold at the 1936 Berlin Olympics,Sách,Unknown,quyển,745800.0,13,public_website,2025-06,3729000.0,0.0,3729000.0
ORD000768,P0047,4,78000.0,C0134,2025-02-17 02:41:00,transfer,offline,0.0,Huế,office,2024-08-28,Máy dập ghim số 10,Thiết bị văn phòng,Max,chiếc,78000.0,15,lecturer_sample,2025-02,312000.0,0.0,312000.0
ORD000768,P0048,5,12000.0,C0134,2025-02-17 02:41:00,transfer,offline,0.0,Huế,office,2024-08-28,Kim bấm số 10,Thiết bị văn phòng,Max,hộp,12000.0,35,lecturer_sample,2025-02,60000.0,0.0,60000.0
ORD000769,P0044,3,920000.0,C0161,2025-08-07 22:27:00,e-wallet,online,0.0,Hà Nội,student,2024-02-11,Mực in laser đen,Thiết bị văn phòng,Brother,hộp,920000.0,5,lecturer_sample,2025-08,2760000.0,0.0,2760000.0
ORD000770,P0047,1,78000.0,C0202,2025-05-29 04:43:00,transfer,online,0.0,TP. Hồ Chí Minh,student,2024-10-03,Máy dập ghim số 10,Thiết bị văn phòng,Max,chiếc,78000.0,15,lecturer_sample,2025-05,78000.0,0.0,78000.0
ORD000770,P0048,1,11216.0,C0202,2025-05-29 04:43:00,transfer,online,0.0,TP. Hồ Chí Minh,student,2024-10-03,Kim bấm số 10,Thiết bị văn phòng,Max,hộp,12000.0,35,lecturer_sample,2025-05,11216.0,0.0,11216.0
ORD000770,P0087,3,616819.0,C0202,2025-05-29 04:43:00,transfer,online,0.0,TP. Hồ Chí Minh,student,2024-10-03,Shakespeare's Sonnets,Sách,Unknown,quyển,681780.0,21,public_website,2025-05,1850457.0,0.0,1850457.0
ORD000770,P0028,4,73878.0,C0202,2025-05-29 04:43:00,transfer,online,0.0,TP. Hồ Chí Minh,student,2024-10-03,Bộ màu nước 12 màu,Dụng cụ học tập,Pentel,bộ,78000.0,12,lecturer_sample,2025-05,295512.0,0.0,295512.0
ORD000771,P0084,2,745800.0,C0046,2025-09-18 21:43:00,card,offline,0.0,Cần Thơ,student,2024-01-21,The Boys in the Boat: Nine Americans and Their Epic Quest for Gold at the 1936 Berlin Olympics,Sách,Unknown,quyển,745800.0,13,public_website,2025-09,1491600.0,0.0,1491600.0
ORD000771,P0009,5,18000.0,C0046,2025-09-18 21:43:00,card,offline,0.0,Cần Thơ,student,2024-01-21,Giấy note 3 x 3 inch,Vở và giấy,Deli,xấp,18000.0,30,lecturer_sample,2025-09,90000.0,0.0,90000.0
ORD000771,P0087,1,681780.0,C0046,2025-09-18 21:43:00,card,offline,0.0,Cần Thơ,student,2024-01-21,Shakespeare's Sonnets,Sách,Unknown,quyển,681780.0,21,public_website,2025-09,681780.0,0.0,681780.0
ORD000772,P0002,2,18000.0,C0098,2025-04-17 03:07:00,e-wallet,offline,0.0,TP. Hồ Chí Minh,retail,2024-12-16,Vở kẻ ngang 120 trang,Vở và giấy,Campus,quyển,18000.0,30,lecturer_sample,2025-04,36000.0,0.0,36000.0
ORD000772,P0011,5,5000.0,C0098,2025-04-17 03:07:00,e-wallet,offline,0.0,TP. Hồ Chí Minh,retail,2024-12-16,Bút bi xanh 0.5 mm,Bút viết,Thiên Long,cây,5000.0,70,lecturer_sample,2025-04,25000.0,0.0,25000.0
ORD000772,P0076,4,1708410.0,C0098,2025-04-17 03:07:00,e-wallet,offline,0.0,TP. Hồ Chí Minh,retail,2024-12-16,A Light in the Attic,Sách,Unknown,quyển,1708410.0,16,public_website,2025-04,6833640.0,0.0,6833640.0
ORD000772,P0089,3,1725570.0,C0098,2025-04-17 03:07:00,e-wallet,offline,0.0,TP. Hồ Chí Minh,retail,2024-12-16,Scott Pilgrim's Precious Little Life (Scott Pilgrim #1),Sách,Unknown,quyển,1725570.0,27,public_website,2025-04,5176710.0,0.0,5176710.0
ORD000773,P0076,4,1708410.0,C0168,2025-05-20 22:44:00,transfer,shopee,0.0,Biên Hòa,student,2024-09-03,A Light in the Attic,Sách,Unknown,quyển,1708410.0,16,public_website,2025-05,6833640.0,0.0,6833640.0
ORD000773,P0089,1,1725570.0,C0168,2025-05-20 22:44:00,transfer,shopee,0.0,Biên Hòa,student,2024-09-03,Scott Pilgrim's Precious Little Life (Scott Pilgrim #1),Sách,Unknown,quyển,1725570.0,27,public_website,2025-05,1725570.0,0.0,1725570.0
ORD000774,P0058,4,350000.0,C0102,2025-01-23 03:49:00,cash,offline,0.0,Cần Thơ,retail,2024-06-04,Bộ chia USB 4 cổng,Phụ kiện máy tính,Ugreen,chiếc,350000.0,8,lecturer_sample,2025-01,1400000.0,0.0,1400000.0
ORD000774,P0020,5,85000.0,C0102,2025-01-23 03:49:00,cash,offline,0.0,Cần Thơ,retail,2024-06-04,Bút dạ quang 5 màu,Bút viết,Stabilo,bộ,85000.0,15,lecturer_sample,2025-01,425000.0,0.0,425000.0
ORD000775,P0036,2,175737.0,C0190,2025-05-13 02:45:00,e-wallet,shopee,5000.0,Hà Nội,retail,2024-02-29,Khay tài liệu 3 tầng,Hồ sơ và lưu trữ,Deli,bộ,185000.0,8,lecturer_sample,2025-05,351474.0,1561.1505486861824,349912.84945131384
ORD000775,P0048,4,12000.0,C0190,2025-05-13 02:45:00,e-wallet,shopee,5000.0,Hà Nội,retail,2024-02-29,Kim bấm số 10,Thiết bị văn phòng,Max,hộp,12000.0,35,lecturer_sample,2025-05,48000.0,213.20275848835692,47786.797241511646
ORD000775,P0026,5,61243.0,C0190,2025-05-13 02:45:00,e-wallet,shopee,5000.0,Hà Nội,retail,2024-02-29,Hộp bút vải,Dụng cụ học tập,OEM,chiếc,65000.0,15,lecturer_sample,2025-05,306215.0,1360.1225560523378,304854.87744394765
ORD000775,P0050,1,420000.0,C0190,2025-05-13 02:45:00,e-wallet,shopee,5000.0,Hà Nội,retail,2024-02-29,Bảng trắng 60 x 90 cm,Thiết bị văn phòng,Bavico,chiếc,420000.0,5,lecturer_sample,2025-05,420000.0,1865.5241367731228,418134.47586322686
ORD000776,P0075,1,2499750.0,C0010,2025-07-18 18:05:00,transfer,offline,0.0,Cần Thơ,retail,2024-05-20,Apple MagSafe Battery Pack,Phụ kiện máy tính,Apple,cái,2499750.0,1,public_api,2025-07,2499750.0,0.0,2499750.0
ORD000776,P0022,5,16506.0,C0010,2025-07-18 18:05:00,transfer,offline,0.0,Cần Thơ,retail,2024-05-20,Thước ê ke 2 chiếc,Dụng cụ học tập,Deli,bộ,18000.0,20,lecturer_sample,2025-07,82530.0,0.0,82530.0
ORD000776,P0055,2,253103.0,C0010,2025-07-18 18:05:00,transfer,offline,0.0,Cần Thơ,retail,2024-05-20,Thẻ nhớ microSD 64 GB,Phụ kiện máy tính,SanDisk,chiếc,280000.0,10,lecturer_sample,2025-07,506206.0,0.0,506206.0
ORD000777,P0085,28,1720950.0,C0004,2025-03-20 21:55:00,transfer,offline,10000.0,TP. Hồ Chí Minh,wholesale,2024-09-02,The Black Maria,Sách,Unknown,quyển,1720950.0,16,public_website,2025-03,48186600.0,8640.608525380329,48177959.39147462
ORD000777,P0032,19,12000.0,C0004,2025-03-20 21:55:00,transfer,offline,10000.0,TP. Hồ Chí Minh,wholesale,2024-09-02,Bìa nút A4,Hồ sơ và lưu trữ,Deli,chiếc,12000.0,35,lecturer_sample,2025-03,228000.0,40.8839541238999,227959.1160458761
ORD000777,P0006,12,82000.0,C0004,2025-03-20 21:55:00,transfer,offline,10000.0,TP. Hồ Chí Minh,wholesale,2024-09-02,Giấy in A4 70 gsm,Vở và giấy,Double A,ram,82000.0,25,lecturer_sample,2025-03,984000.0,176.44653885051534,983823.5534611495
ORD000777,P0058,14,350000.0,C0004,2025-03-20 21:55:00,transfer,offline,10000.0,TP. Hồ Chí Minh,wholesale,2024-09-02,Bộ chia USB 4 cổng,Phụ kiện máy tính,Ugreen,chiếc,350000.0,8,lecturer_sample,2025-03,4900000.0,878.6463824873224,4899121.353617513
ORD000777,P0035,9,16000.0,C0004,2025-03-20 21:55:00,transfer,offline,10000.0,TP. Hồ Chí Minh,wholesale,2024-09-02,Túi hồ sơ dây buộc,Hồ sơ và lưu trữ,Hồng Hà,chiếc,16000.0,25,lecturer_sample,2025-03,144000.0,25.821444709831514,143974.17855529016
ORD000777,P0015,15,45000.0,C0004,2025-03-20 21:55:00,transfer,offline,10000.0,TP. Hồ Chí Minh,wholesale,2024-09-02,Bút máy học sinh,Bút viết,Hồng Hà,cây,45000.0,20,lecturer_sample,2025-03,675000.0,121.03802207733523,674878.9619779227
ORD000777,P0016,26,25000.0,C0004,2025-03-20 21:55:00,transfer,offline,10000.0,TP. Hồ Chí Minh,wholesale,2024-09-02,Ống mực bút máy xanh,Bút viết,Hồng Hà,hộp,25000.0,25,lecturer_sample,2025-03,650000.0,116.55513237076725,649883.4448676292
ORD000778,P0065,5,37499750.0,C0133,2025-10-01 16:39:00,transfer,offline,0.0,Nha Trang,wholesale,2024-08-14,New DELL XPS 13 9300 Laptop,Thiết bị văn phòng,Dell,chiếc,37499750.0,14,public_api,2025-10,187498750.0,0.0,187498750.0
ORD000778,P0029,17,22769.0,C0133,2025-10-01 16:39:00,transfer,offline,0.0,Nha Trang,wholesale,2024-08-14,Kéo học sinh 13 cm,Dụng cụ học tập,Deli,chiếc,25000.0,18,lecturer_sample,2025-10,387073.0,0.0,387073.0
ORD000778,P0005,12,71350.0,C0133,2025-10-01 16:39:00,transfer,offline,0.0,Nha Trang,wholesale,2024-08-14,Sổ tay bìa da A5,Vở và giấy,OEM,quyển,79000.0,15,lecturer_sample,2025-10,856200.0,0.0,856200.0
ORD000779,P0042,2,42000.0,C0140,2025-02-07 16:41:00,e-wallet,offline,0.0,Hải Phòng,retail,2024-09-18,Pin AAA 4 viên,Thiết bị văn phòng,Panasonic,vỉ,42000.0,22,lecturer_sample,2025-02,84000.0,0.0,84000.0
ORD000779,P0050,5,420000.0,C0140,2025-02-07 16:41:00,e-wallet,offline,0.0,Hải Phòng,retail,2024-09-18,Bảng trắng 60 x 90 cm,Thiết bị văn phòng,Bavico,chiếc,420000.0,5,lecturer_sample,2025-02,2100000.0,0.0,2100000.0
ORD000779,P0035,4,16000.0,C0140,2025-02-07 16:41:00,e-wallet,offline,0.0,Hải Phòng,retail,2024-09-18,Túi hồ sơ dây buộc,Hồ sơ và lưu trữ,Hồng Hà,chiếc,16000.0,25,lecturer_sample,2025-02,64000.0,0.0,64000.0
ORD000780,P0014,16,11266.0,C0040,2025-08-22 00:56:00,card,website,50000.0,TP. Hồ Chí Minh,wholesale,2023-12-03,Bút gel xanh 0.5 mm,Bút viết,Deli,cây,12000.0,40,lecturer_sample,2025-08,180256.0,3337.75760520484,176918.24239479515
ORD000780,P0056,14,180000.0,C0040,2025-08-22 00:56:00,card,website,50000.0,TP. Hồ Chí Minh,wholesale,2023-12-03,Cáp HDMI 2 m,Phụ kiện máy tính,Ugreen,sợi,180000.0,12,lecturer_sample,2025-08,2520000.0,46662.24239479516,2473337.757605205
ORD000781,P0020,4,85000.0,C0118,2025-07-31 03:56:00,card,offline,0.0,Cần Thơ,retail,2023-12-19,Bút dạ quang 5 màu,Bút viết,Stabilo,bộ,85000.0,15,lecturer_sample,2025-07,340000.0,0.0,340000.0
ORD000781,P0036,4,185000.0,C0118,2025-07-31 03:56:00,card,offline,0.0,Cần Thơ,retail,2023-12-19,Khay tài liệu 3 tầng,Hồ sơ và lưu trữ,Deli,bộ,185000.0,8,lecturer_sample,2025-07,740000.0,0.0,740000.0
ORD000782,P0029,2,25000.0,C0116,2025-08-16 22:29:00,transfer,offline,0.0,Đà Nẵng,retail,2024-11-15,Kéo học sinh 13 cm,Dụng cụ học tập,Deli,chiếc,25000.0,18,lecturer_sample,2025-08,50000.0,0.0,50000.0
ORD000782,P0036,5,185000.0,C0116,2025-08-16 22:29:00,transfer,offline,0.0,Đà Nẵng,retail,2024-11-15,Khay tài liệu 3 tầng,Hồ sơ và lưu trữ,Deli,bộ,185000.0,8,lecturer_sample,2025-08,925000.0,0.0,925000.0
ORD000783,P0058,5,350000.0,C0119,2025-10-09 04:50:00,e-wallet,offline,5000.0,Huế,retail,2023-12-18,Bộ chia USB 4 cổng,Phụ kiện máy tính,Ugreen,chiếc,350000.0,8,lecturer_sample,2025-10,1750000.0,4877.369007803791,1745122.6309921963
ORD000783,P0019,2,22000.0,C0119,2025-10-09 04:50:00,e-wallet,offline,5000.0,Huế,retail,2023-12-18,Ruột chì kim 0.5 mm,Bút viết,Pentel,hộp,22000.0,25,lecturer_sample,2025-10,44000.0,122.63099219620958,43877.36900780379
ORD000784,P0038,2,35000.0,C0142,2025-03-23 02:24:00,e-wallet,online,10000.0,Hải Phòng,retail,2024-08-29,Nhãn dán phân loại,Hồ sơ và lưu trữ,Avery,xấp,35000.0,18,lecturer_sample,2025-03,70000.0,268.7402149768154,69731.25978502318
ORD000784,P0087,3,681780.0,C0142,2025-03-23 02:24:00,e-wallet,online,10000.0,Hải Phòng,retail,2024-08-29,Shakespeare's Sonnets,Sách,Unknown,quyển,681780.0,21,public_website,2025-03,2045340.0,7852.358732866852,2037487.6412671332
ORD000784,P0003,2,13213.0,C0142,2025-03-23 02:24:00,e-wallet,online,10000.0,Hải Phòng,retail,2024-08-29,Vở ô ly 96 trang,Vở và giấy,Hồng Hà,quyển,14000.0,35,lecturer_sample,2025-03,26426.0,101.45327029967606,26324.546729700323
ORD000784,P0017,5,8596.0,C0142,2025-03-23 02:24:00,e-wallet,online,10000.0,Hải Phòng,retail,2024-08-29,Bút chì 2B,Bút viết,Staedtler,cây,9000.0,45,lecturer_sample,2025-03,42980.0,165.00649199576466,42814.993508004234
ORD000784,P0050,1,420000.0,C0142,2025-03-23 02:24:00,e-wallet,online,10000.0,Hải Phòng,retail,2024-08-29,Bảng trắng 60 x 90 cm,Thiết bị văn phòng,Bavico,chiếc,420000.0,5,lecturer_sample,2025-03,420000.0,1612.4412898608925,418387.5587101391
ORD000785,P0078,3,1653300.0,C0202,2025-02-03 17:01:00,card,website,0.0,TP. Hồ Chí Minh,student,2024-10-03,Soumission,Sách,Unknown,quyển,1653300.0,22,public_website,2025-02,4959900.0,0.0,4959900.0
ORD000785,P0079,2,1463936.0,C0202,2025-02-03 17:01:00,card,website,0.0,TP. Hồ Chí Minh,student,2024-10-03,Sharp Objects,Sách,Unknown,quyển,1578060.0,24,public_website,2025-02,2927872.0,0.0,2927872.0
ORD000786,P0084,1,681947.0,C0017,2025-07-06 01:58:00,transfer,offline,0.0,TP. Hồ Chí Minh,retail,2024-11-22,The Boys in the Boat: Nine Americans and Their Epic Quest for Gold at the 1936 Berlin Olympics,Sách,Unknown,quyển,745800.0,13,public_website,2025-07,681947.0,0.0,681947.0
ORD000786,P0039,2,28000.0,C0017,2025-07-06 01:58:00,transfer,offline,0.0,TP. Hồ Chí Minh,retail,2024-11-22,Kẹp bướm 25 mm,Hồ sơ và lưu trữ,Deli,hộp,28000.0,25,lecturer_sample,2025-07,56000.0,0.0,56000.0
ORD000787,P0049,2,119969.0,C0031,2025-10-01 01:26:00,card,shopee,0.0,Biên Hòa,retail,2024-10-22,Máy đục lỗ 2 lỗ,Thiết bị văn phòng,Deli,chiếc,125000.0,10,lecturer_sample,2025-10,239938.0,0.0,239938.0
ORD000788,P0079,16,1503323.0,C0038,2025-08-16 17:48:00,cash,online,0.0,Nha Trang,wholesale,2024-06-12,Sharp Objects,Sách,Unknown,quyển,1578060.0,24,public_website,2025-08,24053168.0,0.0,24053168.0
ORD000788,P0089,10,1725570.0,C0038,2025-08-16 17:48:00,cash,online,0.0,Nha Trang,wholesale,2024-06-12,Scott Pilgrim's Precious Little Life (Scott Pilgrim #1),Sách,Unknown,quyển,1725570.0,27,public_website,2025-08,17255700.0,0.0,17255700.0
ORD000789,P0030,14,14000.0,C0006,2025-09-10 02:36:00,transfer,offline,0.0,Hà Nội,wholesale,2024-03-26,Hồ khô 15 g,Dụng cụ học tập,Thiên Long,thỏi,14000.0,28,lecturer_sample,2025-09,196000.0,0.0,196000.0
ORD000789,P0008,9,65000.0,C0006,2025-09-10 02:36:00,transfer,offline,0.0,Hà Nội,wholesale,2024-03-26,Giấy màu A4 100 tờ,Vở và giấy,IK Plus,xấp,65000.0,15,lecturer_sample,2025-09,585000.0,0.0,585000.0
ORD000790,P0063,5,34999750.0,C0203,2025-12-09 19:40:00,e-wallet,offline,0.0,Cần Thơ,retail,2024-02-19,Huawei Matebook X Pro,Thiết bị văn phòng,Huawei,chiếc,34999750.0,15,public_api,2025-12,174998750.0,0.0,174998750.0
ORD000790,P0008,2,65000.0,C0203,2025-12-09 19:40:00,e-wallet,offline,0.0,Cần Thơ,retail,2024-02-19,Giấy màu A4 100 tờ,Vở và giấy,IK Plus,xấp,65000.0,15,lecturer_sample,2025-12,130000.0,0.0,130000.0
ORD000791,P0084,28,715299.0,C0065,2025-04-10 00:17:00,card,offline,0.0,Cần Thơ,wholesale,2024-03-28,The Boys in the Boat: Nine Americans and Their Epic Quest for Gold at the 1936 Berlin Olympics,Sách,Unknown,quyển,745800.0,13,public_website,2025-04,20028372.0,0.0,20028372.0
ORD000791,P0003,26,14000.0,C0065,2025-04-10 00:17:00,card,offline,0.0,Cần Thơ,wholesale,2024-03-28,Vở ô ly 96 trang,Vở và giấy,Hồng Hà,quyển,14000.0,35,lecturer_sample,2025-04,364000.0,0.0,364000.0
ORD000791,P0017,22,9000.0,C0065,2025-04-10 00:17:00,card,offline,0.0,Cần Thơ,wholesale,2024-03-28,Bút chì 2B,Bút viết,Staedtler,cây,9000.0,45,lecturer_sample,2025-04,198000.0,0.0,198000.0
ORD000791,P0016,24,25000.0,C0065,2025-04-10 00:17:00,card,offline,0.0,Cần Thơ,wholesale,2024-03-28,Ống mực bút máy xanh,Bút viết,Hồng Hà,hộp,25000.0,25,lecturer_sample,2025-04,600000.0,0.0,600000.0
ORD000791,P0058,23,350000.0,C0065,2025-04-10 00:17:00,card,offline,0.0,Cần Thơ,wholesale,2024-03-28,Bộ chia USB 4 cổng,Phụ kiện máy tính,Ugreen,chiếc,350000.0,8,lecturer_sample,2025-04,8050000.0,0.0,8050000.0
ORD000791,P0062,17,44999750.0,C0065,2025-04-10 00:17:00,card,offline,0.0,Cần Thơ,wholesale,2024-03-28,Asus Zenbook Pro Dual Screen Laptop,Thiết bị văn phòng,Asus,chiếc,44999750.0,9,public_api,2025-04,764995750.0,0.0,764995750.0
ORD000791,P0049,20,125000.0,C0065,2025-04-10 00:17:00,card,offline,0.0,Cần Thơ,wholesale,2024-03-28,Máy đục lỗ 2 lỗ,Thiết bị văn phòng,Deli,chiếc,125000.0,10,lecturer_sample,2025-04,2500000.0,0.0,2500000.0
ORD000792,P0030,3,13296.0,C0010,2025-12-23 02:17:00,card,offline,0.0,Cần Thơ,retail,2024-05-20,Hồ khô 15 g,Dụng cụ học tập,Thiên Long,thỏi,14000.0,28,lecturer_sample,2025-12,39888.0,0.0,39888.0
ORD000792,P0074,4,499750.0,C0010,2025-12-23 02:17:00,card,offline,0.0,Cần Thơ,retail,2024-05-20,Apple iPhone Charger,Phụ kiện máy tính,Apple,cái,499750.0,6,public_api,2025-12,1999000.0,0.0,1999000.0
ORD000792,P0078,1,1624681.0,C0010,2025-12-23 02:17:00,card,offline,0.0,Cần Thơ,retail,2024-05-20,Soumission,Sách,Unknown,quyển,1653300.0,22,public_website,2025-12,1624681.0,0.0,1624681.0
ORD000793,P0010,10,165000.0,C0022,2025-12-08 21:55:00,cash,offline,0.0,TP. Hồ Chí Minh,wholesale,2024-11-21,Giấy photo A3 70 gsm,Vở và giấy,Double A,ram,165000.0,10,lecturer_sample,2025-12,1650000.0,0.0,1650000.0
ORD000793,P0075,9,2499750.0,C0022,2025-12-08 21:55:00,cash,offline,0.0,TP. Hồ Chí Minh,wholesale,2024-11-21,Apple MagSafe Battery Pack,Phụ kiện máy tính,Apple,cái,2499750.0,1,public_api,2025-12,22497750.0,0.0,22497750.0
ORD000794,P0067,15,13642647.0,C0061,2025-02-14 17:00:00,e-wallet,online,0.0,Hải Phòng,wholesale,2024-09-24,Samsung Galaxy Tab S8 Plus Grey,Thiết bị văn phòng,Samsung,chiếc,14999750.0,12,public_api,2025-02,204639705.0,0.0,204639705.0
ORD000794,P0064,8,27499750.0,C0061,2025-02-14 17:00:00,e-wallet,online,0.0,Hải Phòng,wholesale,2024-09-24,Lenovo Yoga 920,Thiết bị văn phòng,Lenovo,chiếc,27499750.0,8,public_api,2025-02,219998000.0,0.0,219998000.0
ORD000794,P0084,9,745800.0,C0061,2025-02-14 17:00:00,e-wallet,online,0.0,Hải Phòng,wholesale,2024-09-24,The Boys in the Boat: Nine Americans and Their Epic Quest for Gold at the 1936 Berlin Olympics,Sách,Unknown,quyển,745800.0,13,public_website,2025-02,6712200.0,0.0,6712200.0
ORD000794,P0007,28,90753.0,C0061,2025-02-14 17:00:00,e-wallet,online,0.0,Hải Phòng,wholesale,2024-09-24,Giấy in A4 80 gsm,Vở và giấy,PaperOne,ram,99000.0,20,lecturer_sample,2025-02,2541084.0,0.0,2541084.0
ORD000795,P0022,2,17002.0,C0184,2025-02-16 16:27:00,transfer,online,0.0,Nha Trang,retail,2024-04-15,Thước ê ke 2 chiếc,Dụng cụ học tập,Deli,bộ,18000.0,20,lecturer_sample,2025-02,34004.0,0.0,34004.0
ORD000795,P0005,2,79000.0,C0184,2025-02-16 16:27:00,transfer,online,0.0,Nha Trang,retail,2024-04-15,Sổ tay bìa da A5,Vở và giấy,OEM,quyển,79000.0,15,lecturer_sample,2025-02,158000.0,0.0,158000.0
ORD000795,P0008,5,58858.0,C0184,2025-02-16 16:27:00,transfer,online,0.0,Nha Trang,retail,2024-04-15,Giấy màu A4 100 tờ,Vở và giấy,IK Plus,xấp,65000.0,15,lecturer_sample,2025-02,294290.0,0.0,294290.0
ORD000796,P0018,1,38000.0,C0048,2025-09-17 16:05:00,transfer,shopee,0.0,Đà Nẵng,retail,2024-12-22,Bút chì kim 0.5 mm,Bút viết,Pentel,cây,38000.0,20,lecturer_sample,2025-09,38000.0,0.0,38000.0
ORD000796,P0019,3,20251.0,C0048,2025-09-17 16:05:00,transfer,shopee,0.0,Đà Nẵng,retail,2024-12-22,Ruột chì kim 0.5 mm,Bút viết,Pentel,hộp,22000.0,25,lecturer_sample,2025-09,60753.0,0.0,60753.0
ORD000797,P0045,3,1850000.0,C0102,2025-11-23 01:18:00,transfer,online,0.0,Cần Thơ,retail,2024-06-04,Máy hủy tài liệu,Thiết bị văn phòng,Silicon,chiếc,1850000.0,3,lecturer_sample,2025-11,5550000.0,0.0,5550000.0
ORD000797,P0026,2,65000.0,C0102,2025-11-23 01:18:00,transfer,online,0.0,Cần Thơ,retail,2024-06-04,Hộp bút vải,Dụng cụ học tập,OEM,chiếc,65000.0,15,lecturer_sample,2025-11,130000.0,0.0,130000.0
ORD000797,P0038,1,35000.0,C0102,2025-11-23 01:18:00,transfer,online,0.0,Cần Thơ,retail,2024-06-04,Nhãn dán phân loại,Hồ sơ và lưu trữ,Avery,xấp,35000.0,18,lecturer_sample,2025-11,35000.0,0.0,35000.0
ORD000798,P0008,3,65000.0,C0188,2025-02-01 01:48:00,card,online,5000.0,Hà Nội,retail,2024-09-26,Giấy màu A4 100 tờ,Vở và giấy,IK Plus,xấp,65000.0,15,lecturer_sample,2025-02,195000.0,22.187581781150794,194977.81241821885
ORD000798,P0070,5,3249750.0,C0188,2025-02-01 01:48:00,card,online,5000.0,Hà Nội,retail,2024-09-26,Apple Airpods,Phụ kiện máy tính,Apple,cái,3249750.0,13,public_api,2025-02,16248750.0,1848.8229203408923,16246901.177079659
ORD000798,P0064,1,27499750.0,C0188,2025-02-01 01:48:00,card,online,5000.0,Hà Nội,retail,2024-09-26,Lenovo Yoga 920,Thiết bị văn phòng,Lenovo,chiếc,27499750.0,8,public_api,2025-02,27499750.0,3128.989497877957,27496621.010502122
ORD000799,P0043,4,3190000.0,C0187,2025-06-13 23:22:00,transfer,offline,0.0,Hà Nội,office,2024-02-01,Máy in laser đơn sắc,Thiết bị văn phòng,Brother,chiếc,3190000.0,3,lecturer_sample,2025-06,12760000.0,0.0,12760000.0
ORD000799,P0006,7,82000.0,C0187,2025-06-13 23:22:00,transfer,offline,0.0,Hà Nội,office,2024-02-01,Giấy in A4 70 gsm,Vở và giấy,Double A,ram,82000.0,25,lecturer_sample,2025-06,574000.0,0.0,574000.0
ORD000799,P0070,9,3249750.0,C0187,2025-06-13 23:22:00,transfer,offline,0.0,Hà Nội,office,2024-02-01,Apple Airpods,Phụ kiện máy tính,Apple,cái,3249750.0,13,public_api,2025-06,29247750.0,0.0,29247750.0
ORD000799,P0028,8,78000.0,C0187,2025-06-13 23:22:00,transfer,offline,0.0,Hà Nội,office,2024-02-01,Bộ màu nước 12 màu,Dụng cụ học tập,Pentel,bộ,78000.0,12,lecturer_sample,2025-06,624000.0,0.0,624000.0
ORD000800,P0035,1,16000.0,C0119,2025-08-20 18:09:00,transfer,offline,0.0,Huế,retail,2023-12-18,Túi hồ sơ dây buộc,Hồ sơ và lưu trữ,Hồng Hà,chiếc,16000.0,25,lecturer_sample,2025-08,16000.0,0.0,16000.0
ORD000800,P0087,2,681780.0,C0119,2025-08-20 18:09:00,transfer,offline,0.0,Huế,retail,2023-12-18,Shakespeare's Sonnets,Sách,Unknown,quyển,681780.0,21,public_website,2025-08,1363560.0,0.0,1363560.0
ORD000800,P0079,2,1578060.0,C0119,2025-08-20 18:09:00,transfer,offline,0.0,Huế,retail,2023-12-18,Sharp Objects,Sách,Unknown,quyển,1578060.0,24,public_website,2025-08,3156120.0,0.0,3156120.0
ORD000801,P0018,4,38000.0,C0005,2025-07-20 23:09:00,card,offline,0.0,Hà Nội,retail,2023-12-14,Bút chì kim 0.5 mm,Bút viết,Pentel,cây,38000.0,20,lecturer_sample,2025-07,152000.0,0.0,152000.0
ORD000801,P0019,4,22000.0,C0005,2025-07-20 23:09:00,card,offline,0.0,Hà Nội,retail,2023-12-14,Ruột chì kim 0.5 mm,Bút viết,Pentel,hộp,22000.0,25,lecturer_sample,2025-07,88000.0,0.0,88000.0
ORD000801,P0015,2,45000.0,C0005,2025-07-20 23:09:00,card,offline,0.0,Hà Nội,retail,2023-12-14,Bút máy học sinh,Bút viết,Hồng Hà,cây,45000.0,20,lecturer_sample,2025-07,90000.0,0.0,90000.0
ORD000802,P0029,21,24308.0,C0171,2025-01-31 21:06:00,card,offline,0.0,Biên Hòa,wholesale,2024-04-17,Kéo học sinh 13 cm,Dụng cụ học tập,Deli,chiếc,25000.0,18,lecturer_sample,2025-01,510468.0,0.0,510468.0
ORD000803,P0030,3,13617.0,C0107,2025-09-09 16:19:00,transfer,online,0.0,Đà Nẵng,retail,2024-01-21,Hồ khô 15 g,Dụng cụ học tập,Thiên Long,thỏi,14000.0,28,lecturer_sample,2025-09,40851.0,0.0,40851.0
ORD000803,P0028,2,78000.0,C0107,2025-09-09 16:19:00,transfer,online,0.0,Đà Nẵng,retail,2024-01-21,Bộ màu nước 12 màu,Dụng cụ học tập,Pentel,bộ,78000.0,12,lecturer_sample,2025-09,156000.0,0.0,156000.0
ORD000803,P0055,4,280000.0,C0107,2025-09-09 16:19:00,transfer,online,0.0,Đà Nẵng,retail,2024-01-21,Thẻ nhớ microSD 64 GB,Phụ kiện máy tính,SanDisk,chiếc,280000.0,10,lecturer_sample,2025-09,1120000.0,0.0,1120000.0
ORD000804,P0029,9,23749.0,C0115,2025-07-09 22:15:00,card,online,0.0,TP. Hồ Chí Minh,office,2024-01-24,Kéo học sinh 13 cm,Dụng cụ học tập,Deli,chiếc,25000.0,18,lecturer_sample,2025-07,213741.0,0.0,213741.0
ORD000805,P0088,20,534817.0,C0148,2025-06-20 03:12:00,transfer,online,0.0,Nha Trang,wholesale,2024-11-02,Set Me Free,Sách,Unknown,quyển,576180.0,24,public_website,2025-06,10696340.0,0.0,10696340.0
ORD000805,P0050,8,420000.0,C0148,2025-06-20 03:12:00,transfer,online,0.0,Nha Trang,wholesale,2024-11-02,Bảng trắng 60 x 90 cm,Thiết bị văn phòng,Bavico,chiếc,420000.0,5,lecturer_sample,2025-06,3360000.0,0.0,3360000.0
ORD000805,P0084,9,745800.0,C0148,2025-06-20 03:12:00,transfer,online,0.0,Nha Trang,wholesale,2024-11-02,The Boys in the Boat: Nine Americans and Their Epic Quest for Gold at the 1936 Berlin Olympics,Sách,Unknown,quyển,745800.0,13,public_website,2025-06,6712200.0,0.0,6712200.0
ORD000805,P0063,7,34999750.0,C0148,2025-06-20 03:12:00,transfer,online,0.0,Nha Trang,wholesale,2024-11-02,Huawei Matebook X Pro,Thiết bị văn phòng,Huawei,chiếc,34999750.0,15,public_api,2025-06,244998250.0,0.0,244998250.0
ORD000806,P0035,3,14485.0,C0119,2025-11-06 03:17:00,card,shopee,0.0,Huế,retail,2023-12-18,Túi hồ sơ dây buộc,Hồ sơ và lưu trữ,Hồng Hà,chiếc,16000.0,25,lecturer_sample,2025-11,43455.0,0.0,43455.0
ORD000807,P0076,3,1708410.0,C0064,2025-04-26 02:00:00,card,online,0.0,Huế,retail,2023-12-14,A Light in the Attic,Sách,Unknown,quyển,1708410.0,16,public_website,2025-04,5125230.0,0.0,5125230.0
ORD000807,P0089,5,1725570.0,C0064,2025-04-26 02:00:00,card,online,0.0,Huế,retail,2023-12-14,Scott Pilgrim's Precious Little Life (Scott Pilgrim #1),Sách,Unknown,quyển,1725570.0,27,public_website,2025-04,8627850.0,0.0,8627850.0
ORD000807,P0014,2,11445.0,C0064,2025-04-26 02:00:00,card,online,0.0,Huế,retail,2023-12-14,Bút gel xanh 0.5 mm,Bút viết,Deli,cây,12000.0,40,lecturer_sample,2025-04,22890.0,0.0,22890.0
ORD000808,P0018,2,38000.0,C0031,2025-06-02 03:03:00,cash,offline,0.0,Biên Hòa,retail,2024-10-22,Bút chì kim 0.5 mm,Bút viết,Pentel,cây,38000.0,20,lecturer_sample,2025-06,76000.0,0.0,76000.0
ORD000808,P0026,1,65000.0,C0031,2025-06-02 03:03:00,cash,offline,0.0,Biên Hòa,retail,2024-10-22,Hộp bút vải,Dụng cụ học tập,OEM,chiếc,65000.0,15,lecturer_sample,2025-06,65000.0,0.0,65000.0
ORD000808,P0073,4,2499750.0,C0031,2025-06-02 03:03:00,cash,offline,0.0,Biên Hòa,retail,2024-10-22,Apple HomePod Mini Cosmic Grey,Phụ kiện máy tính,Apple,cái,2499750.0,5,public_api,2025-06,9999000.0,0.0,9999000.0
ORD000808,P0074,4,494437.0,C0031,2025-06-02 03:03:00,cash,offline,0.0,Biên Hòa,retail,2024-10-22,Apple iPhone Charger,Phụ kiện máy tính,Apple,cái,499750.0,6,public_api,2025-06,1977748.0,0.0,1977748.0
ORD000809,P0039,5,26342.0,C0115,2025-11-17 22:35:00,card,online,0.0,TP. Hồ Chí Minh,office,2024-01-24,Kẹp bướm 25 mm,Hồ sơ và lưu trữ,Deli,hộp,28000.0,25,lecturer_sample,2025-11,131710.0,0.0,131710.0
ORD000810,P0012,3,5000.0,C0042,2025-10-28 18:20:00,card,offline,0.0,TP. Hồ Chí Minh,retail,2024-05-20,Bút bi đen 0.5 mm,Bút viết,Thiên Long,cây,5000.0,60,lecturer_sample,2025-10,15000.0,0.0,15000.0
ORD000810,P0079,1,1578060.0,C0042,2025-10-28 18:20:00,card,offline,0.0,TP. Hồ Chí Minh,retail,2024-05-20,Sharp Objects,Sách,Unknown,quyển,1578060.0,24,public_website,2025-10,1578060.0,0.0,1578060.0
ORD000810,P0033,3,69000.0,C0042,2025-10-28 18:20:00,card,offline,0.0,TP. Hồ Chí Minh,retail,2024-05-20,Bìa còng 5 cm,Hồ sơ và lưu trữ,King Jim,chiếc,69000.0,18,lecturer_sample,2025-10,207000.0,0.0,207000.0
ORD000810,P0006,5,82000.0,C0042,2025-10-28 18:20:00,card,offline,0.0,TP. Hồ Chí Minh,retail,2024-05-20,Giấy in A4 70 gsm,Vở và giấy,Double A,ram,82000.0,25,lecturer_sample,2025-10,410000.0,0.0,410000.0
ORD000810,P0064,5,27499750.0,C0042,2025-10-28 18:20:00,card,offline,0.0,TP. Hồ Chí Minh,retail,2024-05-20,Lenovo Yoga 920,Thiết bị văn phòng,Lenovo,chiếc,27499750.0,8,public_api,2025-10,137498750.0,0.0,137498750.0
ORD000810,P0049,2,125000.0,C0042,2025-10-28 18:20:00,card,offline,0.0,TP. Hồ Chí Minh,retail,2024-05-20,Máy đục lỗ 2 lỗ,Thiết bị văn phòng,Deli,chiếc,125000.0,10,lecturer_sample,2025-10,250000.0,0.0,250000.0
ORD000811,P0086,8,461670.0,C0018,2025-03-13 18:06:00,card,offline,0.0,Cần Thơ,office,2024-03-23,"Starving Hearts (Triangular Trade Trilogy, #1)",Sách,Unknown,quyển,461670.0,19,public_website,2025-03,3693360.0,0.0,3693360.0
ORD000811,P0022,3,18000.0,C0018,2025-03-13 18:06:00,card,offline,0.0,Cần Thơ,office,2024-03-23,Thước ê ke 2 chiếc,Dụng cụ học tập,Deli,bộ,18000.0,20,lecturer_sample,2025-03,54000.0,0.0,54000.0
ORD000812,P0036,5,185000.0,C0140,2025-02-02 00:26:00,transfer,offline,20000.0,Hải Phòng,retail,2024-09-18,Khay tài liệu 3 tầng,Hồ sơ và lưu trữ,Deli,bộ,185000.0,8,lecturer_sample,2025-02,925000.0,3019.9732871119622,921980.026712888
ORD000812,P0015,2,45000.0,C0140,2025-02-02 00:26:00,transfer,offline,20000.0,Hải Phòng,retail,2024-09-18,Bút máy học sinh,Bút viết,Hồng Hà,cây,45000.0,20,lecturer_sample,2025-02,90000.0,293.8352387460287,89706.16476125397
ORD000812,P0076,1,1708410.0,C0140,2025-02-02 00:26:00,transfer,offline,20000.0,Hải Phòng,retail,2024-09-18,A Light in the Attic,Sách,Unknown,quyển,1708410.0,16,public_website,2025-02,1708410.0,5577.6784469567,1702832.3215530433
ORD000812,P0089,2,1701236.0,C0140,2025-02-02 00:26:00,transfer,offline,20000.0,Hải Phòng,retail,2024-09-18,Scott Pilgrim's Precious Little Life (Scott Pilgrim #1),Sách,Unknown,quyển,1725570.0,27,public_website,2025-02,3402472.0,11108.513027185309,3391363.486972815
ORD000813,P0056,4,180000.0,C0036,2025-09-14 21:20:00,card,online,0.0,TP. Hồ Chí Minh,retail,2023-12-22,Cáp HDMI 2 m,Phụ kiện máy tính,Ugreen,sợi,180000.0,12,lecturer_sample,2025-09,720000.0,0.0,720000.0
ORD000813,P0035,1,16000.0,C0036,2025-09-14 21:20:00,card,online,0.0,TP. Hồ Chí Minh,retail,2023-12-22,Túi hồ sơ dây buộc,Hồ sơ và lưu trữ,Hồng Hà,chiếc,16000.0,25,lecturer_sample,2025-09,16000.0,0.0,16000.0
ORD000814,P0032,5,12000.0,C0010,2025-04-17 19:37:00,e-wallet,offline,0.0,Cần Thơ,retail,2024-05-20,Bìa nút A4,Hồ sơ và lưu trữ,Deli,chiếc,12000.0,35,lecturer_sample,2025-04,60000.0,0.0,60000.0
ORD000814,P0006,5,82000.0,C0010,2025-04-17 19:37:00,e-wallet,offline,0.0,Cần Thơ,retail,2024-05-20,Giấy in A4 70 gsm,Vở và giấy,Double A,ram,82000.0,25,lecturer_sample,2025-04,410000.0,0.0,410000.0
ORD000814,P0079,5,1578060.0,C0010,2025-04-17 19:37:00,e-wallet,offline,0.0,Cần Thơ,retail,2024-05-20,Sharp Objects,Sách,Unknown,quyển,1578060.0,24,public_website,2025-04,7890300.0,0.0,7890300.0
ORD000814,P0089,4,1725570.0,C0010,2025-04-17 19:37:00,e-wallet,offline,0.0,Cần Thơ,retail,2024-05-20,Scott Pilgrim's Precious Little Life (Scott Pilgrim #1),Sách,Unknown,quyển,1725570.0,27,public_website,2025-04,6902280.0,0.0,6902280.0
ORD000815,P0083,4,591690.0,C0052,2025-11-08 20:21:00,card,online,0.0,TP. Hồ Chí Minh,retail,2024-03-30,"The Coming Woman: A Novel Based on the Life of the Infamous Feminist, Victoria Woodhull",Sách,Unknown,quyển,591690.0,10,public_website,2025-11,2366760.0,0.0,2366760.0
ORD000816,P0017,5,8342.0,C0167,2025-12-11 00:49:00,transfer,offline,0.0,Nha Trang,student,2024-07-11,Bút chì 2B,Bút viết,Staedtler,cây,9000.0,45,lecturer_sample,2025-12,41710.0,0.0,41710.0
ORD000816,P0005,2,76915.0,C0167,2025-12-11 00:49:00,transfer,offline,0.0,Nha Trang,student,2024-07-11,Sổ tay bìa da A5,Vở và giấy,OEM,quyển,79000.0,15,lecturer_sample,2025-12,153830.0,0.0,153830.0
ORD000817,P0050,3,420000.0,C0093,2025-08-26 16:41:00,transfer,shopee,0.0,TP. Hồ Chí Minh,retail,2023-12-18,Bảng trắng 60 x 90 cm,Thiết bị văn phòng,Bavico,chiếc,420000.0,5,lecturer_sample,2025-08,1260000.0,0.0,1260000.0
ORD000817,P0080,4,1684379.0,C0093,2025-08-26 16:41:00,transfer,shopee,0.0,TP. Hồ Chí Minh,retail,2023-12-18,Sapiens: A Brief History of Humankind,Sách,Unknown,quyển,1789590.0,27,public_website,2025-08,6737516.0,0.0,6737516.0
ORD000817,P0077,4,1773420.0,C0093,2025-08-26 16:41:00,transfer,shopee,0.0,TP. Hồ Chí Minh,retail,2023-12-18,Tipping the Velvet,Sách,Unknown,quyển,1773420.0,19,public_website,2025-08,7093680.0,0.0,7093680.0
ORD000817,P0046,2,839462.0,C0093,2025-08-26 16:41:00,transfer,shopee,0.0,TP. Hồ Chí Minh,retail,2023-12-18,Máy ép plastic A4,Thiết bị văn phòng,Deli,chiếc,890000.0,4,lecturer_sample,2025-08,1678924.0,0.0,1678924.0
ORD000818,P0023,14,42000.0,C0153,2025-05-28 04:42:00,card,website,0.0,Đà Nẵng,wholesale,2024-12-08,Compa học sinh,Dụng cụ học tập,Maped,chiếc,42000.0,15,lecturer_sample,2025-05,588000.0,0.0,588000.0
ORD000818,P0055,28,280000.0,C0153,2025-05-28 04:42:00,card,website,0.0,Đà Nẵng,wholesale,2024-12-08,Thẻ nhớ microSD 64 GB,Phụ kiện máy tính,SanDisk,chiếc,280000.0,10,lecturer_sample,2025-05,7840000.0,0.0,7840000.0
ORD000818,P0080,10,1789590.0,C0153,2025-05-28 04:42:00,card,website,0.0,Đà Nẵng,wholesale,2024-12-08,Sapiens: A Brief History of Humankind,Sách,Unknown,quyển,1789590.0,27,public_website,2025-05,17895900.0,0.0,17895900.0
ORD000819,P0067,2,14999750.0,C0095,2025-04-22 02:12:00,card,online,10000.0,Huế,retail,2024-03-11,Samsung Galaxy Tab S8 Plus Grey,Thiết bị văn phòng,Samsung,chiếc,14999750.0,12,public_api,2025-04,29999500.0,5162.323270724953,29994337.676729277
ORD000819,P0064,1,27056561.0,C0095,2025-04-22 02:12:00,card,online,10000.0,Huế,retail,2024-03-11,Lenovo Yoga 920,Thiết bị văn phòng,Lenovo,chiếc,27499750.0,8,public_api,2025-04,27056561.0,4655.901414226543,27051905.098585773
ORD000819,P0025,2,15000.0,C0095,2025-04-22 02:12:00,card,online,10000.0,Huế,retail,2024-03-11,Gọt bút chì có hộp,Dụng cụ học tập,Deli,chiếc,15000.0,25,lecturer_sample,2025-04,30000.0,5.162409310880134,29994.83759068912
ORD000819,P0058,1,329340.0,C0095,2025-04-22 02:12:00,card,online,10000.0,Huế,retail,2024-03-11,Bộ chia USB 4 cổng,Phụ kiện máy tính,Ugreen,chiếc,350000.0,8,lecturer_sample,2025-04,329340.0,56.67292941484211,329283.32707058516
ORD000819,P0027,5,92000.0,C0095,2025-04-22 02:12:00,card,online,10000.0,Huế,retail,2024-03-11,Bộ màu sáp 24 màu,Dụng cụ học tập,Crayola,bộ,92000.0,12,lecturer_sample,2025-04,460000.0,79.15694276682872,459920.8430572332
ORD000819,P0005,3,79000.0,C0095,2025-04-22 02:12:00,card,online,10000.0,Huế,retail,2024-03-11,Sổ tay bìa da A5,Vở và giấy,OEM,quyển,79000.0,15,lecturer_sample,2025-04,237000.0,40.78303355595306,236959.21696644404
ORD000820,P0015,1,45000.0,C0180,2025-10-16 23:04:00,e-wallet,offline,0.0,Hà Nội,student,2024-09-22,Bút máy học sinh,Bút viết,Hồng Hà,cây,45000.0,20,lecturer_sample,2025-10,45000.0,0.0,45000.0
ORD000820,P0016,1,25000.0,C0180,2025-10-16 23:04:00,e-wallet,offline,0.0,Hà Nội,student,2024-09-22,Ống mực bút máy xanh,Bút viết,Hồng Hà,hộp,25000.0,25,lecturer_sample,2025-10,25000.0,0.0,25000.0
ORD000820,P0059,3,53058.0,C0180,2025-10-16 23:04:00,e-wallet,offline,0.0,Hà Nội,student,2024-09-22,Tấm lót chuột,Phụ kiện máy tính,OEM,chiếc,55000.0,20,lecturer_sample,2025-10,159174.0,0.0,159174.0
ORD000820,P0004,2,37892.0,C0180,2025-10-16 23:04:00,e-wallet,offline,0.0,Hà Nội,student,2024-09-22,Sổ lò xo A5 200 trang,Vở và giấy,Hải Tiến,quyển,42000.0,20,lecturer_sample,2025-10,75784.0,0.0,75784.0
ORD000821,P0001,1,12000.0,C0070,2025-04-07 19:44:00,e-wallet,shopee,0.0,Biên Hòa,student,2024-06-25,Vở kẻ ngang 80 trang,Vở và giấy,Campus,quyển,12000.0,35,lecturer_sample,2025-04,12000.0,0.0,12000.0
ORD000821,P0079,1,1578060.0,C0070,2025-04-07 19:44:00,e-wallet,shopee,0.0,Biên Hòa,student,2024-06-25,Sharp Objects,Sách,Unknown,quyển,1578060.0,24,public_website,2025-04,1578060.0,0.0,1578060.0
ORD000822,P0083,3,591690.0,C0117,2025-08-31 00:10:00,card,shopee,0.0,Đà Nẵng,retail,2024-06-04,"The Coming Woman: A Novel Based on the Life of the Infamous Feminist, Victoria Woodhull",Sách,Unknown,quyển,591690.0,10,public_website,2025-08,1775070.0,0.0,1775070.0
ORD000822,P0065,5,37499750.0,C0117,2025-08-31 00:10:00,card,shopee,0.0,Đà Nẵng,retail,2024-06-04,New DELL XPS 13 9300 Laptop,Thiết bị văn phòng,Dell,chiếc,37499750.0,14,public_api,2025-08,187498750.0,0.0,187498750.0
ORD000823,P0059,4,55000.0,C0120,2025-06-28 04:18:00,e-wallet,offline,0.0,TP. Hồ Chí Minh,retail,2024-04-03,Tấm lót chuột,Phụ kiện máy tính,OEM,chiếc,55000.0,20,lecturer_sample,2025-06,220000.0,0.0,220000.0
ORD000824,P0042,25,42000.0,C0065,2025-03-12 21:59:00,card,online,5000.0,Cần Thơ,wholesale,2024-03-28,Pin AAA 4 viên,Thiết bị văn phòng,Panasonic,vỉ,42000.0,22,lecturer_sample,2025-03,1050000.0,136.20001945714563,1049863.7999805429
ORD000824,P0069,15,2499750.0,C0065,2025-03-12 21:59:00,card,online,5000.0,Cần Thơ,wholesale,2024-03-28,Amazon Echo Plus,Phụ kiện máy tính,Amazon,cái,2499750.0,12,public_api,2025-03,37496250.0,4863.799980542854,37491386.20001946
ORD000825,P0076,1,1621212.0,C0213,2025-03-24 04:36:00,cash,shopee,0.0,Biên Hòa,retail,2024-06-30,A Light in the Attic,Sách,Unknown,quyển,1708410.0,16,public_website,2025-03,1621212.0,0.0,1621212.0
ORD000825,P0089,5,1725570.0,C0213,2025-03-24 04:36:00,cash,shopee,0.0,Biên Hòa,retail,2024-06-30,Scott Pilgrim's Precious Little Life (Scott Pilgrim #1),Sách,Unknown,quyển,1725570.0,27,public_website,2025-03,8627850.0,0.0,8627850.0
ORD000826,P0067,3,14428291.0,C0002,2025-05-12 00:42:00,e-wallet,offline,0.0,Hải Phòng,retail,2024-04-16,Samsung Galaxy Tab S8 Plus Grey,Thiết bị văn phòng,Samsung,chiếc,14999750.0,12,public_api,2025-05,43284873.0,0.0,43284873.0
ORD000826,P0073,1,2499750.0,C0002,2025-05-12 00:42:00,e-wallet,offline,0.0,Hải Phòng,retail,2024-04-16,Apple HomePod Mini Cosmic Grey,Phụ kiện máy tính,Apple,cái,2499750.0,5,public_api,2025-05,2499750.0,0.0,2499750.0
ORD000826,P0074,4,499750.0,C0002,2025-05-12 00:42:00,e-wallet,offline,0.0,Hải Phòng,retail,2024-04-16,Apple iPhone Charger,Phụ kiện máy tính,Apple,cái,499750.0,6,public_api,2025-05,1999000.0,0.0,1999000.0
ORD000826,P0029,2,24510.0,C0002,2025-05-12 00:42:00,e-wallet,offline,0.0,Hải Phòng,retail,2024-04-16,Kéo học sinh 13 cm,Dụng cụ học tập,Deli,chiếc,25000.0,18,lecturer_sample,2025-05,49020.0,0.0,49020.0
ORD000826,P0077,5,1675116.0,C0002,2025-05-12 00:42:00,e-wallet,offline,0.0,Hải Phòng,retail,2024-04-16,Tipping the Velvet,Sách,Unknown,quyển,1773420.0,19,public_website,2025-05,8375580.0,0.0,8375580.0
ORD000826,P0083,1,591690.0,C0002,2025-05-12 00:42:00,e-wallet,offline,0.0,Hải Phòng,retail,2024-04-16,"The Coming Woman: A Novel Based on the Life of the Infamous Feminist, Victoria Woodhull",Sách,Unknown,quyển,591690.0,10,public_website,2025-05,591690.0,0.0,591690.0
ORD000827,P0019,1,22000.0,C0079,2025-05-05 04:25:00,transfer,offline,0.0,Hải Phòng,retail,2024-12-17,Ruột chì kim 0.5 mm,Bút viết,Pentel,hộp,22000.0,25,lecturer_sample,2025-05,22000.0,0.0,22000.0
ORD000827,P0057,2,220000.0,C0079,2025-05-05 04:25:00,transfer,offline,0.0,Hải Phòng,retail,2024-12-17,Cáp USB-C 1 m,Phụ kiện máy tính,Anker,sợi,220000.0,15,lecturer_sample,2025-05,440000.0,0.0,440000.0
ORD000828,P0087,24,681780.0,C0199,2025-12-15 17:04:00,e-wallet,offline,0.0,TP. Hồ Chí Minh,wholesale,2024-07-27,Shakespeare's Sonnets,Sách,Unknown,quyển,681780.0,21,public_website,2025-12,16362720.0,0.0,16362720.0
ORD000828,P0038,17,35000.0,C0199,2025-12-15 17:04:00,e-wallet,offline,0.0,TP. Hồ Chí Minh,wholesale,2024-07-27,Nhãn dán phân loại,Hồ sơ và lưu trữ,Avery,xấp,35000.0,18,lecturer_sample,2025-12,595000.0,0.0,595000.0
ORD000829,P0056,8,174471.0,C0078,2025-08-09 01:37:00,card,shopee,0.0,Hà Nội,office,2024-08-30,Cáp HDMI 2 m,Phụ kiện máy tính,Ugreen,sợi,180000.0,12,lecturer_sample,2025-08,1395768.0,0.0,1395768.0
ORD000829,P0053,8,165000.0,C0078,2025-08-09 01:37:00,card,shopee,0.0,Hà Nội,office,2024-08-30,USB 32 GB,Phụ kiện máy tính,SanDisk,chiếc,165000.0,15,lecturer_sample,2025-08,1320000.0,0.0,1320000.0
ORD000829,P0059,11,54198.0,C0078,2025-08-09 01:37:00,card,shopee,0.0,Hà Nội,office,2024-08-30,Tấm lót chuột,Phụ kiện máy tính,OEM,chiếc,55000.0,20,lecturer_sample,2025-08,596178.0,0.0,596178.0
ORD000829,P0088,12,576180.0,C0078,2025-08-09 01:37:00,card,shopee,0.0,Hà Nội,office,2024-08-30,Set Me Free,Sách,Unknown,quyển,576180.0,24,public_website,2025-08,6914160.0,0.0,6914160.0
ORD000829,P0084,2,745800.0,C0078,2025-08-09 01:37:00,card,shopee,0.0,Hà Nội,office,2024-08-30,The Boys in the Boat: Nine Americans and Their Epic Quest for Gold at the 1936 Berlin Olympics,Sách,Unknown,quyển,745800.0,13,public_website,2025-08,1491600.0,0.0,1491600.0
ORD000830,P0008,3,65000.0,C0125,2025-02-14 23:16:00,cash,online,0.0,Huế,student,2024-12-09,Giấy màu A4 100 tờ,Vở và giấy,IK Plus,xấp,65000.0,15,lecturer_sample,2025-02,195000.0,0.0,195000.0
ORD000830,P0065,4,37499750.0,C0125,2025-02-14 23:16:00,cash,online,0.0,Huế,student,2024-12-09,New DELL XPS 13 9300 Laptop,Thiết bị văn phòng,Dell,chiếc,37499750.0,14,public_api,2025-02,149999000.0,0.0,149999000.0
ORD000831,P0019,2,22000.0,C0080,2025-10-11 04:45:00,e-wallet,offline,0.0,Biên Hòa,retail,2024-08-02,Ruột chì kim 0.5 mm,Bút viết,Pentel,hộp,22000.0,25,lecturer_sample,2025-10,44000.0,0.0,44000.0
ORD000831,P0037,5,95000.0,C0080,2025-10-11 04:45:00,e-wallet,offline,0.0,Biên Hòa,retail,2024-08-02,Cặp tài liệu A4,Hồ sơ và lưu trữ,OEM,chiếc,95000.0,10,lecturer_sample,2025-10,475000.0,0.0,475000.0
ORD000831,P0002,5,18000.0,C0080,2025-10-11 04:45:00,e-wallet,offline,0.0,Biên Hòa,retail,2024-08-02,Vở kẻ ngang 120 trang,Vở và giấy,Campus,quyển,18000.0,30,lecturer_sample,2025-10,90000.0,0.0,90000.0
ORD000831,P0011,1,5000.0,C0080,2025-10-11 04:45:00,e-wallet,offline,0.0,Biên Hòa,retail,2024-08-02,Bút bi xanh 0.5 mm,Bút viết,Thiên Long,cây,5000.0,70,lecturer_sample,2025-10,5000.0,0.0,5000.0
ORD000831,P0079,1,1578060.0,C0080,2025-10-11 04:45:00,e-wallet,offline,0.0,Biên Hòa,retail,2024-08-02,Sharp Objects,Sách,Unknown,quyển,1578060.0,24,public_website,2025-10,1578060.0,0.0,1578060.0
ORD000832,P0005,4,79000.0,C0126,2025-03-31 23:18:00,cash,offline,0.0,Hải Phòng,retail,2024-06-25,Sổ tay bìa da A5,Vở và giấy,OEM,quyển,79000.0,15,lecturer_sample,2025-03,316000.0,0.0,316000.0
ORD000832,P0053,4,160481.0,C0126,2025-03-31 23:18:00,cash,offline,0.0,Hải Phòng,retail,2024-06-25,USB 32 GB,Phụ kiện máy tính,SanDisk,chiếc,165000.0,15,lecturer_sample,2025-03,641924.0,0.0,641924.0
ORD000832,P0038,2,31638.0,C0126,2025-03-31 23:18:00,cash,offline,0.0,Hải Phòng,retail,2024-06-25,Nhãn dán phân loại,Hồ sơ và lưu trữ,Avery,xấp,35000.0,18,lecturer_sample,2025-03,63276.0,0.0,63276.0
ORD000832,P0060,2,390000.0,C0126,2025-03-31 23:18:00,cash,offline,0.0,Hải Phòng,retail,2024-06-25,Tai nghe có mic,Phụ kiện máy tính,Rapoo,chiếc,390000.0,8,lecturer_sample,2025-03,780000.0,0.0,780000.0
ORD000833,P0075,16,2346509.0,C0175,2025-10-26 23:14:00,cash,offline,10000.0,Nha Trang,wholesale,2024-03-25,Apple MagSafe Battery Pack,Phụ kiện máy tính,Apple,cái,2499750.0,1,public_api,2025-10,37544144.0,6693.88761115637,37537450.11238884
ORD000833,P0087,27,681780.0,C0175,2025-10-26 23:14:00,cash,offline,10000.0,Nha Trang,wholesale,2024-03-25,Shakespeare's Sonnets,Sách,Unknown,quyển,681780.0,21,public_website,2025-10,18408060.0,3282.0427276068176,18404777.95727239
ORD000833,P0011,27,5000.0,C0175,2025-10-26 23:14:00,cash,offline,10000.0,Nha Trang,wholesale,2024-03-25,Bút bi xanh 0.5 mm,Bút viết,Thiên Long,cây,5000.0,70,lecturer_sample,2025-10,135000.0,24.06966123681259,134975.9303387632
ORD000834,P0039,3,26875.0,C0140,2025-02-24 22:30:00,cash,offline,0.0,Hải Phòng,retail,2024-09-18,Kẹp bướm 25 mm,Hồ sơ và lưu trữ,Deli,hộp,28000.0,25,lecturer_sample,2025-02,80625.0,0.0,80625.0
ORD000835,P0086,4,461670.0,C0122,2025-07-26 00:58:00,transfer,offline,5000.0,Đà Nẵng,office,2024-12-15,"Starving Hearts (Triangular Trade Trilogy, #1)",Sách,Unknown,quyển,461670.0,19,public_website,2025-07,1846680.0,5000.0,1841680.0
ORD000836,P0043,5,3190000.0,C0115,2025-12-05 00:23:00,cash,online,0.0,TP. Hồ Chí Minh,office,2024-01-24,Máy in laser đơn sắc,Thiết bị văn phòng,Brother,chiếc,3190000.0,3,lecturer_sample,2025-12,15950000.0,0.0,15950000.0
ORD000836,P0058,6,350000.0,C0115,2025-12-05 00:23:00,cash,online,0.0,TP. Hồ Chí Minh,office,2024-01-24,Bộ chia USB 4 cổng,Phụ kiện máy tính,Ugreen,chiếc,350000.0,8,lecturer_sample,2025-12,2100000.0,0.0,2100000.0
ORD000837,P0073,2,2499750.0,C0180,2025-07-20 16:23:00,cash,offline,0.0,Hà Nội,student,2024-09-22,Apple HomePod Mini Cosmic Grey,Phụ kiện máy tính,Apple,cái,2499750.0,5,public_api,2025-07,4999500.0,0.0,4999500.0
ORD000837,P0074,2,485812.0,C0180,2025-07-20 16:23:00,cash,offline,0.0,Hà Nội,student,2024-09-22,Apple iPhone Charger,Phụ kiện máy tính,Apple,cái,499750.0,6,public_api,2025-07,971624.0,0.0,971624.0
ORD000838,P0009,9,16436.0,C0049,2025-12-06 23:30:00,cash,offline,0.0,Hà Nội,wholesale,2024-12-30,Giấy note 3 x 3 inch,Vở và giấy,Deli,xấp,18000.0,30,lecturer_sample,2025-12,147924.0,0.0,147924.0
ORD000838,P0035,29,16000.0,C0049,2025-12-06 23:30:00,cash,offline,0.0,Hà Nội,wholesale,2024-12-30,Túi hồ sơ dây buộc,Hồ sơ và lưu trữ,Hồng Hà,chiếc,16000.0,25,lecturer_sample,2025-12,464000.0,0.0,464000.0
ORD000839,P0069,4,2499750.0,C0132,2025-02-08 01:10:00,transfer,shopee,0.0,Cần Thơ,retail,2024-01-02,Amazon Echo Plus,Phụ kiện máy tính,Amazon,cái,2499750.0,12,public_api,2025-02,9999000.0,0.0,9999000.0
ORD000840,P0018,2,38000.0,C0111,2025-01-22 21:49:00,transfer,shopee,0.0,Cần Thơ,retail,2024-07-01,Bút chì kim 0.5 mm,Bút viết,Pentel,cây,38000.0,20,lecturer_sample,2025-01,76000.0,0.0,76000.0
ORD000840,P0034,5,81442.0,C0111,2025-01-22 21:49:00,transfer,shopee,0.0,Cần Thơ,retail,2024-07-01,File hộp 10 cm,Hồ sơ và lưu trữ,Flexoffice,chiếc,85000.0,15,lecturer_sample,2025-01,407210.0,0.0,407210.0
ORD000841,P0026,5,65000.0,C0194,2025-11-22 18:15:00,cash,offline,0.0,Hà Nội,student,2024-07-25,Hộp bút vải,Dụng cụ học tập,OEM,chiếc,65000.0,15,lecturer_sample,2025-11,325000.0,0.0,325000.0
ORD000841,P0071,2,12424210.0,C0194,2025-11-22 18:15:00,cash,offline,0.0,Hà Nội,student,2024-07-25,Apple AirPods Max Silver,Phụ kiện máy tính,Apple,cái,13749750.0,11,public_api,2025-11,24848420.0,0.0,24848420.0
ORD000842,P0089,4,1683390.0,C0072,2025-07-21 20:29:00,e-wallet,online,0.0,Huế,student,2024-12-04,Scott Pilgrim's Precious Little Life (Scott Pilgrim #1),Sách,Unknown,quyển,1725570.0,27,public_website,2025-07,6733560.0,0.0,6733560.0
ORD000842,P0086,5,461670.0,C0072,2025-07-21 20:29:00,e-wallet,online,0.0,Huế,student,2024-12-04,"Starving Hearts (Triangular Trade Trilogy, #1)",Sách,Unknown,quyển,461670.0,19,public_website,2025-07,2308350.0,0.0,2308350.0
ORD000842,P0077,5,1773420.0,C0072,2025-07-21 20:29:00,e-wallet,online,0.0,Huế,student,2024-12-04,Tipping the Velvet,Sách,Unknown,quyển,1773420.0,19,public_website,2025-07,8867100.0,0.0,8867100.0
ORD000842,P0085,5,1720950.0,C0072,2025-07-21 20:29:00,e-wallet,online,0.0,Huế,student,2024-12-04,The Black Maria,Sách,Unknown,quyển,1720950.0,16,public_website,2025-07,8604750.0,0.0,8604750.0
ORD000843,P0048,23,12000.0,C0087,2025-02-17 03:31:00,card,website,0.0,Hà Nội,wholesale,2023-12-27,Kim bấm số 10,Thiết bị văn phòng,Max,hộp,12000.0,35,lecturer_sample,2025-02,276000.0,0.0,276000.0
ORD000843,P0055,14,280000.0,C0087,2025-02-17 03:31:00,card,website,0.0,Hà Nội,wholesale,2023-12-27,Thẻ nhớ microSD 64 GB,Phụ kiện máy tính,SanDisk,chiếc,280000.0,10,lecturer_sample,2025-02,3920000.0,0.0,3920000.0
ORD000843,P0006,15,82000.0,C0087,2025-02-17 03:31:00,card,website,0.0,Hà Nội,wholesale,2023-12-27,Giấy in A4 70 gsm,Vở và giấy,Double A,ram,82000.0,25,lecturer_sample,2025-02,1230000.0,0.0,1230000.0
ORD000843,P0086,18,461670.0,C0087,2025-02-17 03:31:00,card,website,0.0,Hà Nội,wholesale,2023-12-27,"Starving Hearts (Triangular Trade Trilogy, #1)",Sách,Unknown,quyển,461670.0,19,public_website,2025-02,8310060.0,0.0,8310060.0
ORD000843,P0079,24,1578060.0,C0087,2025-02-17 03:31:00,card,website,0.0,Hà Nội,wholesale,2023-12-27,Sharp Objects,Sách,Unknown,quyển,1578060.0,24,public_website,2025-02,37873440.0,0.0,37873440.0
ORD000844,P0013,4,5000.0,C0169,2025-04-08 04:39:00,card,offline,0.0,Biên Hòa,retail,2024-12-12,Bút bi đỏ 0.5 mm,Bút viết,Thiên Long,cây,5000.0,50,lecturer_sample,2025-04,20000.0,0.0,20000.0
ORD000844,P0070,2,3249750.0,C0169,2025-04-08 04:39:00,card,offline,0.0,Biên Hòa,retail,2024-12-12,Apple Airpods,Phụ kiện máy tính,Apple,cái,3249750.0,13,public_api,2025-04,6499500.0,0.0,6499500.0
ORD000844,P0027,3,92000.0,C0169,2025-04-08 04:39:00,card,offline,0.0,Biên Hòa,retail,2024-12-12,Bộ màu sáp 24 màu,Dụng cụ học tập,Crayola,bộ,92000.0,12,lecturer_sample,2025-04,276000.0,0.0,276000.0
ORD000844,P0060,2,390000.0,C0169,2025-04-08 04:39:00,card,offline,0.0,Biên Hòa,retail,2024-12-12,Tai nghe có mic,Phụ kiện máy tính,Rapoo,chiếc,390000.0,8,lecturer_sample,2025-04,780000.0,0.0,780000.0
ORD000845,P0045,5,1850000.0,C0163,2025-06-22 18:56:00,card,offline,0.0,Đà Nẵng,student,2024-03-19,Máy hủy tài liệu,Thiết bị văn phòng,Silicon,chiếc,1850000.0,3,lecturer_sample,2025-06,9250000.0,0.0,9250000.0
ORD000845,P0022,1,17517.0,C0163,2025-06-22 18:56:00,card,offline,0.0,Đà Nẵng,student,2024-03-19,Thước ê ke 2 chiếc,Dụng cụ học tập,Deli,bộ,18000.0,20,lecturer_sample,2025-06,17517.0,0.0,17517.0
ORD000845,P0043,4,3190000.0,C0163,2025-06-22 18:56:00,card,offline,0.0,Đà Nẵng,student,2024-03-19,Máy in laser đơn sắc,Thiết bị văn phòng,Brother,chiếc,3190000.0,3,lecturer_sample,2025-06,12760000.0,0.0,12760000.0
ORD000845,P0006,2,75681.0,C0163,2025-06-22 18:56:00,card,offline,0.0,Đà Nẵng,student,2024-03-19,Giấy in A4 70 gsm,Vở và giấy,Double A,ram,82000.0,25,lecturer_sample,2025-06,151362.0,0.0,151362.0
ORD000846,P0046,4,890000.0,C0127,2025-08-22 00:37:00,e-wallet,online,0.0,TP. Hồ Chí Minh,retail,2024-11-21,Máy ép plastic A4,Thiết bị văn phòng,Deli,chiếc,890000.0,4,lecturer_sample,2025-08,3560000.0,0.0,3560000.0
ORD000846,P0038,3,35000.0,C0127,2025-08-22 00:37:00,e-wallet,online,0.0,TP. Hồ Chí Minh,retail,2024-11-21,Nhãn dán phân loại,Hồ sơ và lưu trữ,Avery,xấp,35000.0,18,lecturer_sample,2025-08,105000.0,0.0,105000.0
ORD000846,P0025,2,15000.0,C0127,2025-08-22 00:37:00,e-wallet,online,0.0,TP. Hồ Chí Minh,retail,2024-11-21,Gọt bút chì có hộp,Dụng cụ học tập,Deli,chiếc,15000.0,25,lecturer_sample,2025-08,30000.0,0.0,30000.0
ORD000847,P0010,4,165000.0,C0195,2025-01-28 16:54:00,transfer,shopee,0.0,Huế,retail,2023-12-24,Giấy photo A3 70 gsm,Vở và giấy,Double A,ram,165000.0,10,lecturer_sample,2025-01,660000.0,0.0,660000.0
ORD000848,P0088,5,576180.0,C0170,2025-10-18 16:00:00,transfer,offline,0.0,Hải Phòng,student,2024-12-16,Set Me Free,Sách,Unknown,quyển,576180.0,24,public_website,2025-10,2880900.0,0.0,2880900.0
ORD000849,P0015,5,45000.0,C0193,2025-05-18 00:22:00,e-wallet,offline,0.0,Cần Thơ,student,2024-06-30,Bút máy học sinh,Bút viết,Hồng Hà,cây,45000.0,20,lecturer_sample,2025-05,225000.0,0.0,225000.0
ORD000849,P0028,2,78000.0,C0193,2025-05-18 00:22:00,e-wallet,offline,0.0,Cần Thơ,student,2024-06-30,Bộ màu nước 12 màu,Dụng cụ học tập,Pentel,bộ,78000.0,12,lecturer_sample,2025-05,156000.0,0.0,156000.0
ORD000849,P0019,5,20334.0,C0193,2025-05-18 00:22:00,e-wallet,offline,0.0,Cần Thơ,student,2024-06-30,Ruột chì kim 0.5 mm,Bút viết,Pentel,hộp,22000.0,25,lecturer_sample,2025-05,101670.0,0.0,101670.0
ORD000850,P0020,3,85000.0,C0125,2025-03-05 17:15:00,cash,offline,0.0,Huế,student,2024-12-09,Bút dạ quang 5 màu,Bút viết,Stabilo,bộ,85000.0,15,lecturer_sample,2025-03,255000.0,0.0,255000.0
ORD000850,P0041,5,639305.0,C0125,2025-03-05 17:15:00,cash,offline,0.0,Huế,student,2024-12-09,Máy tính cầm tay khoa học,Thiết bị văn phòng,Casio,chiếc,680000.0,8,lecturer_sample,2025-03,3196525.0,0.0,3196525.0
ORD000850,P0042,2,42000.0,C0125,2025-03-05 17:15:00,cash,offline,0.0,Huế,student,2024-12-09,Pin AAA 4 viên,Thiết bị văn phòng,Panasonic,vỉ,42000.0,22,lecturer_sample,2025-03,84000.0,0.0,84000.0
ORD000850,P0016,1,25000.0,C0125,2025-03-05 17:15:00,cash,offline,0.0,Huế,student,2024-12-09,Ống mực bút máy xanh,Bút viết,Hồng Hà,hộp,25000.0,25,lecturer_sample,2025-03,25000.0,0.0,25000.0
ORD000851,P0078,20,1653300.0,C0114,2025-08-15 18:47:00,card,offline,0.0,Nha Trang,wholesale,2024-09-05,Soumission,Sách,Unknown,quyển,1653300.0,22,public_website,2025-08,33066000.0,0.0,33066000.0
ORD000851,P0003,17,13364.0,C0114,2025-08-15 18:47:00,card,offline,0.0,Nha Trang,wholesale,2024-09-05,Vở ô ly 96 trang,Vở và giấy,Hồng Hà,quyển,14000.0,35,lecturer_sample,2025-08,227188.0,0.0,227188.0
ORD000851,P0018,16,38000.0,C0114,2025-08-15 18:47:00,card,offline,0.0,Nha Trang,wholesale,2024-09-05,Bút chì kim 0.5 mm,Bút viết,Pentel,cây,38000.0,20,lecturer_sample,2025-08,608000.0,0.0,608000.0
ORD000851,P0039,7,28000.0,C0114,2025-08-15 18:47:00,card,offline,0.0,Nha Trang,wholesale,2024-09-05,Kẹp bướm 25 mm,Hồ sơ và lưu trữ,Deli,hộp,28000.0,25,lecturer_sample,2025-08,196000.0,0.0,196000.0
ORD000852,P0019,8,22000.0,C0179,2025-12-16 22:10:00,card,website,0.0,Nha Trang,office,2024-06-30,Ruột chì kim 0.5 mm,Bút viết,Pentel,hộp,22000.0,25,lecturer_sample,2025-12,176000.0,0.0,176000.0
ORD000852,P0028,9,75019.0,C0179,2025-12-16 22:10:00,card,website,0.0,Nha Trang,office,2024-06-30,Bộ màu nước 12 màu,Dụng cụ học tập,Pentel,bộ,78000.0,12,lecturer_sample,2025-12,675171.0,0.0,675171.0
ORD000852,P0036,11,185000.0,C0179,2025-12-16 22:10:00,card,website,0.0,Nha Trang,office,2024-06-30,Khay tài liệu 3 tầng,Hồ sơ và lưu trữ,Deli,bộ,185000.0,8,lecturer_sample,2025-12,2035000.0,0.0,2035000.0
ORD000853,P0035,6,16000.0,C0179,2025-02-03 23:45:00,e-wallet,offline,0.0,Nha Trang,office,2024-06-30,Túi hồ sơ dây buộc,Hồ sơ và lưu trữ,Hồng Hà,chiếc,16000.0,25,lecturer_sample,2025-02,96000.0,0.0,96000.0
ORD000853,P0031,6,4000.0,C0179,2025-02-03 23:45:00,e-wallet,offline,0.0,Nha Trang,office,2024-06-30,Bìa lá A4 trong,Hồ sơ và lưu trữ,Plus,chiếc,4000.0,60,lecturer_sample,2025-02,24000.0,0.0,24000.0
ORD000853,P0006,6,82000.0,C0179,2025-02-03 23:45:00,e-wallet,offline,0.0,Nha Trang,office,2024-06-30,Giấy in A4 70 gsm,Vở và giấy,Double A,ram,82000.0,25,lecturer_sample,2025-02,492000.0,0.0,492000.0
ORD000853,P0044,4,920000.0,C0179,2025-02-03 23:45:00,e-wallet,offline,0.0,Nha Trang,office,2024-06-30,Mực in laser đen,Thiết bị văn phòng,Brother,hộp,920000.0,5,lecturer_sample,2025-02,3680000.0,0.0,3680000.0
ORD000854,P0018,2,38000.0,C0150,2025-11-28 00:38:00,cash,shopee,10000.0,Cần Thơ,retail,2023-11-28,Bút chì kim 0.5 mm,Bút viết,Pentel,cây,38000.0,20,lecturer_sample,2025-11,76000.0,3762.3762376237623,72237.62376237624
ORD000854,P0019,5,22000.0,C0150,2025-11-28 00:38:00,cash,shopee,10000.0,Cần Thơ,retail,2023-11-28,Ruột chì kim 0.5 mm,Bút viết,Pentel,hộp,22000.0,25,lecturer_sample,2025-11,110000.0,5445.544554455446,104554.45544554456
ORD000854,P0035,1,16000.0,C0150,2025-11-28 00:38:00,cash,shopee,10000.0,Cần Thơ,retail,2023-11-28,Túi hồ sơ dây buộc,Hồ sơ và lưu trữ,Hồng Hà,chiếc,16000.0,25,lecturer_sample,2025-11,16000.0,792.0792079207921,15207.920792079209
ORD000855,P0039,3,28000.0,C0066,2025-08-20 18:18:00,transfer,offline,0.0,Đà Nẵng,student,2024-03-16,Kẹp bướm 25 mm,Hồ sơ và lưu trữ,Deli,hộp,28000.0,25,lecturer_sample,2025-08,84000.0,0.0,84000.0
ORD000856,P0058,9,343190.0,C0018,2025-04-29 17:39:00,transfer,offline,0.0,Cần Thơ,office,2024-03-23,Bộ chia USB 4 cổng,Phụ kiện máy tính,Ugreen,chiếc,350000.0,8,lecturer_sample,2025-04,3088710.0,0.0,3088710.0
ORD000857,P0008,22,62731.0,C0061,2025-01-10 04:12:00,cash,shopee,0.0,Hải Phòng,wholesale,2024-09-24,Giấy màu A4 100 tờ,Vở và giấy,IK Plus,xấp,65000.0,15,lecturer_sample,2025-01,1380082.0,0.0,1380082.0
ORD000857,P0071,9,13749750.0,C0061,2025-01-10 04:12:00,cash,shopee,0.0,Hải Phòng,wholesale,2024-09-24,Apple AirPods Max Silver,Phụ kiện máy tính,Apple,cái,13749750.0,11,public_api,2025-01,123747750.0,0.0,123747750.0
ORD000857,P0025,10,15000.0,C0061,2025-01-10 04:12:00,cash,shopee,0.0,Hải Phòng,wholesale,2024-09-24,Gọt bút chì có hộp,Dụng cụ học tập,Deli,chiếc,15000.0,25,lecturer_sample,2025-01,150000.0,0.0,150000.0
ORD000858,P0076,9,1574767.0,C0003,2025-06-16 18:49:00,transfer,offline,0.0,TP. Hồ Chí Minh,wholesale,2024-12-09,A Light in the Attic,Sách,Unknown,quyển,1708410.0,16,public_website,2025-06,14172903.0,0.0,14172903.0
ORD000858,P0089,24,1642135.0,C0003,2025-06-16 18:49:00,transfer,offline,0.0,TP. Hồ Chí Minh,wholesale,2024-12-09,Scott Pilgrim's Precious Little Life (Scott Pilgrim #1),Sách,Unknown,quyển,1725570.0,27,public_website,2025-06,39411240.0,0.0,39411240.0
ORD000858,P0082,13,1100220.0,C0003,2025-06-16 18:49:00,transfer,offline,0.0,TP. Hồ Chí Minh,wholesale,2024-12-09,The Dirty Little Secrets of Getting Your Dream Job,Sách,Unknown,quyển,1100220.0,8,public_website,2025-06,14302860.0,0.0,14302860.0
ORD000859,P0015,4,45000.0,C0117,2025-04-01 03:07:00,e-wallet,shopee,0.0,Đà Nẵng,retail,2024-06-04,Bút máy học sinh,Bút viết,Hồng Hà,cây,45000.0,20,lecturer_sample,2025-04,180000.0,0.0,180000.0
ORD000859,P0005,4,74418.0,C0117,2025-04-01 03:07:00,e-wallet,shopee,0.0,Đà Nẵng,retail,2024-06-04,Sổ tay bìa da A5,Vở và giấy,OEM,quyển,79000.0,15,lecturer_sample,2025-04,297672.0,0.0,297672.0
ORD000859,P0089,5,1725570.0,C0117,2025-04-01 03:07:00,e-wallet,shopee,0.0,Đà Nẵng,retail,2024-06-04,Scott Pilgrim's Precious Little Life (Scott Pilgrim #1),Sách,Unknown,quyển,1725570.0,27,public_website,2025-04,8627850.0,0.0,8627850.0
ORD000859,P0086,5,461670.0,C0117,2025-04-01 03:07:00,e-wallet,shopee,0.0,Đà Nẵng,retail,2024-06-04,"Starving Hearts (Triangular Trade Trilogy, #1)",Sách,Unknown,quyển,461670.0,19,public_website,2025-04,2308350.0,0.0,2308350.0
ORD000860,P0036,5,180518.0,C0215,2025-07-28 04:16:00,cash,offline,0.0,Đà Nẵng,student,2024-07-07,Khay tài liệu 3 tầng,Hồ sơ và lưu trữ,Deli,bộ,185000.0,8,lecturer_sample,2025-07,902590.0,0.0,902590.0
ORD000860,P0045,1,1850000.0,C0215,2025-07-28 04:16:00,cash,offline,0.0,Đà Nẵng,student,2024-07-07,Máy hủy tài liệu,Thiết bị văn phòng,Silicon,chiếc,1850000.0,3,lecturer_sample,2025-07,1850000.0,0.0,1850000.0
ORD000861,P0028,5,75460.0,C0106,2025-07-15 22:19:00,transfer,offline,0.0,Đà Nẵng,retail,2024-01-20,Bộ màu nước 12 màu,Dụng cụ học tập,Pentel,bộ,78000.0,12,lecturer_sample,2025-07,377300.0,0.0,377300.0
ORD000861,P0018,3,38000.0,C0106,2025-07-15 22:19:00,transfer,offline,0.0,Đà Nẵng,retail,2024-01-20,Bút chì kim 0.5 mm,Bút viết,Pentel,cây,38000.0,20,lecturer_sample,2025-07,114000.0,0.0,114000.0
ORD000861,P0019,2,22000.0,C0106,2025-07-15 22:19:00,transfer,offline,0.0,Đà Nẵng,retail,2024-01-20,Ruột chì kim 0.5 mm,Bút viết,Pentel,hộp,22000.0,25,lecturer_sample,2025-07,44000.0,0.0,44000.0
ORD000862,P0063,1,34999750.0,C0059,2025-08-13 20:31:00,transfer,website,0.0,Biên Hòa,retail,2024-08-18,Huawei Matebook X Pro,Thiết bị văn phòng,Huawei,chiếc,34999750.0,15,public_api,2025-08,34999750.0,0.0,34999750.0
ORD000862,P0045,1,1850000.0,C0059,2025-08-13 20:31:00,transfer,website,0.0,Biên Hòa,retail,2024-08-18,Máy hủy tài liệu,Thiết bị văn phòng,Silicon,chiếc,1850000.0,3,lecturer_sample,2025-08,1850000.0,0.0,1850000.0
ORD000862,P0018,4,37183.0,C0059,2025-08-13 20:31:00,transfer,website,0.0,Biên Hòa,retail,2024-08-18,Bút chì kim 0.5 mm,Bút viết,Pentel,cây,38000.0,20,lecturer_sample,2025-08,148732.0,0.0,148732.0
ORD000862,P0019,1,22000.0,C0059,2025-08-13 20:31:00,transfer,website,0.0,Biên Hòa,retail,2024-08-18,Ruột chì kim 0.5 mm,Bút viết,Pentel,hộp,22000.0,25,lecturer_sample,2025-08,22000.0,0.0,22000.0
ORD000863,P0089,5,1725570.0,C0091,2025-09-21 00:30:00,transfer,offline,20000.0,Nha Trang,retail,2024-03-27,Scott Pilgrim's Precious Little Life (Scott Pilgrim #1),Sách,Unknown,quyển,1725570.0,27,public_website,2025-09,8627850.0,20000.0,8607850.0
ORD000864,P0006,5,82000.0,C0026,2025-03-17 03:45:00,e-wallet,offline,0.0,Hà Nội,retail,2024-12-25,Giấy in A4 70 gsm,Vở và giấy,Double A,ram,82000.0,25,lecturer_sample,2025-03,410000.0,0.0,410000.0
ORD000864,P0043,5,3190000.0,C0026,2025-03-17 03:45:00,e-wallet,offline,0.0,Hà Nội,retail,2024-12-25,Máy in laser đơn sắc,Thiết bị văn phòng,Brother,chiếc,3190000.0,3,lecturer_sample,2025-03,15950000.0,0.0,15950000.0
ORD000864,P0056,3,180000.0,C0026,2025-03-17 03:45:00,e-wallet,offline,0.0,Hà Nội,retail,2024-12-25,Cáp HDMI 2 m,Phụ kiện máy tính,Ugreen,sợi,180000.0,12,lecturer_sample,2025-03,540000.0,0.0,540000.0
ORD000865,P0044,17,920000.0,C0133,2025-10-27 17:56:00,transfer,website,5000.0,Nha Trang,wholesale,2024-08-14,Mực in laser đen,Thiết bị văn phòng,Brother,hộp,920000.0,5,lecturer_sample,2025-10,15640000.0,756.4087992977586,15639243.591200702
ORD000865,P0070,27,3249750.0,C0133,2025-10-27 17:56:00,transfer,website,5000.0,Nha Trang,wholesale,2024-08-14,Apple Airpods,Phụ kiện máy tính,Apple,cái,3249750.0,13,public_api,2025-10,87743250.0,4243.591200702242,87739006.40879929
ORD000866,P0085,6,1720950.0,C0185,2025-11-22 20:09:00,card,offline,50000.0,Huế,wholesale,2024-06-14,The Black Maria,Sách,Unknown,quyển,1720950.0,16,public_website,2025-11,10325700.0,50000.0,10275700.0
ORD000867,P0038,11,35000.0,C0004,2025-03-10 19:26:00,card,website,0.0,TP. Hồ Chí Minh,wholesale,2024-09-02,Nhãn dán phân loại,Hồ sơ và lưu trữ,Avery,xấp,35000.0,18,lecturer_sample,2025-03,385000.0,0.0,385000.0
ORD000867,P0076,7,1708410.0,C0004,2025-03-10 19:26:00,card,website,0.0,TP. Hồ Chí Minh,wholesale,2024-09-02,A Light in the Attic,Sách,Unknown,quyển,1708410.0,16,public_website,2025-03,11958870.0,0.0,11958870.0
ORD000867,P0089,6,1725570.0,C0004,2025-03-10 19:26:00,card,website,0.0,TP. Hồ Chí Minh,wholesale,2024-09-02,Scott Pilgrim's Precious Little Life (Scott Pilgrim #1),Sách,Unknown,quyển,1725570.0,27,public_website,2025-03,10353420.0,0.0,10353420.0
ORD000868,P0015,3,45000.0,C0124,2025-02-03 19:29:00,card,website,0.0,Nha Trang,retail,2024-02-26,Bút máy học sinh,Bút viết,Hồng Hà,cây,45000.0,20,lecturer_sample,2025-02,135000.0,0.0,135000.0
ORD000868,P0010,5,160594.0,C0124,2025-02-03 19:29:00,card,website,0.0,Nha Trang,retail,2024-02-26,Giấy photo A3 70 gsm,Vở và giấy,Double A,ram,165000.0,10,lecturer_sample,2025-02,802970.0,0.0,802970.0
ORD000868,P0059,3,55000.0,C0124,2025-02-03 19:29:00,card,website,0.0,Nha Trang,retail,2024-02-26,Tấm lót chuột,Phụ kiện máy tính,OEM,chiếc,55000.0,20,lecturer_sample,2025-02,165000.0,0.0,165000.0
ORD000868,P0075,3,2499750.0,C0124,2025-02-03 19:29:00,card,website,0.0,Nha Trang,retail,2024-02-26,Apple MagSafe Battery Pack,Phụ kiện máy tính,Apple,cái,2499750.0,1,public_api,2025-02,7499250.0,0.0,7499250.0
ORD000869,P0025,18,15000.0,C0171,2025-12-17 03:37:00,transfer,shopee,0.0,Biên Hòa,wholesale,2024-04-17,Gọt bút chì có hộp,Dụng cụ học tập,Deli,chiếc,15000.0,25,lecturer_sample,2025-12,270000.0,0.0,270000.0
ORD000869,P0053,15,152963.0,C0171,2025-12-17 03:37:00,transfer,shopee,0.0,Biên Hòa,wholesale,2024-04-17,USB 32 GB,Phụ kiện máy tính,SanDisk,chiếc,165000.0,15,lecturer_sample,2025-12,2294445.0,0.0,2294445.0
ORD000870,P0079,2,1519300.0,C0186,2025-07-27 16:37:00,transfer,online,0.0,Đà Nẵng,student,2024-06-22,Sharp Objects,Sách,Unknown,quyển,1578060.0,24,public_website,2025-07,3038600.0,0.0,3038600.0
ORD000870,P0089,5,1725570.0,C0186,2025-07-27 16:37:00,transfer,online,0.0,Đà Nẵng,student,2024-06-22,Scott Pilgrim's Precious Little Life (Scott Pilgrim #1),Sách,Unknown,quyển,1725570.0,27,public_website,2025-07,8627850.0,0.0,8627850.0
ORD000870,P0015,4,45000.0,C0186,2025-07-27 16:37:00,transfer,online,0.0,Đà Nẵng,student,2024-06-22,Bút máy học sinh,Bút viết,Hồng Hà,cây,45000.0,20,lecturer_sample,2025-07,180000.0,0.0,180000.0
ORD000870,P0016,3,25000.0,C0186,2025-07-27 16:37:00,transfer,online,0.0,Đà Nẵng,student,2024-06-22,Ống mực bút máy xanh,Bút viết,Hồng Hà,hộp,25000.0,25,lecturer_sample,2025-07,75000.0,0.0,75000.0
ORD000871,P0058,1,350000.0,C0063,2025-03-26 01:30:00,e-wallet,online,0.0,Hải Phòng,retail,2023-12-28,Bộ chia USB 4 cổng,Phụ kiện máy tính,Ugreen,chiếc,350000.0,8,lecturer_sample,2025-03,350000.0,0.0,350000.0
ORD000871,P0071,3,13749750.0,C0063,2025-03-26 01:30:00,e-wallet,online,0.0,Hải Phòng,retail,2023-12-28,Apple AirPods Max Silver,Phụ kiện máy tính,Apple,cái,13749750.0,11,public_api,2025-03,41249250.0,0.0,41249250.0
ORD000871,P0085,2,1720950.0,C0063,2025-03-26 01:30:00,e-wallet,online,0.0,Hải Phòng,retail,2023-12-28,The Black Maria,Sách,Unknown,quyển,1720950.0,16,public_website,2025-03,3441900.0,0.0,3441900.0
ORD000871,P0006,4,76725.0,C0063,2025-03-26 01:30:00,e-wallet,online,0.0,Hải Phòng,retail,2023-12-28,Giấy in A4 70 gsm,Vở và giấy,Double A,ram,82000.0,25,lecturer_sample,2025-03,306900.0,0.0,306900.0
ORD000871,P0043,2,3190000.0,C0063,2025-03-26 01:30:00,e-wallet,online,0.0,Hải Phòng,retail,2023-12-28,Máy in laser đơn sắc,Thiết bị văn phòng,Brother,chiếc,3190000.0,3,lecturer_sample,2025-03,6380000.0,0.0,6380000.0
ORD000872,P0015,1,45000.0,C0218,2025-05-01 20:15:00,cash,shopee,5000.0,Cần Thơ,retail,2024-12-06,Bút máy học sinh,Bút viết,Hồng Hà,cây,45000.0,20,lecturer_sample,2025-05,45000.0,698.0683672646269,44301.93163273537
ORD000872,P0016,4,25000.0,C0218,2025-05-01 20:15:00,cash,shopee,5000.0,Cần Thơ,retail,2024-12-06,Ống mực bút máy xanh,Bút viết,Hồng Hà,hộp,25000.0,25,lecturer_sample,2025-05,100000.0,1551.2630383658375,98448.73696163416
ORD000872,P0029,1,24286.0,C0218,2025-05-01 20:15:00,cash,shopee,5000.0,Cần Thơ,retail,2024-12-06,Kéo học sinh 13 cm,Dụng cụ học tập,Deli,chiếc,25000.0,18,lecturer_sample,2025-05,24286.0,376.7397414975273,23909.260258502472
ORD000872,P0034,2,76516.0,C0218,2025-05-01 20:15:00,cash,shopee,5000.0,Cần Thơ,retail,2024-12-06,File hộp 10 cm,Hồ sơ và lưu trữ,Flexoffice,chiếc,85000.0,15,lecturer_sample,2025-05,153032.0,2373.9288528720085,150658.07114712798
ORD000873,P0033,1,65915.0,C0046,2025-01-17 18:18:00,cash,website,0.0,Cần Thơ,student,2024-01-21,Bìa còng 5 cm,Hồ sơ và lưu trữ,King Jim,chiếc,69000.0,18,lecturer_sample,2025-01,65915.0,0.0,65915.0
ORD000873,P0076,2,1675498.0,C0046,2025-01-17 18:18:00,cash,website,0.0,Cần Thơ,student,2024-01-21,A Light in the Attic,Sách,Unknown,quyển,1708410.0,16,public_website,2025-01,3350996.0,0.0,3350996.0
ORD000873,P0089,4,1725570.0,C0046,2025-01-17 18:18:00,cash,website,0.0,Cần Thơ,student,2024-01-21,Scott Pilgrim's Precious Little Life (Scott Pilgrim #1),Sách,Unknown,quyển,1725570.0,27,public_website,2025-01,6902280.0,0.0,6902280.0
ORD000873,P0050,5,420000.0,C0046,2025-01-17 18:18:00,cash,website,0.0,Cần Thơ,student,2024-01-21,Bảng trắng 60 x 90 cm,Thiết bị văn phòng,Bavico,chiếc,420000.0,5,lecturer_sample,2025-01,2100000.0,0.0,2100000.0
ORD000873,P0005,5,79000.0,C0046,2025-01-17 18:18:00,cash,website,0.0,Cần Thơ,student,2024-01-21,Sổ tay bìa da A5,Vở và giấy,OEM,quyển,79000.0,15,lecturer_sample,2025-01,395000.0,0.0,395000.0
ORD000873,P0082,5,1100220.0,C0046,2025-01-17 18:18:00,cash,website,0.0,Cần Thơ,student,2024-01-21,The Dirty Little Secrets of Getting Your Dream Job,Sách,Unknown,quyển,1100220.0,8,public_website,2025-01,5501100.0,0.0,5501100.0
ORD000874,P0057,3,220000.0,C0017,2025-08-26 01:54:00,card,offline,0.0,TP. Hồ Chí Minh,retail,2024-11-22,Cáp USB-C 1 m,Phụ kiện máy tính,Anker,sợi,220000.0,15,lecturer_sample,2025-08,660000.0,0.0,660000.0
ORD000874,P0062,4,41952712.0,C0017,2025-08-26 01:54:00,card,offline,0.0,TP. Hồ Chí Minh,retail,2024-11-22,Asus Zenbook Pro Dual Screen Laptop,Thiết bị văn phòng,Asus,chiếc,44999750.0,9,public_api,2025-08,167810848.0,0.0,167810848.0
ORD000874,P0049,5,125000.0,C0017,2025-08-26 01:54:00,card,offline,0.0,TP. Hồ Chí Minh,retail,2024-11-22,Máy đục lỗ 2 lỗ,Thiết bị văn phòng,Deli,chiếc,125000.0,10,lecturer_sample,2025-08,625000.0,0.0,625000.0
ORD000875,P0022,1,18000.0,C0168,2025-12-28 22:26:00,transfer,shopee,0.0,Biên Hòa,student,2024-09-03,Thước ê ke 2 chiếc,Dụng cụ học tập,Deli,bộ,18000.0,20,lecturer_sample,2025-12,18000.0,0.0,18000.0
ORD000875,P0089,5,1575948.0,C0168,2025-12-28 22:26:00,transfer,shopee,0.0,Biên Hòa,student,2024-09-03,Scott Pilgrim's Precious Little Life (Scott Pilgrim #1),Sách,Unknown,quyển,1725570.0,27,public_website,2025-12,7879740.0,0.0,7879740.0
ORD000875,P0086,4,461670.0,C0168,2025-12-28 22:26:00,transfer,shopee,0.0,Biên Hòa,student,2024-09-03,"Starving Hearts (Triangular Trade Trilogy, #1)",Sách,Unknown,quyển,461670.0,19,public_website,2025-12,1846680.0,0.0,1846680.0
ORD000875,P0029,1,25000.0,C0168,2025-12-28 22:26:00,transfer,shopee,0.0,Biên Hòa,student,2024-09-03,Kéo học sinh 13 cm,Dụng cụ học tập,Deli,chiếc,25000.0,18,lecturer_sample,2025-12,25000.0,0.0,25000.0
ORD000876,P0043,2,3059390.0,C0086,2025-12-19 21:37:00,card,website,0.0,Hà Nội,student,2024-09-19,Máy in laser đơn sắc,Thiết bị văn phòng,Brother,chiếc,3190000.0,3,lecturer_sample,2025-12,6118780.0,0.0,6118780.0
ORD000876,P0006,3,82000.0,C0086,2025-12-19 21:37:00,card,website,0.0,Hà Nội,student,2024-09-19,Giấy in A4 70 gsm,Vở và giấy,Double A,ram,82000.0,25,lecturer_sample,2025-12,246000.0,0.0,246000.0
ORD000877,P0078,4,1616318.0,C0050,2025-06-26 17:03:00,e-wallet,online,0.0,Hà Nội,retail,2024-08-04,Soumission,Sách,Unknown,quyển,1653300.0,22,public_website,2025-06,6465272.0,0.0,6465272.0
ORD000877,P0079,4,1578060.0,C0050,2025-06-26 17:03:00,e-wallet,online,0.0,Hà Nội,retail,2024-08-04,Sharp Objects,Sách,Unknown,quyển,1578060.0,24,public_website,2025-06,6312240.0,0.0,6312240.0
ORD000878,P0085,2,1613257.0,C0084,2025-12-29 22:42:00,cash,website,0.0,Biên Hòa,retail,2024-12-06,The Black Maria,Sách,Unknown,quyển,1720950.0,16,public_website,2025-12,3226514.0,0.0,3226514.0
ORD000878,P0050,4,390646.0,C0084,2025-12-29 22:42:00,cash,website,0.0,Biên Hòa,retail,2024-12-06,Bảng trắng 60 x 90 cm,Thiết bị văn phòng,Bavico,chiếc,420000.0,5,lecturer_sample,2025-12,1562584.0,0.0,1562584.0
ORD000879,P0087,3,636491.0,C0011,2025-03-13 19:32:00,cash,online,0.0,Huế,retail,2024-12-22,Shakespeare's Sonnets,Sách,Unknown,quyển,681780.0,21,public_website,2025-03,1909473.0,0.0,1909473.0
ORD000879,P0084,1,745800.0,C0011,2025-03-13 19:32:00,cash,online,0.0,Huế,retail,2024-12-22,The Boys in the Boat: Nine Americans and Their Epic Quest for Gold at the 1936 Berlin Olympics,Sách,Unknown,quyển,745800.0,13,public_website,2025-03,745800.0,0.0,745800.0
ORD000879,P0064,5,27499750.0,C0011,2025-03-13 19:32:00,cash,online,0.0,Huế,retail,2024-12-22,Lenovo Yoga 920,Thiết bị văn phòng,Lenovo,chiếc,27499750.0,8,public_api,2025-03,137498750.0,0.0,137498750.0
ORD000880,P0068,28,8749750.0,C0038,2025-06-21 02:42:00,cash,online,0.0,Nha Trang,wholesale,2024-06-12,Samsung Galaxy Tab White,Thiết bị văn phòng,Samsung,chiếc,8749750.0,18,public_api,2025-06,244993000.0,0.0,244993000.0
ORD000880,P0043,14,3190000.0,C0038,2025-06-21 02:42:00,cash,online,0.0,Nha Trang,wholesale,2024-06-12,Máy in laser đơn sắc,Thiết bị văn phòng,Brother,chiếc,3190000.0,3,lecturer_sample,2025-06,44660000.0,0.0,44660000.0
ORD000880,P0035,29,16000.0,C0038,2025-06-21 02:42:00,cash,online,0.0,Nha Trang,wholesale,2024-06-12,Túi hồ sơ dây buộc,Hồ sơ và lưu trữ,Hồng Hà,chiếc,16000.0,25,lecturer_sample,2025-06,464000.0,0.0,464000.0
ORD000880,P0047,14,78000.0,C0038,2025-06-21 02:42:00,cash,online,0.0,Nha Trang,wholesale,2024-06-12,Máy dập ghim số 10,Thiết bị văn phòng,Max,chiếc,78000.0,15,lecturer_sample,2025-06,1092000.0,0.0,1092000.0
ORD000880,P0085,18,1720950.0,C0038,2025-06-21 02:42:00,cash,online,0.0,Nha Trang,wholesale,2024-06-12,The Black Maria,Sách,Unknown,quyển,1720950.0,16,public_website,2025-06,30977100.0,0.0,30977100.0
ORD000881,P0086,3,450911.0,C0203,2025-02-02 23:53:00,transfer,offline,0.0,Cần Thơ,retail,2024-02-19,"Starving Hearts (Triangular Trade Trilogy, #1)",Sách,Unknown,quyển,461670.0,19,public_website,2025-02,1352733.0,0.0,1352733.0
ORD000881,P0084,2,745800.0,C0203,2025-02-02 23:53:00,transfer,offline,0.0,Cần Thơ,retail,2024-02-19,The Boys in the Boat: Nine Americans and Their Epic Quest for Gold at the 1936 Berlin Olympics,Sách,Unknown,quyển,745800.0,13,public_website,2025-02,1491600.0,0.0,1491600.0
ORD000881,P0055,5,280000.0,C0203,2025-02-02 23:53:00,transfer,offline,0.0,Cần Thơ,retail,2024-02-19,Thẻ nhớ microSD 64 GB,Phụ kiện máy tính,SanDisk,chiếc,280000.0,10,lecturer_sample,2025-02,1400000.0,0.0,1400000.0
ORD000881,P0021,3,7000.0,C0203,2025-02-02 23:53:00,transfer,offline,0.0,Cần Thơ,retail,2024-02-19,Thước thẳng 20 cm,Dụng cụ học tập,Thiên Long,cây,7000.0,35,lecturer_sample,2025-02,21000.0,0.0,21000.0
ORD000882,P0036,5,166772.0,C0059,2025-01-21 19:52:00,card,online,0.0,Biên Hòa,retail,2024-08-18,Khay tài liệu 3 tầng,Hồ sơ và lưu trữ,Deli,bộ,185000.0,8,lecturer_sample,2025-01,833860.0,0.0,833860.0
ORD000882,P0038,3,33589.0,C0059,2025-01-21 19:52:00,card,online,0.0,Biên Hòa,retail,2024-08-18,Nhãn dán phân loại,Hồ sơ và lưu trữ,Avery,xấp,35000.0,18,lecturer_sample,2025-01,100767.0,0.0,100767.0
ORD000883,P0026,2,65000.0,C0128,2025-10-25 19:34:00,card,offline,0.0,Biên Hòa,retail,2023-12-17,Hộp bút vải,Dụng cụ học tập,OEM,chiếc,65000.0,15,lecturer_sample,2025-10,130000.0,0.0,130000.0
ORD000883,P0011,4,5000.0,C0128,2025-10-25 19:34:00,card,offline,0.0,Biên Hòa,retail,2023-12-17,Bút bi xanh 0.5 mm,Bút viết,Thiên Long,cây,5000.0,70,lecturer_sample,2025-10,20000.0,0.0,20000.0
ORD000883,P0022,2,16234.0,C0128,2025-10-25 19:34:00,card,offline,0.0,Biên Hòa,retail,2023-12-17,Thước ê ke 2 chiếc,Dụng cụ học tập,Deli,bộ,18000.0,20,lecturer_sample,2025-10,32468.0,0.0,32468.0
ORD000884,P0023,3,42000.0,C0034,2025-05-13 18:42:00,card,offline,0.0,Nha Trang,retail,2024-07-04,Compa học sinh,Dụng cụ học tập,Maped,chiếc,42000.0,15,lecturer_sample,2025-05,126000.0,0.0,126000.0
ORD000884,P0015,5,45000.0,C0034,2025-05-13 18:42:00,card,offline,0.0,Nha Trang,retail,2024-07-04,Bút máy học sinh,Bút viết,Hồng Hà,cây,45000.0,20,lecturer_sample,2025-05,225000.0,0.0,225000.0
ORD000884,P0016,1,25000.0,C0034,2025-05-13 18:42:00,card,offline,0.0,Nha Trang,retail,2024-07-04,Ống mực bút máy xanh,Bút viết,Hồng Hà,hộp,25000.0,25,lecturer_sample,2025-05,25000.0,0.0,25000.0
ORD000885,P0070,8,3023495.0,C0040,2025-03-04 16:15:00,card,website,0.0,TP. Hồ Chí Minh,wholesale,2023-12-03,Apple Airpods,Phụ kiện máy tính,Apple,cái,3249750.0,13,public_api,2025-03,24187960.0,0.0,24187960.0
ORD000886,P0059,1,55000.0,C0129,2025-10-01 23:32:00,cash,offline,0.0,Huế,retail,2024-07-20,Tấm lót chuột,Phụ kiện máy tính,OEM,chiếc,55000.0,20,lecturer_sample,2025-10,55000.0,0.0,55000.0
ORD000887,P0084,3,745800.0,C0100,2025-04-08 00:16:00,cash,offline,0.0,Cần Thơ,retail,2024-03-16,The Boys in the Boat: Nine Americans and Their Epic Quest for Gold at the 1936 Berlin Olympics,Sách,Unknown,quyển,745800.0,13,public_website,2025-04,2237400.0,0.0,2237400.0
ORD000887,P0055,5,280000.0,C0100,2025-04-08 00:16:00,cash,offline,0.0,Cần Thơ,retail,2024-03-16,Thẻ nhớ microSD 64 GB,Phụ kiện máy tính,SanDisk,chiếc,280000.0,10,lecturer_sample,2025-04,1400000.0,0.0,1400000.0
ORD000887,P0088,3,576180.0,C0100,2025-04-08 00:16:00,cash,offline,0.0,Cần Thơ,retail,2024-03-16,Set Me Free,Sách,Unknown,quyển,576180.0,24,public_website,2025-04,1728540.0,0.0,1728540.0
ORD000888,P0075,4,2417998.0,C0219,2025-07-20 04:48:00,transfer,offline,0.0,TP. Hồ Chí Minh,retail,2024-04-01,Apple MagSafe Battery Pack,Phụ kiện máy tính,Apple,cái,2499750.0,1,public_api,2025-07,9671992.0,0.0,9671992.0
ORD000888,P0071,1,13296264.0,C0219,2025-07-20 04:48:00,transfer,offline,0.0,TP. Hồ Chí Minh,retail,2024-04-01,Apple AirPods Max Silver,Phụ kiện máy tính,Apple,cái,13749750.0,11,public_api,2025-07,13296264.0,0.0,13296264.0
ORD000889,P0040,2,18000.0,C0214,2025-12-04 04:31:00,cash,offline,0.0,Biên Hòa,student,2024-05-31,Kẹp giấy 33 mm,Hồ sơ và lưu trữ,Plus,hộp,18000.0,30,lecturer_sample,2025-12,36000.0,0.0,36000.0
ORD000889,P0029,3,25000.0,C0214,2025-12-04 04:31:00,cash,offline,0.0,Biên Hòa,student,2024-05-31,Kéo học sinh 13 cm,Dụng cụ học tập,Deli,chiếc,25000.0,18,lecturer_sample,2025-12,75000.0,0.0,75000.0
ORD000890,P0077,20,1773420.0,C0171,2025-07-11 02:21:00,cash,online,0.0,Biên Hòa,wholesale,2024-04-17,Tipping the Velvet,Sách,Unknown,quyển,1773420.0,19,public_website,2025-07,35468400.0,0.0,35468400.0
ORD000890,P0078,22,1538666.0,C0171,2025-07-11 02:21:00,cash,online,0.0,Biên Hòa,wholesale,2024-04-17,Soumission,Sách,Unknown,quyển,1653300.0,22,public_website,2025-07,33850652.0,0.0,33850652.0
ORD000890,P0079,24,1531907.0,C0171,2025-07-11 02:21:00,cash,online,0.0,Biên Hòa,wholesale,2024-04-17,Sharp Objects,Sách,Unknown,quyển,1578060.0,24,public_website,2025-07,36765768.0,0.0,36765768.0
ORD000891,P0038,4,32384.0,C0164,2025-06-12 19:19:00,transfer,shopee,20000.0,Biên Hòa,retail,2024-11-18,Nhãn dán phân loại,Hồ sơ và lưu trữ,Avery,xấp,35000.0,18,lecturer_sample,2025-06,129536.0,5865.763424110417,123670.23657588958
ORD000891,P0005,4,78033.0,C0164,2025-06-12 19:19:00,transfer,shopee,20000.0,Biên Hòa,retail,2024-11-18,Sổ tay bìa da A5,Vở và giấy,OEM,quyển,79000.0,15,lecturer_sample,2025-06,312132.0,14134.236575889583,297997.7634241104
ORD000892,P0036,3,179287.0,C0094,2025-02-08 23:19:00,cash,offline,10000.0,Huế,office,2024-09-21,Khay tài liệu 3 tầng,Hồ sơ và lưu trữ,Deli,bộ,185000.0,8,lecturer_sample,2025-02,537861.0,7995.89992730473,529865.1000726953
ORD000892,P0003,7,12830.0,C0094,2025-02-08 23:19:00,cash,offline,10000.0,Huế,office,2024-09-21,Vở ô ly 96 trang,Vở và giấy,Hồng Hà,quyển,14000.0,35,lecturer_sample,2025-02,89810.0,1335.1251949318462,88474.87480506816
ORD000892,P0017,5,9000.0,C0094,2025-02-08 23:19:00,cash,offline,10000.0,Huế,office,2024-09-21,Bút chì 2B,Bút viết,Staedtler,cây,9000.0,45,lecturer_sample,2025-02,45000.0,668.9748777634237,44331.02512223658
ORD000893,P0069,17,2258940.0,C0021,2025-04-29 16:17:00,card,offline,20000.0,Hải Phòng,wholesale,2024-05-27,Amazon Echo Plus,Phụ kiện máy tính,Amazon,cái,2499750.0,12,public_api,2025-04,38401980.0,14819.472245601564,38387160.527754396
ORD000893,P0084,18,745800.0,C0021,2025-04-29 16:17:00,card,offline,20000.0,Hải Phòng,wholesale,2024-05-27,The Boys in the Boat: Nine Americans and Their Epic Quest for Gold at the 1936 Berlin Olympics,Sách,Unknown,quyển,745800.0,13,public_website,2025-04,13424400.0,5180.527754398435,13419219.472245602
ORD000894,P0009,4,18000.0,C0086,2025-05-19 03:03:00,cash,offline,0.0,Hà Nội,student,2024-09-19,Giấy note 3 x 3 inch,Vở và giấy,Deli,xấp,18000.0,30,lecturer_sample,2025-05,72000.0,0.0,72000.0
ORD000895,P0015,2,45000.0,C0208,2025-07-04 22:34:00,transfer,offline,0.0,Cần Thơ,student,2024-12-27,Bút máy học sinh,Bút viết,Hồng Hà,cây,45000.0,20,lecturer_sample,2025-07,90000.0,0.0,90000.0
ORD000896,P0042,5,42000.0,C0146,2025-12-25 17:40:00,transfer,website,0.0,Nha Trang,wholesale,2024-05-13,Pin AAA 4 viên,Thiết bị văn phòng,Panasonic,vỉ,42000.0,22,lecturer_sample,2025-12,210000.0,0.0,210000.0
ORD000896,P0066,13,12499750.0,C0146,2025-12-25 17:40:00,transfer,website,0.0,Nha Trang,wholesale,2024-05-13,iPad Mini 2021 Starlight,Thiết bị văn phòng,Apple,chiếc,12499750.0,9,public_api,2025-12,162496750.0,0.0,162496750.0
ORD000896,P0012,28,4584.0,C0146,2025-12-25 17:40:00,transfer,website,0.0,Nha Trang,wholesale,2024-05-13,Bút bi đen 0.5 mm,Bút viết,Thiên Long,cây,5000.0,60,lecturer_sample,2025-12,128352.0,0.0,128352.0
ORD000897,P0059,4,51537.0,C0141,2025-05-02 16:27:00,card,offline,0.0,Nha Trang,retail,2024-11-24,Tấm lót chuột,Phụ kiện máy tính,OEM,chiếc,55000.0,20,lecturer_sample,2025-05,206148.0,0.0,206148.0
ORD000898,P0081,3,747450.0,C0149,2025-05-28 20:15:00,e-wallet,online,5000.0,Cần Thơ,retail,2024-02-25,The Requiem Red,Sách,Unknown,quyển,747450.0,30,public_website,2025-05,2242350.0,3048.866711082709,2239301.133288917
ORD000898,P0023,5,42000.0,C0149,2025-05-28 20:15:00,e-wallet,online,5000.0,Cần Thơ,retail,2024-02-25,Compa học sinh,Dụng cụ học tập,Maped,chiếc,42000.0,15,lecturer_sample,2025-05,210000.0,285.5317008171645,209714.46829918283
ORD000898,P0054,5,245000.0,C0149,2025-05-28 20:15:00,e-wallet,online,5000.0,Cần Thơ,retail,2024-02-25,USB 64 GB,Phụ kiện máy tính,Kingston,chiếc,245000.0,12,lecturer_sample,2025-05,1225000.0,1665.6015881001265,1223334.3984118998
ORD000899,P0090,2,1068858.0,C0172,2025-05-08 18:45:00,cash,shopee,0.0,Biên Hòa,retail,2024-04-16,Rip it Up and Start Again,Sách,Unknown,quyển,1155660.0,30,public_website,2025-05,2137716.0,0.0,2137716.0
ORD000900,P0010,2,165000.0,C0029,2025-10-22 16:41:00,e-wallet,offline,0.0,Huế,retail,2024-09-13,Giấy photo A3 70 gsm,Vở và giấy,Double A,ram,165000.0,10,lecturer_sample,2025-10,330000.0,0.0,330000.0
ORD000901,P0029,9,25000.0,C0038,2025-11-29 04:07:00,transfer,website,0.0,Nha Trang,wholesale,2024-06-12,Kéo học sinh 13 cm,Dụng cụ học tập,Deli,chiếc,25000.0,18,lecturer_sample,2025-11,225000.0,0.0,225000.0
ORD000901,P0037,16,95000.0,C0038,2025-11-29 04:07:00,transfer,website,0.0,Nha Trang,wholesale,2024-06-12,Cặp tài liệu A4,Hồ sơ và lưu trữ,OEM,chiếc,95000.0,10,lecturer_sample,2025-11,1520000.0,0.0,1520000.0
ORD000901,P0058,26,335863.0,C0038,2025-11-29 04:07:00,transfer,website,0.0,Nha Trang,wholesale,2024-06-12,Bộ chia USB 4 cổng,Phụ kiện máy tính,Ugreen,chiếc,350000.0,8,lecturer_sample,2025-11,8732438.0,0.0,8732438.0
ORD000901,P0060,20,390000.0,C0038,2025-11-29 04:07:00,transfer,website,0.0,Nha Trang,wholesale,2024-06-12,Tai nghe có mic,Phụ kiện máy tính,Rapoo,chiếc,390000.0,8,lecturer_sample,2025-11,7800000.0,0.0,7800000.0
ORD000902,P0042,2,42000.0,C0071,2025-08-12 16:16:00,e-wallet,online,5000.0,TP. Hồ Chí Minh,retail,2023-12-25,Pin AAA 4 viên,Thiết bị văn phòng,Panasonic,vỉ,42000.0,22,lecturer_sample,2025-08,84000.0,5000.0,79000.0
ORD000903,P0070,3,3249750.0,C0074,2025-03-14 20:17:00,cash,online,0.0,Biên Hòa,retail,2024-08-28,Apple Airpods,Phụ kiện máy tính,Apple,cái,3249750.0,13,public_api,2025-03,9749250.0,0.0,9749250.0
ORD000904,P0077,5,1773420.0,C0058,2025-08-19 19:44:00,e-wallet,offline,0.0,Huế,retail,2024-06-19,Tipping the Velvet,Sách,Unknown,quyển,1773420.0,19,public_website,2025-08,8867100.0,0.0,8867100.0
ORD000904,P0025,2,15000.0,C0058,2025-08-19 19:44:00,e-wallet,offline,0.0,Huế,retail,2024-06-19,Gọt bút chì có hộp,Dụng cụ học tập,Deli,chiếc,15000.0,25,lecturer_sample,2025-08,30000.0,0.0,30000.0
ORD000904,P0043,3,3190000.0,C0058,2025-08-19 19:44:00,e-wallet,offline,0.0,Huế,retail,2024-06-19,Máy in laser đơn sắc,Thiết bị văn phòng,Brother,chiếc,3190000.0,3,lecturer_sample,2025-08,9570000.0,0.0,9570000.0
ORD000904,P0006,1,82000.0,C0058,2025-08-19 19:44:00,e-wallet,offline,0.0,Huế,retail,2024-06-19,Giấy in A4 70 gsm,Vở và giấy,Double A,ram,82000.0,25,lecturer_sample,2025-08,82000.0,0.0,82000.0
ORD000904,P0013,5,4836.0,C0058,2025-08-19 19:44:00,e-wallet,offline,0.0,Huế,retail,2024-06-19,Bút bi đỏ 0.5 mm,Bút viết,Thiên Long,cây,5000.0,50,lecturer_sample,2025-08,24180.0,0.0,24180.0
ORD000905,P0083,26,578097.0,C0006,2025-02-03 01:56:00,transfer,shopee,0.0,Hà Nội,wholesale,2024-03-26,"The Coming Woman: A Novel Based on the Life of the Infamous Feminist, Victoria Woodhull",Sách,Unknown,quyển,591690.0,10,public_website,2025-02,15030522.0,0.0,15030522.0
ORD000906,P0047,5,78000.0,C0148,2025-09-29 18:40:00,e-wallet,online,0.0,Nha Trang,wholesale,2024-11-02,Máy dập ghim số 10,Thiết bị văn phòng,Max,chiếc,78000.0,15,lecturer_sample,2025-09,390000.0,0.0,390000.0
ORD000906,P0048,10,12000.0,C0148,2025-09-29 18:40:00,e-wallet,online,0.0,Nha Trang,wholesale,2024-11-02,Kim bấm số 10,Thiết bị văn phòng,Max,hộp,12000.0,35,lecturer_sample,2025-09,120000.0,0.0,120000.0
ORD000906,P0003,14,13135.0,C0148,2025-09-29 18:40:00,e-wallet,online,0.0,Nha Trang,wholesale,2024-11-02,Vở ô ly 96 trang,Vở và giấy,Hồng Hà,quyển,14000.0,35,lecturer_sample,2025-09,183890.0,0.0,183890.0
ORD000907,P0059,7,55000.0,C0179,2025-05-21 01:12:00,transfer,offline,0.0,Nha Trang,office,2024-06-30,Tấm lót chuột,Phụ kiện máy tính,OEM,chiếc,55000.0,20,lecturer_sample,2025-05,385000.0,0.0,385000.0
ORD000907,P0088,5,576180.0,C0179,2025-05-21 01:12:00,transfer,offline,0.0,Nha Trang,office,2024-06-30,Set Me Free,Sách,Unknown,quyển,576180.0,24,public_website,2025-05,2880900.0,0.0,2880900.0
ORD000907,P0032,9,12000.0,C0179,2025-05-21 01:12:00,transfer,offline,0.0,Nha Trang,office,2024-06-30,Bìa nút A4,Hồ sơ và lưu trữ,Deli,chiếc,12000.0,35,lecturer_sample,2025-05,108000.0,0.0,108000.0
ORD000907,P0006,10,82000.0,C0179,2025-05-21 01:12:00,transfer,offline,0.0,Nha Trang,office,2024-06-30,Giấy in A4 70 gsm,Vở và giấy,Double A,ram,82000.0,25,lecturer_sample,2025-05,820000.0,0.0,820000.0
ORD000908,P0037,1,95000.0,C0020,2025-02-23 01:57:00,e-wallet,online,50000.0,Huế,retail,2024-07-17,Cặp tài liệu A4,Hồ sơ và lưu trữ,OEM,chiếc,95000.0,10,lecturer_sample,2025-02,95000.0,50000.0,45000.0
ORD000909,P0019,5,22000.0,C0141,2025-08-15 03:08:00,cash,offline,0.0,Nha Trang,retail,2024-11-24,Ruột chì kim 0.5 mm,Bút viết,Pentel,hộp,22000.0,25,lecturer_sample,2025-08,110000.0,0.0,110000.0
ORD000910,P0019,3,20863.0,C0072,2025-11-27 01:56:00,cash,offline,0.0,Huế,student,2024-12-04,Ruột chì kim 0.5 mm,Bút viết,Pentel,hộp,22000.0,25,lecturer_sample,2025-11,62589.0,0.0,62589.0
ORD000910,P0030,2,14000.0,C0072,2025-11-27 01:56:00,cash,offline,0.0,Huế,student,2024-12-04,Hồ khô 15 g,Dụng cụ học tập,Thiên Long,thỏi,14000.0,28,lecturer_sample,2025-11,28000.0,0.0,28000.0
ORD000911,P0062,5,44999750.0,C0177,2025-05-23 00:10:00,card,offline,0.0,Huế,retail,2024-06-23,Asus Zenbook Pro Dual Screen Laptop,Thiết bị văn phòng,Asus,chiếc,44999750.0,9,public_api,2025-05,224998750.0,0.0,224998750.0
ORD000911,P0049,5,125000.0,C0177,2025-05-23 00:10:00,card,offline,0.0,Huế,retail,2024-06-23,Máy đục lỗ 2 lỗ,Thiết bị văn phòng,Deli,chiếc,125000.0,10,lecturer_sample,2025-05,625000.0,0.0,625000.0
ORD000911,P0077,4,1773420.0,C0177,2025-05-23 00:10:00,card,offline,0.0,Huế,retail,2024-06-23,Tipping the Velvet,Sách,Unknown,quyển,1773420.0,19,public_website,2025-05,7093680.0,0.0,7093680.0
ORD000911,P0019,3,20901.0,C0177,2025-05-23 00:10:00,card,offline,0.0,Huế,retail,2024-06-23,Ruột chì kim 0.5 mm,Bút viết,Pentel,hộp,22000.0,25,lecturer_sample,2025-05,62703.0,0.0,62703.0
ORD000912,P0050,4,420000.0,C0043,2025-01-15 03:06:00,transfer,offline,10000.0,Biên Hòa,retail,2024-02-16,Bảng trắng 60 x 90 cm,Thiết bị văn phòng,Bavico,chiếc,420000.0,5,lecturer_sample,2025-01,1680000.0,7518.426858684902,1672481.573141315
ORD000912,P0059,4,55000.0,C0043,2025-01-15 03:06:00,transfer,offline,10000.0,Biên Hòa,retail,2024-02-16,Tấm lót chuột,Phụ kiện máy tính,OEM,chiếc,55000.0,20,lecturer_sample,2025-01,220000.0,984.5558981611181,219015.4441018389
ORD000912,P0018,2,38000.0,C0043,2025-01-15 03:06:00,transfer,offline,10000.0,Biên Hòa,retail,2024-02-16,Bút chì kim 0.5 mm,Bút viết,Pentel,cây,38000.0,20,lecturer_sample,2025-01,76000.0,340.11931027384077,75659.88068972615
ORD000912,P0022,2,18000.0,C0043,2025-01-15 03:06:00,transfer,offline,10000.0,Biên Hòa,retail,2024-02-16,Thước ê ke 2 chiếc,Dụng cụ học tập,Deli,bộ,18000.0,20,lecturer_sample,2025-01,36000.0,161.10914697181934,35838.890853028184
ORD000912,P0005,3,74170.0,C0043,2025-01-15 03:06:00,transfer,offline,10000.0,Biên Hòa,retail,2024-02-16,Sổ tay bìa da A5,Vở và giấy,OEM,quyển,79000.0,15,lecturer_sample,2025-01,222510.0,995.7887859083199,221514.2112140917
ORD000913,P0016,2,25000.0,C0177,2025-02-02 18:30:00,cash,offline,50000.0,Huế,retail,2024-06-23,Ống mực bút máy xanh,Bút viết,Hồng Hà,hộp,25000.0,25,lecturer_sample,2025-02,50000.0,12019.23076923077,37980.769230769234
ORD000913,P0005,2,79000.0,C0177,2025-02-02 18:30:00,cash,offline,50000.0,Huế,retail,2024-06-23,Sổ tay bìa da A5,Vở và giấy,OEM,quyển,79000.0,15,lecturer_sample,2025-02,158000.0,37980.76923076923,120019.23076923078
ORD000914,P0063,10,33371711.0,C0112,2025-04-29 03:52:00,card,website,0.0,Đà Nẵng,wholesale,2024-05-16,Huawei Matebook X Pro,Thiết bị văn phòng,Huawei,chiếc,34999750.0,15,public_api,2025-04,333717110.0,0.0,333717110.0
ORD000915,P0055,1,280000.0,C0170,2025-10-18 19:28:00,transfer,website,0.0,Hải Phòng,student,2024-12-16,Thẻ nhớ microSD 64 GB,Phụ kiện máy tính,SanDisk,chiếc,280000.0,10,lecturer_sample,2025-10,280000.0,0.0,280000.0
ORD000915,P0073,3,2499750.0,C0170,2025-10-18 19:28:00,transfer,website,0.0,Hải Phòng,student,2024-12-16,Apple HomePod Mini Cosmic Grey,Phụ kiện máy tính,Apple,cái,2499750.0,5,public_api,2025-10,7499250.0,0.0,7499250.0
ORD000915,P0074,5,499750.0,C0170,2025-10-18 19:28:00,transfer,website,0.0,Hải Phòng,student,2024-12-16,Apple iPhone Charger,Phụ kiện máy tính,Apple,cái,499750.0,6,public_api,2025-10,2498750.0,0.0,2498750.0
ORD000916,P0083,11,576012.0,C0024,2025-10-25 17:50:00,e-wallet,website,50000.0,Cần Thơ,office,2024-06-09,"The Coming Woman: A Novel Based on the Life of the Infamous Feminist, Victoria Woodhull",Sách,Unknown,quyển,591690.0,10,public_website,2025-10,6336132.0,714.0029459039636,6335417.997054096
ORD000916,P0021,2,7000.0,C0024,2025-10-25 17:50:00,e-wallet,website,50000.0,Cần Thơ,office,2024-06-09,Thước thẳng 20 cm,Dụng cụ học tập,Thiên Long,cây,7000.0,35,lecturer_sample,2025-10,14000.0,1.577625157218235,13998.422374842781
ORD000916,P0062,10,43735476.0,C0024,2025-10-25 17:50:00,e-wallet,website,50000.0,Cần Thơ,office,2024-06-09,Asus Zenbook Pro Dual Screen Laptop,Thiết bị văn phòng,Asus,chiếc,44999750.0,9,public_api,2025-10,437354760.0,49284.41942893882,437305475.58057106
ORD000917,P0080,5,1789590.0,C0062,2025-01-27 00:54:00,card,offline,0.0,TP. Hồ Chí Minh,student,2023-12-01,Sapiens: A Brief History of Humankind,Sách,Unknown,quyển,1789590.0,27,public_website,2025-01,8947950.0,0.0,8947950.0
ORD000917,P0077,2,1773420.0,C0062,2025-01-27 00:54:00,card,offline,0.0,TP. Hồ Chí Minh,student,2023-12-01,Tipping the Velvet,Sách,Unknown,quyển,1773420.0,19,public_website,2025-01,3546840.0,0.0,3546840.0
ORD000917,P0049,4,114810.0,C0062,2025-01-27 00:54:00,card,offline,0.0,TP. Hồ Chí Minh,student,2023-12-01,Máy đục lỗ 2 lỗ,Thiết bị văn phòng,Deli,chiếc,125000.0,10,lecturer_sample,2025-01,459240.0,0.0,459240.0
ORD000917,P0030,2,14000.0,C0062,2025-01-27 00:54:00,card,offline,0.0,TP. Hồ Chí Minh,student,2023-12-01,Hồ khô 15 g,Dụng cụ học tập,Thiên Long,thỏi,14000.0,28,lecturer_sample,2025-01,28000.0,0.0,28000.0
ORD000918,P0038,3,32564.0,C0023,2025-09-23 18:39:00,e-wallet,offline,20000.0,Hải Phòng,retail,2024-02-23,Nhãn dán phân loại,Hồ sơ và lưu trữ,Avery,xấp,35000.0,18,lecturer_sample,2025-09,97692.0,7174.557245096923,90517.44275490308
ORD000918,P0056,1,174637.0,C0023,2025-09-23 18:39:00,e-wallet,offline,20000.0,Hải Phòng,retail,2024-02-23,Cáp HDMI 2 m,Phụ kiện máy tính,Ugreen,sợi,180000.0,12,lecturer_sample,2025-09,174637.0,12825.442754903075,161811.55724509692
ORD000919,P0065,8,37499750.0,C0199,2025-12-08 03:01:00,e-wallet,website,10000.0,TP. Hồ Chí Minh,wholesale,2024-07-27,New DELL XPS 13 9300 Laptop,Thiết bị văn phòng,Dell,chiếc,37499750.0,14,public_api,2025-12,299998000.0,9803.56191006632,299988196.4380899
ORD000919,P0008,22,65000.0,C0199,2025-12-08 03:01:00,e-wallet,website,10000.0,TP. Hồ Chí Minh,wholesale,2024-07-27,Giấy màu A4 100 tờ,Vở và giấy,IK Plus,xấp,65000.0,15,lecturer_sample,2025-12,1430000.0,46.73062330880486,1429953.2693766912
ORD000919,P0015,6,43531.0,C0199,2025-12-08 03:01:00,e-wallet,website,10000.0,TP. Hồ Chí Minh,wholesale,2024-07-27,Bút máy học sinh,Bút viết,Hồng Hà,cây,45000.0,20,lecturer_sample,2025-12,261186.0,8.535233971701752,261177.4647660283
ORD000919,P0056,24,180000.0,C0199,2025-12-08 03:01:00,e-wallet,website,10000.0,TP. Hồ Chí Minh,wholesale,2024-07-27,Cáp HDMI 2 m,Phụ kiện máy tính,Ugreen,sợi,180000.0,12,lecturer_sample,2025-12,4320000.0,141.1722326531727,4319858.827767347
ORD000920,P0073,10,2267009.0,C0039,2025-06-30 21:24:00,e-wallet,offline,10000.0,Cần Thơ,office,2024-07-24,Apple HomePod Mini Cosmic Grey,Phụ kiện máy tính,Apple,cái,2499750.0,5,public_api,2025-06,22670090.0,9001.462622676703,22661088.537377324
ORD000920,P0074,4,462772.0,C0039,2025-06-30 21:24:00,e-wallet,offline,10000.0,Cần Thơ,office,2024-07-24,Apple iPhone Charger,Phụ kiện máy tính,Apple,cái,499750.0,6,public_api,2025-06,1851088.0,734.9992630503616,1850353.0007369497
ORD000920,P0026,11,60338.0,C0039,2025-06-30 21:24:00,e-wallet,offline,10000.0,Cần Thơ,office,2024-07-24,Hộp bút vải,Dụng cụ học tập,OEM,chiếc,65000.0,15,lecturer_sample,2025-06,663718.0,263.5381142729357,663454.461885727
ORD000921,P0005,12,79000.0,C0121,2025-01-22 00:27:00,transfer,offline,0.0,Nha Trang,office,2024-09-09,Sổ tay bìa da A5,Vở và giấy,OEM,quyển,79000.0,15,lecturer_sample,2025-01,948000.0,0.0,948000.0
ORD000922,P0035,5,16000.0,C0093,2025-09-22 20:33:00,transfer,shopee,50000.0,TP. Hồ Chí Minh,retail,2023-12-18,Túi hồ sơ dây buộc,Hồ sơ và lưu trữ,Hồng Hà,chiếc,16000.0,25,lecturer_sample,2025-09,80000.0,50000.0,30000.0
ORD000923,P0076,2,1708410.0,C0083,2025-07-10 02:03:00,e-wallet,offline,5000.0,Cần Thơ,retail,2024-07-17,A Light in the Attic,Sách,Unknown,quyển,1708410.0,16,public_website,2025-07,3416820.0,4471.487368069778,3412348.5126319304
ORD000923,P0034,5,80771.0,C0083,2025-07-10 02:03:00,e-wallet,offline,5000.0,Cần Thơ,retail,2024-07-17,File hộp 10 cm,Hồ sơ và lưu trữ,Flexoffice,chiếc,85000.0,15,lecturer_sample,2025-07,403855.0,528.5126319302218,403326.48736806976
ORD000924,P0072,1,1845276.0,C0159,2025-07-02 04:01:00,card,shopee,5000.0,Hải Phòng,student,2024-10-15,Apple Airpower Wireless Charger,Phụ kiện máy tính,Apple,cái,1999750.0,1,public_api,2025-07,1845276.0,513.2140214575368,1844762.7859785424
ORD000924,P0087,5,681780.0,C0159,2025-07-02 04:01:00,card,shopee,5000.0,Hải Phòng,student,2024-10-15,Shakespeare's Sonnets,Sách,Unknown,quyển,681780.0,21,public_website,2025-07,3408900.0,948.0940941878598,3407951.905905812
ORD000924,P0078,5,1597858.0,C0159,2025-07-02 04:01:00,card,shopee,5000.0,Hải Phòng,student,2024-10-15,Soumission,Sách,Unknown,quyển,1653300.0,22,public_website,2025-07,7989290.0,2222.006707663506,7987067.993292336
ORD000924,P0079,3,1578060.0,C0159,2025-07-02 04:01:00,card,shopee,5000.0,Hải Phòng,student,2024-10-15,Sharp Objects,Sách,Unknown,quyển,1578060.0,24,public_website,2025-07,4734180.0,1316.6851766910972,4732863.314823309
ORD000925,P0045,2,1850000.0,C0067,2025-11-26 18:35:00,cash,offline,0.0,Biên Hòa,retail,2024-09-15,Máy hủy tài liệu,Thiết bị văn phòng,Silicon,chiếc,1850000.0,3,lecturer_sample,2025-11,3700000.0,0.0,3700000.0
ORD000925,P0086,1,461670.0,C0067,2025-11-26 18:35:00,cash,offline,0.0,Biên Hòa,retail,2024-09-15,"Starving Hearts (Triangular Trade Trilogy, #1)",Sách,Unknown,quyển,461670.0,19,public_website,2025-11,461670.0,0.0,461670.0
ORD000925,P0046,4,890000.0,C0067,2025-11-26 18:35:00,cash,offline,0.0,Biên Hòa,retail,2024-09-15,Máy ép plastic A4,Thiết bị văn phòng,Deli,chiếc,890000.0,4,lecturer_sample,2025-11,3560000.0,0.0,3560000.0
ORD000925,P0035,3,15151.0,C0067,2025-11-26 18:35:00,cash,offline,0.0,Biên Hòa,retail,2024-09-15,Túi hồ sơ dây buộc,Hồ sơ và lưu trữ,Hồng Hà,chiếc,16000.0,25,lecturer_sample,2025-11,45453.0,0.0,45453.0
ORD000926,P0027,10,92000.0,C0166,2025-12-10 02:46:00,transfer,offline,0.0,Huế,office,2024-07-22,Bộ màu sáp 24 màu,Dụng cụ học tập,Crayola,bộ,92000.0,12,lecturer_sample,2025-12,920000.0,0.0,920000.0
ORD000926,P0003,3,14000.0,C0166,2025-12-10 02:46:00,transfer,offline,0.0,Huế,office,2024-07-22,Vở ô ly 96 trang,Vở và giấy,Hồng Hà,quyển,14000.0,35,lecturer_sample,2025-12,42000.0,0.0,42000.0
ORD000927,P0076,30,1708410.0,C0200,2025-05-09 17:29:00,cash,offline,0.0,Biên Hòa,wholesale,2024-03-18,A Light in the Attic,Sách,Unknown,quyển,1708410.0,16,public_website,2025-05,51252300.0,0.0,51252300.0
ORD000927,P0089,26,1725570.0,C0200,2025-05-09 17:29:00,cash,offline,0.0,Biên Hòa,wholesale,2024-03-18,Scott Pilgrim's Precious Little Life (Scott Pilgrim #1),Sách,Unknown,quyển,1725570.0,27,public_website,2025-05,44864820.0,0.0,44864820.0
ORD000927,P0035,22,16000.0,C0200,2025-05-09 17:29:00,cash,offline,0.0,Biên Hòa,wholesale,2024-03-18,Túi hồ sơ dây buộc,Hồ sơ và lưu trữ,Hồng Hà,chiếc,16000.0,25,lecturer_sample,2025-05,352000.0,0.0,352000.0
ORD000927,P0032,14,12000.0,C0200,2025-05-09 17:29:00,cash,offline,0.0,Biên Hòa,wholesale,2024-03-18,Bìa nút A4,Hồ sơ và lưu trữ,Deli,chiếc,12000.0,35,lecturer_sample,2025-05,168000.0,0.0,168000.0
ORD000928,P0028,3,78000.0,C0187,2025-01-13 02:05:00,cash,shopee,0.0,Hà Nội,office,2024-02-01,Bộ màu nước 12 màu,Dụng cụ học tập,Pentel,bộ,78000.0,12,lecturer_sample,2025-01,234000.0,0.0,234000.0
ORD000928,P0073,10,2499750.0,C0187,2025-01-13 02:05:00,cash,shopee,0.0,Hà Nội,office,2024-02-01,Apple HomePod Mini Cosmic Grey,Phụ kiện máy tính,Apple,cái,2499750.0,5,public_api,2025-01,24997500.0,0.0,24997500.0
ORD000929,P0013,6,4631.0,C0133,2025-04-02 20:21:00,card,shopee,0.0,Nha Trang,wholesale,2024-08-14,Bút bi đỏ 0.5 mm,Bút viết,Thiên Long,cây,5000.0,50,lecturer_sample,2025-04,27786.0,0.0,27786.0
ORD000929,P0055,11,257265.0,C0133,2025-04-02 20:21:00,card,shopee,0.0,Nha Trang,wholesale,2024-08-14,Thẻ nhớ microSD 64 GB,Phụ kiện máy tính,SanDisk,chiếc,280000.0,10,lecturer_sample,2025-04,2829915.0,0.0,2829915.0
ORD000929,P0062,29,41286803.0,C0133,2025-04-02 20:21:00,card,shopee,0.0,Nha Trang,wholesale,2024-08-14,Asus Zenbook Pro Dual Screen Laptop,Thiết bị văn phòng,Asus,chiếc,44999750.0,9,public_api,2025-04,1197317287.0,0.0,1197317287.0
ORD000930,P0012,1,5000.0,C0135,2025-05-13 01:20:00,e-wallet,shopee,50000.0,Cần Thơ,retail,2024-01-26,Bút bi đen 0.5 mm,Bút viết,Thiên Long,cây,5000.0,60,lecturer_sample,2025-05,5000.0,4.15905801661344,4995.840941983387
ORD000930,P0066,5,11521003.0,C0135,2025-05-13 01:20:00,e-wallet,shopee,50000.0,Cần Thơ,retail,2024-01-26,iPad Mini 2021 Starlight,Thiết bị văn phòng,Apple,chiếc,12499750.0,9,public_api,2025-05,57605015.0,47916.519886577495,57557098.480113424
ORD000930,P0075,1,2499750.0,C0135,2025-05-13 01:20:00,e-wallet,shopee,50000.0,Cần Thơ,retail,2024-01-26,Apple MagSafe Battery Pack,Phụ kiện máy tính,Apple,cái,2499750.0,1,public_api,2025-05,2499750.0,2079.3210554058896,2497670.678944594
ORD000931,P0029,1,23877.0,C0051,2025-09-10 19:08:00,cash,shopee,0.0,Cần Thơ,retail,2024-05-31,Kéo học sinh 13 cm,Dụng cụ học tập,Deli,chiếc,25000.0,18,lecturer_sample,2025-09,23877.0,0.0,23877.0
ORD000931,P0020,5,85000.0,C0051,2025-09-10 19:08:00,cash,shopee,0.0,Cần Thơ,retail,2024-05-31,Bút dạ quang 5 màu,Bút viết,Stabilo,bộ,85000.0,15,lecturer_sample,2025-09,425000.0,0.0,425000.0
ORD000932,P0078,4,1653300.0,C0084,2025-07-19 17:29:00,cash,offline,5000.0,Biên Hòa,retail,2024-12-06,Soumission,Sách,Unknown,quyển,1653300.0,22,public_website,2025-07,6613200.0,534.3739009627684,6612665.626099037
ORD000932,P0064,2,26046341.0,C0084,2025-07-19 17:29:00,cash,offline,5000.0,Biên Hòa,retail,2024-12-06,Lenovo Yoga 920,Thiết bị văn phòng,Lenovo,chiếc,27499750.0,8,public_api,2025-07,52092682.0,4209.30407245403,52088472.695927545
ORD000932,P0047,1,78000.0,C0084,2025-07-19 17:29:00,cash,offline,5000.0,Biên Hòa,retail,2024-12-06,Máy dập ghim số 10,Thiết bị văn phòng,Max,chiếc,78000.0,15,lecturer_sample,2025-07,78000.0,6.302722475518045,77993.69727752448
ORD000932,P0048,4,12000.0,C0084,2025-07-19 17:29:00,cash,offline,5000.0,Biên Hòa,retail,2024-12-06,Kim bấm số 10,Thiết bị văn phòng,Max,hộp,12000.0,35,lecturer_sample,2025-07,48000.0,3.8785984464726426,47996.12140155353
ORD000932,P0084,4,745800.0,C0084,2025-07-19 17:29:00,cash,offline,5000.0,Biên Hòa,retail,2024-12-06,The Boys in the Boat: Nine Americans and Their Epic Quest for Gold at the 1936 Berlin Olympics,Sách,Unknown,quyển,745800.0,13,public_website,2025-07,2983200.0,241.05489344827473,2982958.9451065515
ORD000932,P0019,3,20980.0,C0084,2025-07-19 17:29:00,cash,offline,5000.0,Biên Hòa,retail,2024-12-06,Ruột chì kim 0.5 mm,Bút viết,Pentel,hộp,22000.0,25,lecturer_sample,2025-07,62940.0,5.0858122129372525,62934.914187787064
ORD000933,P0019,5,22000.0,C0186,2025-08-01 16:56:00,cash,shopee,20000.0,Đà Nẵng,student,2024-06-22,Ruột chì kim 0.5 mm,Bút viết,Pentel,hộp,22000.0,25,lecturer_sample,2025-08,110000.0,4583.333333333333,105416.66666666667
ORD000933,P0033,5,69000.0,C0186,2025-08-01 16:56:00,cash,shopee,20000.0,Đà Nẵng,student,2024-06-22,Bìa còng 5 cm,Hồ sơ và lưu trữ,King Jim,chiếc,69000.0,18,lecturer_sample,2025-08,345000.0,14375.0,330625.0
ORD000933,P0013,5,5000.0,C0186,2025-08-01 16:56:00,cash,shopee,20000.0,Đà Nẵng,student,2024-06-22,Bút bi đỏ 0.5 mm,Bút viết,Thiên Long,cây,5000.0,50,lecturer_sample,2025-08,25000.0,1041.6666666666667,23958.333333333332
ORD000934,P0003,5,14000.0,C0060,2025-07-24 00:30:00,transfer,website,0.0,TP. Hồ Chí Minh,retail,2024-03-22,Vở ô ly 96 trang,Vở và giấy,Hồng Hà,quyển,14000.0,35,lecturer_sample,2025-07,70000.0,0.0,70000.0
ORD000934,P0017,2,9000.0,C0060,2025-07-24 00:30:00,transfer,website,0.0,TP. Hồ Chí Minh,retail,2024-03-22,Bút chì 2B,Bút viết,Staedtler,cây,9000.0,45,lecturer_sample,2025-07,18000.0,0.0,18000.0
ORD000934,P0089,4,1725570.0,C0060,2025-07-24 00:30:00,transfer,website,0.0,TP. Hồ Chí Minh,retail,2024-03-22,Scott Pilgrim's Precious Little Life (Scott Pilgrim #1),Sách,Unknown,quyển,1725570.0,27,public_website,2025-07,6902280.0,0.0,6902280.0
ORD000934,P0086,3,461670.0,C0060,2025-07-24 00:30:00,transfer,website,0.0,TP. Hồ Chí Minh,retail,2024-03-22,"Starving Hearts (Triangular Trade Trilogy, #1)",Sách,Unknown,quyển,461670.0,19,public_website,2025-07,1385010.0,0.0,1385010.0
ORD000935,P0066,12,12499750.0,C0024,2025-05-11 16:44:00,cash,shopee,0.0,Cần Thơ,office,2024-06-09,iPad Mini 2021 Starlight,Thiết bị văn phòng,Apple,chiếc,12499750.0,9,public_api,2025-05,149997000.0,0.0,149997000.0
ORD000935,P0012,7,5000.0,C0024,2025-05-11 16:44:00,cash,shopee,0.0,Cần Thơ,office,2024-06-09,Bút bi đen 0.5 mm,Bút viết,Thiên Long,cây,5000.0,60,lecturer_sample,2025-05,35000.0,0.0,35000.0
ORD000935,P0048,8,12000.0,C0024,2025-05-11 16:44:00,cash,shopee,0.0,Cần Thơ,office,2024-06-09,Kim bấm số 10,Thiết bị văn phòng,Max,hộp,12000.0,35,lecturer_sample,2025-05,96000.0,0.0,96000.0
ORD000936,P0068,1,8749750.0,C0203,2025-01-25 00:44:00,cash,website,0.0,Cần Thơ,retail,2024-02-19,Samsung Galaxy Tab White,Thiết bị văn phòng,Samsung,chiếc,8749750.0,18,public_api,2025-01,8749750.0,0.0,8749750.0
ORD000936,P0043,2,3190000.0,C0203,2025-01-25 00:44:00,cash,website,0.0,Cần Thơ,retail,2024-02-19,Máy in laser đơn sắc,Thiết bị văn phòng,Brother,chiếc,3190000.0,3,lecturer_sample,2025-01,6380000.0,0.0,6380000.0
ORD000937,P0003,3,14000.0,C0102,2025-11-08 17:52:00,card,website,10000.0,Cần Thơ,retail,2024-06-04,Vở ô ly 96 trang,Vở và giấy,Hồng Hà,quyển,14000.0,35,lecturer_sample,2025-11,42000.0,8.212588725288906,41991.78741127471
ORD000937,P0017,4,9000.0,C0102,2025-11-08 17:52:00,card,website,10000.0,Cần Thơ,retail,2024-06-04,Bút chì 2B,Bút viết,Staedtler,cây,9000.0,45,lecturer_sample,2025-11,36000.0,7.039361764533348,35992.96063823547
ORD000937,P0040,2,18000.0,C0102,2025-11-08 17:52:00,card,website,10000.0,Cần Thơ,retail,2024-06-04,Kẹp giấy 33 mm,Hồ sơ và lưu trữ,Plus,hộp,18000.0,30,lecturer_sample,2025-11,36000.0,7.039361764533348,35992.96063823547
ORD000937,P0028,1,78000.0,C0102,2025-11-08 17:52:00,card,website,10000.0,Cần Thơ,retail,2024-06-04,Bộ màu nước 12 màu,Dụng cụ học tập,Pentel,bộ,78000.0,12,lecturer_sample,2025-11,78000.0,15.251950489822256,77984.74804951018
ORD000937,P0068,4,8749750.0,C0102,2025-11-08 17:52:00,card,website,10000.0,Cần Thơ,retail,2024-06-04,Samsung Galaxy Tab White,Thiết bị văn phòng,Samsung,chiếc,8749750.0,18,public_api,2025-11,34999000.0,6843.628399913963,34992156.371600084
ORD000937,P0043,5,3190000.0,C0102,2025-11-08 17:52:00,card,website,10000.0,Cần Thơ,retail,2024-06-04,Máy in laser đơn sắc,Thiết bị văn phòng,Brother,chiếc,3190000.0,3,lecturer_sample,2025-11,15950000.0,3118.828337341859,15946881.171662658
ORD000938,P0026,15,65000.0,C0037,2025-11-15 19:33:00,e-wallet,shopee,0.0,Nha Trang,wholesale,2024-02-17,Hộp bút vải,Dụng cụ học tập,OEM,chiếc,65000.0,15,lecturer_sample,2025-11,975000.0,0.0,975000.0
ORD000938,P0088,20,565892.0,C0037,2025-11-15 19:33:00,e-wallet,shopee,0.0,Nha Trang,wholesale,2024-02-17,Set Me Free,Sách,Unknown,quyển,576180.0,24,public_website,2025-11,11317840.0,0.0,11317840.0
ORD000938,P0084,28,680382.0,C0037,2025-11-15 19:33:00,e-wallet,shopee,0.0,Nha Trang,wholesale,2024-02-17,The Boys in the Boat: Nine Americans and Their Epic Quest for Gold at the 1936 Berlin Olympics,Sách,Unknown,quyển,745800.0,13,public_website,2025-11,19050696.0,0.0,19050696.0
ORD000938,P0028,6,78000.0,C0037,2025-11-15 19:33:00,e-wallet,shopee,0.0,Nha Trang,wholesale,2024-02-17,Bộ màu nước 12 màu,Dụng cụ học tập,Pentel,bộ,78000.0,12,lecturer_sample,2025-11,468000.0,0.0,468000.0
ORD000939,P0009,2,18000.0,C0166,2025-07-12 01:46:00,cash,online,0.0,Huế,office,2024-07-22,Giấy note 3 x 3 inch,Vở và giấy,Deli,xấp,18000.0,30,lecturer_sample,2025-07,36000.0,0.0,36000.0
ORD000940,P0026,24,62149.0,C0145,2025-10-26 03:04:00,transfer,offline,0.0,Cần Thơ,wholesale,2024-04-29,Hộp bút vải,Dụng cụ học tập,OEM,chiếc,65000.0,15,lecturer_sample,2025-10,1491576.0,0.0,1491576.0
ORD000940,P0017,25,9000.0,C0145,2025-10-26 03:04:00,transfer,offline,0.0,Cần Thơ,wholesale,2024-04-29,Bút chì 2B,Bút viết,Staedtler,cây,9000.0,45,lecturer_sample,2025-10,225000.0,0.0,225000.0
ORD000940,P0002,24,18000.0,C0145,2025-10-26 03:04:00,transfer,offline,0.0,Cần Thơ,wholesale,2024-04-29,Vở kẻ ngang 120 trang,Vở và giấy,Campus,quyển,18000.0,30,lecturer_sample,2025-10,432000.0,0.0,432000.0
ORD000941,P0054,5,245000.0,C0097,2025-12-03 20:53:00,e-wallet,offline,0.0,Biên Hòa,retail,2024-04-29,USB 64 GB,Phụ kiện máy tính,Kingston,chiếc,245000.0,12,lecturer_sample,2025-12,1225000.0,0.0,1225000.0
ORD000941,P0053,5,157102.0,C0097,2025-12-03 20:53:00,e-wallet,offline,0.0,Biên Hòa,retail,2024-04-29,USB 32 GB,Phụ kiện máy tính,SanDisk,chiếc,165000.0,15,lecturer_sample,2025-12,785510.0,0.0,785510.0
ORD000942,P0009,2,18000.0,C0164,2025-10-19 19:09:00,transfer,website,0.0,Biên Hòa,retail,2024-11-18,Giấy note 3 x 3 inch,Vở và giấy,Deli,xấp,18000.0,30,lecturer_sample,2025-10,36000.0,0.0,36000.0
ORD000942,P0003,2,14000.0,C0164,2025-10-19 19:09:00,transfer,website,0.0,Biên Hòa,retail,2024-11-18,Vở ô ly 96 trang,Vở và giấy,Hồng Hà,quyển,14000.0,35,lecturer_sample,2025-10,28000.0,0.0,28000.0
ORD000942,P0017,2,8448.0,C0164,2025-10-19 19:09:00,transfer,website,0.0,Biên Hòa,retail,2024-11-18,Bút chì 2B,Bút viết,Staedtler,cây,9000.0,45,lecturer_sample,2025-10,16896.0,0.0,16896.0
ORD000943,P0003,10,12990.0,C0145,2025-10-14 16:26:00,cash,online,0.0,Cần Thơ,wholesale,2024-04-29,Vở ô ly 96 trang,Vở và giấy,Hồng Hà,quyển,14000.0,35,lecturer_sample,2025-10,129900.0,0.0,129900.0
ORD000943,P0015,28,45000.0,C0145,2025-10-14 16:26:00,cash,online,0.0,Cần Thơ,wholesale,2024-04-29,Bút máy học sinh,Bút viết,Hồng Hà,cây,45000.0,20,lecturer_sample,2025-10,1260000.0,0.0,1260000.0
ORD000943,P0040,24,18000.0,C0145,2025-10-14 16:26:00,cash,online,0.0,Cần Thơ,wholesale,2024-04-29,Kẹp giấy 33 mm,Hồ sơ và lưu trữ,Plus,hộp,18000.0,30,lecturer_sample,2025-10,432000.0,0.0,432000.0
ORD000944,P0022,3,17637.0,C0172,2025-12-07 01:58:00,card,shopee,5000.0,Biên Hòa,retail,2024-04-16,Thước ê ke 2 chiếc,Dụng cụ học tập,Deli,bộ,18000.0,20,lecturer_sample,2025-12,52911.0,366.4831168831169,52544.516883116885
ORD000944,P0087,1,668964.0,C0172,2025-12-07 01:58:00,card,shopee,5000.0,Biên Hòa,retail,2024-04-16,Shakespeare's Sonnets,Sách,Unknown,quyển,681780.0,21,public_website,2025-12,668964.0,4633.516883116883,664330.4831168831
ORD000945,P0075,16,2499750.0,C0145,2025-11-09 22:21:00,e-wallet,online,0.0,Cần Thơ,wholesale,2024-04-29,Apple MagSafe Battery Pack,Phụ kiện máy tính,Apple,cái,2499750.0,1,public_api,2025-11,39996000.0,0.0,39996000.0
ORD000946,P0049,7,114937.0,C0038,2025-08-12 02:17:00,card,offline,0.0,Nha Trang,wholesale,2024-06-12,Máy đục lỗ 2 lỗ,Thiết bị văn phòng,Deli,chiếc,125000.0,10,lecturer_sample,2025-08,804559.0,0.0,804559.0
ORD000947,P0077,1,1773420.0,C0144,2025-09-05 04:27:00,card,online,0.0,TP. Hồ Chí Minh,student,2024-11-01,Tipping the Velvet,Sách,Unknown,quyển,1773420.0,19,public_website,2025-09,1773420.0,0.0,1773420.0
ORD000948,P0052,1,282729.0,C0050,2025-05-17 22:34:00,card,online,0.0,Hà Nội,retail,2024-08-04,Bàn phím có dây,Phụ kiện máy tính,Logitech,chiếc,290000.0,8,lecturer_sample,2025-05,282729.0,0.0,282729.0
ORD000949,P0059,4,55000.0,C0043,2025-09-03 04:14:00,e-wallet,website,0.0,Biên Hòa,retail,2024-02-16,Tấm lót chuột,Phụ kiện máy tính,OEM,chiếc,55000.0,20,lecturer_sample,2025-09,220000.0,0.0,220000.0
ORD000950,P0008,5,65000.0,C0015,2025-03-02 04:24:00,card,shopee,0.0,TP. Hồ Chí Minh,wholesale,2024-06-08,Giấy màu A4 100 tờ,Vở và giấy,IK Plus,xấp,65000.0,15,lecturer_sample,2025-03,325000.0,0.0,325000.0
ORD000950,P0059,7,55000.0,C0015,2025-03-02 04:24:00,card,shopee,0.0,TP. Hồ Chí Minh,wholesale,2024-06-08,Tấm lót chuột,Phụ kiện máy tính,OEM,chiếc,55000.0,20,lecturer_sample,2025-03,385000.0,0.0,385000.0
ORD000951,P0056,29,180000.0,C0015,2025-11-11 02:17:00,cash,online,20000.0,TP. Hồ Chí Minh,wholesale,2024-06-08,Cáp HDMI 2 m,Phụ kiện máy tính,Ugreen,sợi,180000.0,12,lecturer_sample,2025-11,5220000.0,20000.0,5200000.0
ORD000952,P0039,3,28000.0,C0162,2025-09-25 19:55:00,transfer,online,20000.0,TP. Hồ Chí Minh,student,2024-12-26,Kẹp bướm 25 mm,Hồ sơ và lưu trữ,Deli,hộp,28000.0,25,lecturer_sample,2025-09,84000.0,3620.689655172414,80379.31034482758
ORD000952,P0037,4,95000.0,C0162,2025-09-25 19:55:00,transfer,online,20000.0,TP. Hồ Chí Minh,student,2024-12-26,Cặp tài liệu A4,Hồ sơ và lưu trữ,OEM,chiếc,95000.0,10,lecturer_sample,2025-09,380000.0,16379.310344827587,363620.6896551724
ORD000953,P0087,4,681780.0,C0154,2025-05-25 22:10:00,e-wallet,shopee,0.0,Huế,retail,2024-04-21,Shakespeare's Sonnets,Sách,Unknown,quyển,681780.0,21,public_website,2025-05,2727120.0,0.0,2727120.0
ORD000954,P0009,10,18000.0,C0153,2025-03-12 21:01:00,e-wallet,website,0.0,Đà Nẵng,wholesale,2024-12-08,Giấy note 3 x 3 inch,Vở và giấy,Deli,xấp,18000.0,30,lecturer_sample,2025-03,180000.0,0.0,180000.0
ORD000954,P0079,24,1578060.0,C0153,2025-03-12 21:01:00,e-wallet,website,0.0,Đà Nẵng,wholesale,2024-12-08,Sharp Objects,Sách,Unknown,quyển,1578060.0,24,public_website,2025-03,37873440.0,0.0,37873440.0
ORD000955,P0059,10,55000.0,C0200,2025-05-15 16:25:00,card,offline,10000.0,Biên Hòa,wholesale,2024-03-18,Tấm lót chuột,Phụ kiện máy tính,OEM,chiếc,55000.0,20,lecturer_sample,2025-05,550000.0,262.27589478521134,549737.7241052148
ORD000955,P0025,17,15000.0,C0200,2025-05-15 16:25:00,card,offline,10000.0,Biên Hòa,wholesale,2024-03-18,Gọt bút chì có hộp,Dụng cụ học tập,Deli,chiếc,15000.0,25,lecturer_sample,2025-05,255000.0,121.60064212768887,254878.39935787232
ORD000955,P0088,22,542637.0,C0200,2025-05-15 16:25:00,card,offline,10000.0,Biên Hòa,wholesale,2024-03-18,Set Me Free,Sách,Unknown,quyển,576180.0,24,public_website,2025-05,11938014.0,5692.824188742508,11932321.175811257
ORD000955,P0084,11,731570.0,C0200,2025-05-15 16:25:00,card,offline,10000.0,Biên Hòa,wholesale,2024-03-18,The Boys in the Boat: Nine Americans and Their Epic Quest for Gold at the 1936 Berlin Olympics,Sách,Unknown,quyển,745800.0,13,public_website,2025-05,8047270.0,3837.463526960341,8043432.53647304
ORD000955,P0040,10,18000.0,C0200,2025-05-15 16:25:00,card,offline,10000.0,Biên Hòa,wholesale,2024-03-18,Kẹp giấy 33 mm,Hồ sơ và lưu trữ,Plus,hộp,18000.0,30,lecturer_sample,2025-05,180000.0,85.83574738425096,179914.16425261574
ORD000956,P0019,20,22000.0,C0021,2025-11-05 18:00:00,card,offline,0.0,Hải Phòng,wholesale,2024-05-27,Ruột chì kim 0.5 mm,Bút viết,Pentel,hộp,22000.0,25,lecturer_sample,2025-11,440000.0,0.0,440000.0
ORD000956,P0038,16,35000.0,C0021,2025-11-05 18:00:00,card,offline,0.0,Hải Phòng,wholesale,2024-05-27,Nhãn dán phân loại,Hồ sơ và lưu trữ,Avery,xấp,35000.0,18,lecturer_sample,2025-11,560000.0,0.0,560000.0
ORD000957,P0048,17,12000.0,C0049,2025-04-22 23:04:00,cash,offline,20000.0,Hà Nội,wholesale,2024-12-30,Kim bấm số 10,Thiết bị văn phòng,Max,hộp,12000.0,35,lecturer_sample,2025-04,204000.0,17.912595700018183,203982.0874043
ORD000957,P0028,6,70864.0,C0049,2025-04-22 23:04:00,cash,offline,20000.0,Hà Nội,wholesale,2024-12-30,Bộ màu nước 12 màu,Dụng cụ học tập,Pentel,bộ,78000.0,12,lecturer_sample,2025-04,425184.0,37.3340641672379,425146.6659358328
ORD000957,P0053,13,165000.0,C0049,2025-04-22 23:04:00,cash,offline,20000.0,Hà Nội,wholesale,2024-12-30,USB 32 GB,Phụ kiện máy tính,SanDisk,chiếc,165000.0,15,lecturer_sample,2025-04,2145000.0,188.34567537519115,2144811.6543246247
ORD000957,P0065,6,37499750.0,C0049,2025-04-22 23:04:00,cash,offline,20000.0,Hà Nội,wholesale,2024-12-30,New DELL XPS 13 9300 Laptop,Thiết bị văn phòng,Dell,chiếc,37499750.0,14,public_api,2025-04,224998500.0,19756.407664757553,224978743.59233525
ORD000958,P0042,9,42000.0,C0053,2025-12-16 20:53:00,e-wallet,shopee,10000.0,TP. Hồ Chí Minh,office,2024-08-02,Pin AAA 4 viên,Thiết bị văn phòng,Panasonic,vỉ,42000.0,22,lecturer_sample,2025-12,378000.0,10000.0,368000.0
ORD000959,P0057,8,220000.0,C0044,2025-04-06 17:00:00,card,online,10000.0,Cần Thơ,office,2024-12-01,Cáp USB-C 1 m,Phụ kiện máy tính,Anker,sợi,220000.0,15,lecturer_sample,2025-04,1760000.0,877.7649908919415,1759122.235009108
ORD000959,P0079,10,1578060.0,C0044,2025-04-06 17:00:00,card,online,10000.0,Cần Thơ,office,2024-12-01,Sharp Objects,Sách,Unknown,quyển,1578060.0,24,public_website,2025-04,15780600.0,7870.26034958487,15772729.739650415
ORD000959,P0052,9,278925.0,C0044,2025-04-06 17:00:00,card,online,10000.0,Cần Thơ,office,2024-12-01,Bàn phím có dây,Phụ kiện máy tính,Logitech,chiếc,290000.0,8,lecturer_sample,2025-04,2510325.0,1251.974659523189,2509073.025340477
ORD000960,P0022,3,18000.0,C0113,2025-05-01 04:27:00,card,offline,0.0,Đà Nẵng,student,2024-04-10,Thước ê ke 2 chiếc,Dụng cụ học tập,Deli,bộ,18000.0,20,lecturer_sample,2025-05,54000.0,0.0,54000.0
ORD000960,P0076,4,1541093.0,C0113,2025-05-01 04:27:00,card,offline,0.0,Đà Nẵng,student,2024-04-10,A Light in the Attic,Sách,Unknown,quyển,1708410.0,16,public_website,2025-05,6164372.0,0.0,6164372.0
ORD000960,P0089,5,1725570.0,C0113,2025-05-01 04:27:00,card,offline,0.0,Đà Nẵng,student,2024-04-10,Scott Pilgrim's Precious Little Life (Scott Pilgrim #1),Sách,Unknown,quyển,1725570.0,27,public_website,2025-05,8627850.0,0.0,8627850.0
ORD000960,P0011,4,5000.0,C0113,2025-05-01 04:27:00,card,offline,0.0,Đà Nẵng,student,2024-04-10,Bút bi xanh 0.5 mm,Bút viết,Thiên Long,cây,5000.0,70,lecturer_sample,2025-05,20000.0,0.0,20000.0
ORD000960,P0046,1,890000.0,C0113,2025-05-01 04:27:00,card,offline,0.0,Đà Nẵng,student,2024-04-10,Máy ép plastic A4,Thiết bị văn phòng,Deli,chiếc,890000.0,4,lecturer_sample,2025-05,890000.0,0.0,890000.0
ORD000961,P0022,4,18000.0,C0180,2025-02-01 22:55:00,card,shopee,0.0,Hà Nội,student,2024-09-22,Thước ê ke 2 chiếc,Dụng cụ học tập,Deli,bộ,18000.0,20,lecturer_sample,2025-02,72000.0,0.0,72000.0
ORD000961,P0036,1,185000.0,C0180,2025-02-01 22:55:00,card,shopee,0.0,Hà Nội,student,2024-09-22,Khay tài liệu 3 tầng,Hồ sơ và lưu trữ,Deli,bộ,185000.0,8,lecturer_sample,2025-02,185000.0,0.0,185000.0
ORD000961,P0072,2,1999750.0,C0180,2025-02-01 22:55:00,card,shopee,0.0,Hà Nội,student,2024-09-22,Apple Airpower Wireless Charger,Phụ kiện máy tính,Apple,cái,1999750.0,1,public_api,2025-02,3999500.0,0.0,3999500.0
ORD000961,P0014,3,12000.0,C0180,2025-02-01 22:55:00,card,shopee,0.0,Hà Nội,student,2024-09-22,Bút gel xanh 0.5 mm,Bút viết,Deli,cây,12000.0,40,lecturer_sample,2025-02,36000.0,0.0,36000.0
ORD000962,P0033,5,69000.0,C0041,2025-02-14 22:43:00,transfer,shopee,0.0,Cần Thơ,student,2024-08-28,Bìa còng 5 cm,Hồ sơ và lưu trữ,King Jim,chiếc,69000.0,18,lecturer_sample,2025-02,345000.0,0.0,345000.0
ORD000962,P0048,2,12000.0,C0041,2025-02-14 22:43:00,transfer,shopee,0.0,Cần Thơ,student,2024-08-28,Kim bấm số 10,Thiết bị văn phòng,Max,hộp,12000.0,35,lecturer_sample,2025-02,24000.0,0.0,24000.0
ORD000962,P0039,5,28000.0,C0041,2025-02-14 22:43:00,transfer,shopee,0.0,Cần Thơ,student,2024-08-28,Kẹp bướm 25 mm,Hồ sơ và lưu trữ,Deli,hộp,28000.0,25,lecturer_sample,2025-02,140000.0,0.0,140000.0
ORD000962,P0009,5,18000.0,C0041,2025-02-14 22:43:00,transfer,shopee,0.0,Cần Thơ,student,2024-08-28,Giấy note 3 x 3 inch,Vở và giấy,Deli,xấp,18000.0,30,lecturer_sample,2025-02,90000.0,0.0,90000.0
ORD000963,P0071,1,12531779.0,C0117,2025-11-01 16:35:00,card,shopee,0.0,Đà Nẵng,retail,2024-06-04,Apple AirPods Max Silver,Phụ kiện máy tính,Apple,cái,13749750.0,11,public_api,2025-11,12531779.0,0.0,12531779.0
ORD000963,P0025,1,14578.0,C0117,2025-11-01 16:35:00,card,shopee,0.0,Đà Nẵng,retail,2024-06-04,Gọt bút chì có hộp,Dụng cụ học tập,Deli,chiếc,15000.0,25,lecturer_sample,2025-11,14578.0,0.0,14578.0
ORD000964,P0048,14,11165.0,C0155,2025-12-22 03:14:00,card,online,0.0,Hải Phòng,wholesale,2024-12-16,Kim bấm số 10,Thiết bị văn phòng,Max,hộp,12000.0,35,lecturer_sample,2025-12,156310.0,0.0,156310.0
ORD000964,P0088,28,576180.0,C0155,2025-12-22 03:14:00,card,online,0.0,Hải Phòng,wholesale,2024-12-16,Set Me Free,Sách,Unknown,quyển,576180.0,24,public_website,2025-12,16133040.0,0.0,16133040.0
ORD000964,P0061,22,49999750.0,C0155,2025-12-22 03:14:00,card,online,0.0,Hải Phòng,wholesale,2024-12-16,Apple MacBook Pro 14 Inch Space Grey,Thiết bị văn phòng,Apple,chiếc,49999750.0,5,public_api,2025-12,1099994500.0,0.0,1099994500.0
ORD000965,P0048,9,12000.0,C0166,2025-02-13 20:22:00,cash,shopee,0.0,Huế,office,2024-07-22,Kim bấm số 10,Thiết bị văn phòng,Max,hộp,12000.0,35,lecturer_sample,2025-02,108000.0,0.0,108000.0
ORD000965,P0040,4,18000.0,C0166,2025-02-13 20:22:00,cash,shopee,0.0,Huế,office,2024-07-22,Kẹp giấy 33 mm,Hồ sơ và lưu trữ,Plus,hộp,18000.0,30,lecturer_sample,2025-02,72000.0,0.0,72000.0
ORD000966,P0048,1,10869.0,C0140,2025-07-25 23:24:00,e-wallet,offline,0.0,Hải Phòng,retail,2024-09-18,Kim bấm số 10,Thiết bị văn phòng,Max,hộp,12000.0,35,lecturer_sample,2025-07,10869.0,0.0,10869.0
ORD000966,P0088,4,576180.0,C0140,2025-07-25 23:24:00,e-wallet,offline,0.0,Hải Phòng,retail,2024-09-18,Set Me Free,Sách,Unknown,quyển,576180.0,24,public_website,2025-07,2304720.0,0.0,2304720.0
ORD000966,P0084,5,745800.0,C0140,2025-07-25 23:24:00,e-wallet,offline,0.0,Hải Phòng,retail,2024-09-18,The Boys in the Boat: Nine Americans and Their Epic Quest for Gold at the 1936 Berlin Olympics,Sách,Unknown,quyển,745800.0,13,public_website,2025-07,3729000.0,0.0,3729000.0
ORD000967,P0045,1,1753601.0,C0139,2025-03-19 01:36:00,e-wallet,website,0.0,TP. Hồ Chí Minh,retail,2024-08-15,Máy hủy tài liệu,Thiết bị văn phòng,Silicon,chiếc,1850000.0,3,lecturer_sample,2025-03,1753601.0,0.0,1753601.0
ORD000967,P0064,5,27499750.0,C0139,2025-03-19 01:36:00,e-wallet,website,0.0,TP. Hồ Chí Minh,retail,2024-08-15,Lenovo Yoga 920,Thiết bị văn phòng,Lenovo,chiếc,27499750.0,8,public_api,2025-03,137498750.0,0.0,137498750.0
ORD000967,P0015,2,45000.0,C0139,2025-03-19 01:36:00,e-wallet,website,0.0,TP. Hồ Chí Minh,retail,2024-08-15,Bút máy học sinh,Bút viết,Hồng Hà,cây,45000.0,20,lecturer_sample,2025-03,90000.0,0.0,90000.0
ORD000967,P0028,2,78000.0,C0139,2025-03-19 01:36:00,e-wallet,website,0.0,TP. Hồ Chí Minh,retail,2024-08-15,Bộ màu nước 12 màu,Dụng cụ học tập,Pentel,bộ,78000.0,12,lecturer_sample,2025-03,156000.0,0.0,156000.0
ORD000968,P0032,4,12000.0,C0179,2025-05-18 16:42:00,cash,shopee,0.0,Nha Trang,office,2024-06-30,Bìa nút A4,Hồ sơ và lưu trữ,Deli,chiếc,12000.0,35,lecturer_sample,2025-05,48000.0,0.0,48000.0
ORD000968,P0035,10,16000.0,C0179,2025-05-18 16:42:00,cash,shopee,0.0,Nha Trang,office,2024-06-30,Túi hồ sơ dây buộc,Hồ sơ và lưu trữ,Hồng Hà,chiếc,16000.0,25,lecturer_sample,2025-05,160000.0,0.0,160000.0
ORD000968,P0055,7,258762.0,C0179,2025-05-18 16:42:00,cash,shopee,0.0,Nha Trang,office,2024-06-30,Thẻ nhớ microSD 64 GB,Phụ kiện máy tính,SanDisk,chiếc,280000.0,10,lecturer_sample,2025-05,1811334.0,0.0,1811334.0
ORD000968,P0060,4,364800.0,C0179,2025-05-18 16:42:00,cash,shopee,0.0,Nha Trang,office,2024-06-30,Tai nghe có mic,Phụ kiện máy tính,Rapoo,chiếc,390000.0,8,lecturer_sample,2025-05,1459200.0,0.0,1459200.0
ORD000969,P0076,5,1658965.0,C0152,2025-07-21 19:08:00,transfer,shopee,0.0,Hải Phòng,retail,2024-07-11,A Light in the Attic,Sách,Unknown,quyển,1708410.0,16,public_website,2025-07,8294825.0,0.0,8294825.0
ORD000969,P0089,2,1583230.0,C0152,2025-07-21 19:08:00,transfer,shopee,0.0,Hải Phòng,retail,2024-07-11,Scott Pilgrim's Precious Little Life (Scott Pilgrim #1),Sách,Unknown,quyển,1725570.0,27,public_website,2025-07,3166460.0,0.0,3166460.0
ORD000969,P0057,5,204736.0,C0152,2025-07-21 19:08:00,transfer,shopee,0.0,Hải Phòng,retail,2024-07-11,Cáp USB-C 1 m,Phụ kiện máy tính,Anker,sợi,220000.0,15,lecturer_sample,2025-07,1023680.0,0.0,1023680.0
ORD000970,P0029,3,25000.0,C0043,2025-05-14 17:43:00,e-wallet,offline,0.0,Biên Hòa,retail,2024-02-16,Kéo học sinh 13 cm,Dụng cụ học tập,Deli,chiếc,25000.0,18,lecturer_sample,2025-05,75000.0,0.0,75000.0
ORD000970,P0048,5,12000.0,C0043,2025-05-14 17:43:00,e-wallet,offline,0.0,Biên Hòa,retail,2024-02-16,Kim bấm số 10,Thiết bị văn phòng,Max,hộp,12000.0,35,lecturer_sample,2025-05,60000.0,0.0,60000.0
ORD000970,P0030,5,14000.0,C0043,2025-05-14 17:43:00,e-wallet,offline,0.0,Biên Hòa,retail,2024-02-16,Hồ khô 15 g,Dụng cụ học tập,Thiên Long,thỏi,14000.0,28,lecturer_sample,2025-05,70000.0,0.0,70000.0
ORD000971,P0060,4,390000.0,C0178,2025-04-24 21:33:00,card,offline,50000.0,Hà Nội,retail,2024-06-27,Tai nghe có mic,Phụ kiện máy tính,Rapoo,chiếc,390000.0,8,lecturer_sample,2025-04,1560000.0,23768.024084931072,1536231.975915069
ORD000971,P0009,4,17105.0,C0178,2025-04-24 21:33:00,card,offline,50000.0,Hà Nội,retail,2024-06-27,Giấy note 3 x 3 inch,Vở và giấy,Deli,xấp,18000.0,30,lecturer_sample,2025-04,68420.0,1042.4411589044769,67377.55884109552
ORD000971,P0078,1,1653300.0,C0178,2025-04-24 21:33:00,card,offline,50000.0,Hà Nội,retail,2024-06-27,Soumission,Sách,Unknown,quyển,1653300.0,22,public_website,2025-04,1653300.0,25189.53475616445,1628110.4652438355
ORD000972,P0024,1,7631.0,C0194,2025-09-08 04:43:00,cash,website,0.0,Hà Nội,student,2024-07-25,Tẩy chì trắng,Dụng cụ học tập,Staedtler,viên,8000.0,40,lecturer_sample,2025-09,7631.0,0.0,7631.0
ORD000972,P0002,2,18000.0,C0194,2025-09-08 04:43:00,cash,website,0.0,Hà Nội,student,2024-07-25,Vở kẻ ngang 120 trang,Vở và giấy,Campus,quyển,18000.0,30,lecturer_sample,2025-09,36000.0,0.0,36000.0
ORD000972,P0011,5,4650.0,C0194,2025-09-08 04:43:00,cash,website,0.0,Hà Nội,student,2024-07-25,Bút bi xanh 0.5 mm,Bút viết,Thiên Long,cây,5000.0,70,lecturer_sample,2025-09,23250.0,0.0,23250.0
ORD000973,P0033,15,69000.0,C0061,2025-05-19 04:02:00,e-wallet,offline,20000.0,Hải Phòng,wholesale,2024-09-24,Bìa còng 5 cm,Hồ sơ và lưu trữ,King Jim,chiếc,69000.0,18,lecturer_sample,2025-05,1035000.0,11031.045732477425,1023968.9542675226
ORD000973,P0006,11,76502.0,C0061,2025-05-19 04:02:00,e-wallet,offline,20000.0,Hải Phòng,wholesale,2024-09-24,Giấy in A4 70 gsm,Vở và giấy,Double A,ram,82000.0,25,lecturer_sample,2025-05,841522.0,8968.954267522577,832553.0457324774
ORD000974,P0047,2,78000.0,C0055,2025-08-03 23:46:00,card,website,0.0,Đà Nẵng,retail,2024-07-28,Máy dập ghim số 10,Thiết bị văn phòng,Max,chiếc,78000.0,15,lecturer_sample,2025-08,156000.0,0.0,156000.0
ORD000974,P0048,1,12000.0,C0055,2025-08-03 23:46:00,card,website,0.0,Đà Nẵng,retail,2024-07-28,Kim bấm số 10,Thiết bị văn phòng,Max,hộp,12000.0,35,lecturer_sample,2025-08,12000.0,0.0,12000.0
ORD000974,P0038,1,35000.0,C0055,2025-08-03 23:46:00,card,website,0.0,Đà Nẵng,retail,2024-07-28,Nhãn dán phân loại,Hồ sơ và lưu trữ,Avery,xấp,35000.0,18,lecturer_sample,2025-08,35000.0,0.0,35000.0
ORD000974,P0078,3,1653300.0,C0055,2025-08-03 23:46:00,card,website,0.0,Đà Nẵng,retail,2024-07-28,Soumission,Sách,Unknown,quyển,1653300.0,22,public_website,2025-08,4959900.0,0.0,4959900.0
ORD000974,P0079,4,1578060.0,C0055,2025-08-03 23:46:00,card,website,0.0,Đà Nẵng,retail,2024-07-28,Sharp Objects,Sách,Unknown,quyển,1578060.0,24,public_website,2025-08,6312240.0,0.0,6312240.0
ORD000975,P0006,2,77688.0,C0032,2025-12-24 01:33:00,card,offline,0.0,Hải Phòng,student,2024-02-07,Giấy in A4 70 gsm,Vở và giấy,Double A,ram,82000.0,25,lecturer_sample,2025-12,155376.0,0.0,155376.0
ORD000975,P0012,3,5000.0,C0032,2025-12-24 01:33:00,card,offline,0.0,Hải Phòng,student,2024-02-07,Bút bi đen 0.5 mm,Bút viết,Thiên Long,cây,5000.0,60,lecturer_sample,2025-12,15000.0,0.0,15000.0
ORD000976,P0071,3,13749750.0,C0036,2025-06-20 00:51:00,e-wallet,online,0.0,TP. Hồ Chí Minh,retail,2023-12-22,Apple AirPods Max Silver,Phụ kiện máy tính,Apple,cái,13749750.0,11,public_api,2025-06,41249250.0,0.0,41249250.0
ORD000976,P0038,2,35000.0,C0036,2025-06-20 00:51:00,e-wallet,online,0.0,TP. Hồ Chí Minh,retail,2023-12-22,Nhãn dán phân loại,Hồ sơ và lưu trữ,Avery,xấp,35000.0,18,lecturer_sample,2025-06,70000.0,0.0,70000.0
ORD000976,P0087,3,681780.0,C0036,2025-06-20 00:51:00,e-wallet,online,0.0,TP. Hồ Chí Minh,retail,2023-12-22,Shakespeare's Sonnets,Sách,Unknown,quyển,681780.0,21,public_website,2025-06,2045340.0,0.0,2045340.0
ORD000976,P0079,3,1578060.0,C0036,2025-06-20 00:51:00,e-wallet,online,0.0,TP. Hồ Chí Minh,retail,2023-12-22,Sharp Objects,Sách,Unknown,quyển,1578060.0,24,public_website,2025-06,4734180.0,0.0,4734180.0
ORD000977,P0028,18,70378.0,C0087,2025-10-29 22:23:00,cash,shopee,5000.0,Hà Nội,wholesale,2023-12-27,Bộ màu nước 12 màu,Dụng cụ học tập,Pentel,bộ,78000.0,12,lecturer_sample,2025-10,1266804.0,39.54043497362529,1266764.4595650265
ORD000977,P0063,5,31634830.0,C0087,2025-10-29 22:23:00,cash,shopee,5000.0,Hà Nội,wholesale,2023-12-27,Huawei Matebook X Pro,Thiết bị văn phòng,Huawei,chiếc,34999750.0,15,public_api,2025-10,158174150.0,4937.0500034602455,158169212.94999653
ORD000977,P0016,30,25000.0,C0087,2025-10-29 22:23:00,cash,shopee,5000.0,Hà Nội,wholesale,2023-12-27,Ống mực bút máy xanh,Bút viết,Hồng Hà,hộp,25000.0,25,lecturer_sample,2025-10,750000.0,23.409561566129383,749976.5904384339
ORD000978,P0008,1,65000.0,C0164,2025-04-29 01:41:00,card,offline,20000.0,Biên Hòa,retail,2024-11-18,Giấy màu A4 100 tờ,Vở và giấy,IK Plus,xấp,65000.0,15,lecturer_sample,2025-04,65000.0,175.423445208511,64824.57655479149
ORD000978,P0022,4,18000.0,C0164,2025-04-29 01:41:00,card,offline,20000.0,Biên Hòa,retail,2024-11-18,Thước ê ke 2 chiếc,Dụng cụ học tập,Deli,bộ,18000.0,20,lecturer_sample,2025-04,72000.0,194.31520084635065,71805.68479915365
ORD000978,P0057,2,220000.0,C0164,2025-04-29 01:41:00,card,offline,20000.0,Biên Hòa,retail,2024-11-18,Cáp USB-C 1 m,Phụ kiện máy tính,Anker,sợi,220000.0,15,lecturer_sample,2025-04,440000.0,1187.4817829499207,438812.51821705006
ORD000978,P0076,4,1708410.0,C0164,2025-04-29 01:41:00,card,offline,20000.0,Biên Hòa,retail,2024-11-18,A Light in the Attic,Sách,Unknown,quyển,1708410.0,16,public_website,2025-04,6833640.0,18442.77957099522,6815197.220429005
ORD000979,P0078,2,1653300.0,C0047,2025-12-16 17:18:00,e-wallet,offline,0.0,Hải Phòng,retail,2024-08-13,Soumission,Sách,Unknown,quyển,1653300.0,22,public_website,2025-12,3306600.0,0.0,3306600.0
ORD000979,P0079,4,1461820.0,C0047,2025-12-16 17:18:00,e-wallet,offline,0.0,Hải Phòng,retail,2024-08-13,Sharp Objects,Sách,Unknown,quyển,1578060.0,24,public_website,2025-12,5847280.0,0.0,5847280.0
ORD000979,P0035,4,16000.0,C0047,2025-12-16 17:18:00,e-wallet,offline,0.0,Hải Phòng,retail,2024-08-13,Túi hồ sơ dây buộc,Hồ sơ và lưu trữ,Hồng Hà,chiếc,16000.0,25,lecturer_sample,2025-12,64000.0,0.0,64000.0
ORD000980,P0067,2,14590191.0,C0002,2025-03-08 21:54:00,transfer,shopee,0.0,Hải Phòng,retail,2024-04-16,Samsung Galaxy Tab S8 Plus Grey,Thiết bị văn phòng,Samsung,chiếc,14999750.0,12,public_api,2025-03,29180382.0,0.0,29180382.0
ORD000980,P0064,1,25221069.0,C0002,2025-03-08 21:54:00,transfer,shopee,0.0,Hải Phòng,retail,2024-04-16,Lenovo Yoga 920,Thiết bị văn phòng,Lenovo,chiếc,27499750.0,8,public_api,2025-03,25221069.0,0.0,25221069.0
ORD000980,P0033,1,69000.0,C0002,2025-03-08 21:54:00,transfer,shopee,0.0,Hải Phòng,retail,2024-04-16,Bìa còng 5 cm,Hồ sơ và lưu trữ,King Jim,chiếc,69000.0,18,lecturer_sample,2025-03,69000.0,0.0,69000.0
ORD000980,P0006,5,82000.0,C0002,2025-03-08 21:54:00,transfer,shopee,0.0,Hải Phòng,retail,2024-04-16,Giấy in A4 70 gsm,Vở và giấy,Double A,ram,82000.0,25,lecturer_sample,2025-03,410000.0,0.0,410000.0
ORD000981,P0009,20,18000.0,C0216,2025-11-27 16:40:00,transfer,offline,5000.0,Cần Thơ,wholesale,2024-10-26,Giấy note 3 x 3 inch,Vở và giấy,Deli,xấp,18000.0,30,lecturer_sample,2025-11,360000.0,2272.7272727272725,357727.2727272727
ORD000981,P0035,27,16000.0,C0216,2025-11-27 16:40:00,transfer,offline,5000.0,Cần Thơ,wholesale,2024-10-26,Túi hồ sơ dây buộc,Hồ sơ và lưu trữ,Hồng Hà,chiếc,16000.0,25,lecturer_sample,2025-11,432000.0,2727.272727272727,429272.7272727273
ORD000982,P0036,3,185000.0,C0089,2025-01-14 00:10:00,card,online,0.0,TP. Hồ Chí Minh,student,2024-08-14,Khay tài liệu 3 tầng,Hồ sơ và lưu trữ,Deli,bộ,185000.0,8,lecturer_sample,2025-01,555000.0,0.0,555000.0
ORD000982,P0063,3,34999750.0,C0089,2025-01-14 00:10:00,card,online,0.0,TP. Hồ Chí Minh,student,2024-08-14,Huawei Matebook X Pro,Thiết bị văn phòng,Huawei,chiếc,34999750.0,15,public_api,2025-01,104999250.0,0.0,104999250.0
ORD000982,P0016,3,25000.0,C0089,2025-01-14 00:10:00,card,online,0.0,TP. Hồ Chí Minh,student,2024-08-14,Ống mực bút máy xanh,Bút viết,Hồng Hà,hộp,25000.0,25,lecturer_sample,2025-01,75000.0,0.0,75000.0
ORD000983,P0055,5,280000.0,C0098,2025-03-22 01:02:00,e-wallet,offline,0.0,TP. Hồ Chí Minh,retail,2024-12-16,Thẻ nhớ microSD 64 GB,Phụ kiện máy tính,SanDisk,chiếc,280000.0,10,lecturer_sample,2025-03,1400000.0,0.0,1400000.0
ORD000983,P0046,1,890000.0,C0098,2025-03-22 01:02:00,e-wallet,offline,0.0,TP. Hồ Chí Minh,retail,2024-12-16,Máy ép plastic A4,Thiết bị văn phòng,Deli,chiếc,890000.0,4,lecturer_sample,2025-03,890000.0,0.0,890000.0
ORD000984,P0058,5,345136.0,C0141,2025-04-05 03:28:00,transfer,website,0.0,Nha Trang,retail,2024-11-24,Bộ chia USB 4 cổng,Phụ kiện máy tính,Ugreen,chiếc,350000.0,8,lecturer_sample,2025-04,1725680.0,0.0,1725680.0
ORD000984,P0016,1,25000.0,C0141,2025-04-05 03:28:00,transfer,website,0.0,Nha Trang,retail,2024-11-24,Ống mực bút máy xanh,Bút viết,Hồng Hà,hộp,25000.0,25,lecturer_sample,2025-04,25000.0,0.0,25000.0
ORD000984,P0040,2,18000.0,C0141,2025-04-05 03:28:00,transfer,website,0.0,Nha Trang,retail,2024-11-24,Kẹp giấy 33 mm,Hồ sơ và lưu trữ,Plus,hộp,18000.0,30,lecturer_sample,2025-04,36000.0,0.0,36000.0
ORD000984,P0019,5,20224.0,C0141,2025-04-05 03:28:00,transfer,website,0.0,Nha Trang,retail,2024-11-24,Ruột chì kim 0.5 mm,Bút viết,Pentel,hộp,22000.0,25,lecturer_sample,2025-04,101120.0,0.0,101120.0
ORD000984,P0039,4,27607.0,C0141,2025-04-05 03:28:00,transfer,website,0.0,Nha Trang,retail,2024-11-24,Kẹp bướm 25 mm,Hồ sơ và lưu trữ,Deli,hộp,28000.0,25,lecturer_sample,2025-04,110428.0,0.0,110428.0
ORD000985,P0052,3,267382.0,C0188,2025-08-08 04:20:00,transfer,offline,0.0,Hà Nội,retail,2024-09-26,Bàn phím có dây,Phụ kiện máy tính,Logitech,chiếc,290000.0,8,lecturer_sample,2025-08,802146.0,0.0,802146.0
ORD000985,P0022,5,17075.0,C0188,2025-08-08 04:20:00,transfer,offline,0.0,Hà Nội,retail,2024-09-26,Thước ê ke 2 chiếc,Dụng cụ học tập,Deli,bộ,18000.0,20,lecturer_sample,2025-08,85375.0,0.0,85375.0
ORD000985,P0049,3,125000.0,C0188,2025-08-08 04:20:00,transfer,offline,0.0,Hà Nội,retail,2024-09-26,Máy đục lỗ 2 lỗ,Thiết bị văn phòng,Deli,chiếc,125000.0,10,lecturer_sample,2025-08,375000.0,0.0,375000.0
ORD000986,P0058,1,350000.0,C0079,2025-05-17 22:07:00,e-wallet,offline,0.0,Hải Phòng,retail,2024-12-17,Bộ chia USB 4 cổng,Phụ kiện máy tính,Ugreen,chiếc,350000.0,8,lecturer_sample,2025-05,350000.0,0.0,350000.0
ORD000986,P0067,3,14279534.0,C0079,2025-05-17 22:07:00,e-wallet,offline,0.0,Hải Phòng,retail,2024-12-17,Samsung Galaxy Tab S8 Plus Grey,Thiết bị văn phòng,Samsung,chiếc,14999750.0,12,public_api,2025-05,42838602.0,0.0,42838602.0
ORD000987,P0017,19,9000.0,C0199,2025-09-14 01:45:00,transfer,online,0.0,TP. Hồ Chí Minh,wholesale,2024-07-27,Bút chì 2B,Bút viết,Staedtler,cây,9000.0,45,lecturer_sample,2025-09,171000.0,0.0,171000.0
ORD000987,P0039,6,28000.0,C0199,2025-09-14 01:45:00,transfer,online,0.0,TP. Hồ Chí Minh,wholesale,2024-07-27,Kẹp bướm 25 mm,Hồ sơ và lưu trữ,Deli,hộp,28000.0,25,lecturer_sample,2025-09,168000.0,0.0,168000.0
ORD000987,P0076,26,1609606.0,C0199,2025-09-14 01:45:00,transfer,online,0.0,TP. Hồ Chí Minh,wholesale,2024-07-27,A Light in the Attic,Sách,Unknown,quyển,1708410.0,16,public_website,2025-09,41849756.0,0.0,41849756.0
ORD000988,P0063,1,34999750.0,C0135,2025-09-13 03:07:00,transfer,offline,10000.0,Cần Thơ,retail,2024-01-26,Huawei Matebook X Pro,Thiết bị văn phòng,Huawei,chiếc,34999750.0,15,public_api,2025-09,34999750.0,10000.0,34989750.0
ORD000989,P0006,12,77627.0,C0094,2025-07-24 03:50:00,e-wallet,online,0.0,Huế,office,2024-09-21,Giấy in A4 70 gsm,Vở và giấy,Double A,ram,82000.0,25,lecturer_sample,2025-07,931524.0,0.0,931524.0
ORD000989,P0043,10,2996856.0,C0094,2025-07-24 03:50:00,e-wallet,online,0.0,Huế,office,2024-09-21,Máy in laser đơn sắc,Thiết bị văn phòng,Brother,chiếc,3190000.0,3,lecturer_sample,2025-07,29968560.0,0.0,29968560.0
ORD000989,P0005,12,79000.0,C0094,2025-07-24 03:50:00,e-wallet,online,0.0,Huế,office,2024-09-21,Sổ tay bìa da A5,Vở và giấy,OEM,quyển,79000.0,15,lecturer_sample,2025-07,948000.0,0.0,948000.0
ORD000990,P0017,1,9000.0,C0190,2025-12-27 21:42:00,cash,shopee,0.0,Hà Nội,retail,2024-02-29,Bút chì 2B,Bút viết,Staedtler,cây,9000.0,45,lecturer_sample,2025-12,9000.0,0.0,9000.0
ORD000990,P0056,3,165828.0,C0190,2025-12-27 21:42:00,cash,shopee,0.0,Hà Nội,retail,2024-02-29,Cáp HDMI 2 m,Phụ kiện máy tính,Ugreen,sợi,180000.0,12,lecturer_sample,2025-12,497484.0,0.0,497484.0
ORD000991,P0073,5,2444964.0,C0100,2025-11-27 17:52:00,transfer,website,0.0,Cần Thơ,retail,2024-03-16,Apple HomePod Mini Cosmic Grey,Phụ kiện máy tính,Apple,cái,2499750.0,5,public_api,2025-11,12224820.0,0.0,12224820.0
ORD000991,P0074,1,478692.0,C0100,2025-11-27 17:52:00,transfer,website,0.0,Cần Thơ,retail,2024-03-16,Apple iPhone Charger,Phụ kiện máy tính,Apple,cái,499750.0,6,public_api,2025-11,478692.0,0.0,478692.0
ORD000991,P0041,2,656662.0,C0100,2025-11-27 17:52:00,transfer,website,0.0,Cần Thơ,retail,2024-03-16,Máy tính cầm tay khoa học,Thiết bị văn phòng,Casio,chiếc,680000.0,8,lecturer_sample,2025-11,1313324.0,0.0,1313324.0
ORD000991,P0042,5,40310.0,C0100,2025-11-27 17:52:00,transfer,website,0.0,Cần Thơ,retail,2024-03-16,Pin AAA 4 viên,Thiết bị văn phòng,Panasonic,vỉ,42000.0,22,lecturer_sample,2025-11,201550.0,0.0,201550.0
ORD000992,P0079,3,1578060.0,C0024,2025-06-05 19:30:00,e-wallet,website,0.0,Cần Thơ,office,2024-06-09,Sharp Objects,Sách,Unknown,quyển,1578060.0,24,public_website,2025-06,4734180.0,0.0,4734180.0
ORD000992,P0089,11,1725570.0,C0024,2025-06-05 19:30:00,e-wallet,website,0.0,Cần Thơ,office,2024-06-09,Scott Pilgrim's Precious Little Life (Scott Pilgrim #1),Sách,Unknown,quyển,1725570.0,27,public_website,2025-06,18981270.0,0.0,18981270.0
ORD000992,P0006,11,74871.0,C0024,2025-06-05 19:30:00,e-wallet,website,0.0,Cần Thơ,office,2024-06-09,Giấy in A4 70 gsm,Vở và giấy,Double A,ram,82000.0,25,lecturer_sample,2025-06,823581.0,0.0,823581.0
ORD000993,P0019,2,22000.0,C0013,2025-11-21 18:46:00,e-wallet,online,50000.0,Cần Thơ,student,2024-05-22,Ruột chì kim 0.5 mm,Bút viết,Pentel,hộp,22000.0,25,lecturer_sample,2025-11,44000.0,50000.0,-6000.0
ORD000994,P0036,1,185000.0,C0156,2025-12-11 17:07:00,cash,offline,10000.0,Hải Phòng,retail,2024-03-22,Khay tài liệu 3 tầng,Hồ sơ và lưu trữ,Deli,bộ,185000.0,8,lecturer_sample,2025-12,185000.0,10000.0,175000.0
ORD000995,P0069,2,2499750.0,C0186,2025-06-26 02:47:00,e-wallet,offline,0.0,Đà Nẵng,student,2024-06-22,Amazon Echo Plus,Phụ kiện máy tính,Amazon,cái,2499750.0,12,public_api,2025-06,4999500.0,0.0,4999500.0
ORD000995,P0018,2,38000.0,C0186,2025-06-26 02:47:00,e-wallet,offline,0.0,Đà Nẵng,student,2024-06-22,Bút chì kim 0.5 mm,Bút viết,Pentel,cây,38000.0,20,lecturer_sample,2025-06,76000.0,0.0,76000.0
ORD000995,P0066,3,11366356.0,C0186,2025-06-26 02:47:00,e-wallet,offline,0.0,Đà Nẵng,student,2024-06-22,iPad Mini 2021 Starlight,Thiết bị văn phòng,Apple,chiếc,12499750.0,9,public_api,2025-06,34099068.0,0.0,34099068.0
ORD000995,P0005,3,79000.0,C0186,2025-06-26 02:47:00,e-wallet,offline,0.0,Đà Nẵng,student,2024-06-22,Sổ tay bìa da A5,Vở và giấy,OEM,quyển,79000.0,15,lecturer_sample,2025-06,237000.0,0.0,237000.0
ORD000996,P0035,4,16000.0,C0024,2025-05-26 16:50:00,card,website,0.0,Cần Thơ,office,2024-06-09,Túi hồ sơ dây buộc,Hồ sơ và lưu trữ,Hồng Hà,chiếc,16000.0,25,lecturer_sample,2025-05,64000.0,0.0,64000.0
ORD000996,P0047,8,78000.0,C0024,2025-05-26 16:50:00,card,website,0.0,Cần Thơ,office,2024-06-09,Máy dập ghim số 10,Thiết bị văn phòng,Max,chiếc,78000.0,15,lecturer_sample,2025-05,624000.0,0.0,624000.0
ORD000997,P0089,11,1641359.0,C0216,2025-10-30 19:44:00,cash,shopee,0.0,Cần Thơ,wholesale,2024-10-26,Scott Pilgrim's Precious Little Life (Scott Pilgrim #1),Sách,Unknown,quyển,1725570.0,27,public_website,2025-10,18054949.0,0.0,18054949.0
ORD000997,P0086,16,461670.0,C0216,2025-10-30 19:44:00,cash,shopee,0.0,Cần Thơ,wholesale,2024-10-26,"Starving Hearts (Triangular Trade Trilogy, #1)",Sách,Unknown,quyển,461670.0,19,public_website,2025-10,7386720.0,0.0,7386720.0
ORD000997,P0035,27,16000.0,C0216,2025-10-30 19:44:00,cash,shopee,0.0,Cần Thơ,wholesale,2024-10-26,Túi hồ sơ dây buộc,Hồ sơ và lưu trữ,Hồng Hà,chiếc,16000.0,25,lecturer_sample,2025-10,432000.0,0.0,432000.0
ORD000997,P0073,5,2301264.0,C0216,2025-10-30 19:44:00,cash,shopee,0.0,Cần Thơ,wholesale,2024-10-26,Apple HomePod Mini Cosmic Grey,Phụ kiện máy tính,Apple,cái,2499750.0,5,public_api,2025-10,11506320.0,0.0,11506320.0
ORD000998,P0086,2,461670.0,C0117,2025-03-02 18:17:00,card,offline,0.0,Đà Nẵng,retail,2024-06-04,"Starving Hearts (Triangular Trade Trilogy, #1)",Sách,Unknown,quyển,461670.0,19,public_website,2025-03,923340.0,0.0,923340.0
ORD000999,P0015,4,45000.0,C0007,2025-05-13 17:56:00,e-wallet,offline,0.0,Nha Trang,retail,2024-11-28,Bút máy học sinh,Bút viết,Hồng Hà,cây,45000.0,20,lecturer_sample,2025-05,180000.0,0.0,180000.0
ORD000999,P0016,2,25000.0,C0007,2025-05-13 17:56:00,e-wallet,offline,0.0,Nha Trang,retail,2024-11-28,Ống mực bút máy xanh,Bút viết,Hồng Hà,hộp,25000.0,25,lecturer_sample,2025-05,50000.0,0.0,50000.0
ORD000999,P0043,1,3190000.0,C0007,2025-05-13 17:56:00,e-wallet,offline,0.0,Nha Trang,retail,2024-11-28,Máy in laser đơn sắc,Thiết bị văn phòng,Brother,chiếc,3190000.0,3,lecturer_sample,2025-05,3190000.0,0.0,3190000.0
ORD000999,P0006,1,82000.0,C0007,2025-05-13 17:56:00,e-wallet,offline,0.0,Nha Trang,retail,2024-11-28,Giấy in A4 70 gsm,Vở và giấy,Double A,ram,82000.0,25,lecturer_sample,2025-05,82000.0,0.0,82000.0
ORD000999,P0012,5,5000.0,C0007,2025-05-13 17:56:00,e-wallet,offline,0.0,Nha Trang,retail,2024-11-28,Bút bi đen 0.5 mm,Bút viết,Thiên Long,cây,5000.0,60,lecturer_sample,2025-05,25000.0,0.0,25000.0
ORD001000,P0058,2,336560.0,C0059,2025-03-08 18:55:00,card,website,0.0,Biên Hòa,retail,2024-08-18,Bộ chia USB 4 cổng,Phụ kiện máy tính,Ugreen,chiếc,350000.0,8,lecturer_sample,2025-03,673120.0,0.0,673120.0
ORD001000,P0083,1,591690.0,C0059,2025-03-08 18:55:00,card,website,0.0,Biên Hòa,retail,2024-08-18,"The Coming Woman: A Novel Based on the Life of the Infamous Feminist, Victoria Woodhull",Sách,Unknown,quyển,591690.0,10,public_website,2025-03,591690.0,0.0,591690.0
ORD001001,P0002,4,18000.0,C0182,2025-05-27 16:15:00,e-wallet,online,0.0,Cần Thơ,student,2024-05-26,Vở kẻ ngang 120 trang,Vở và giấy,Campus,quyển,18000.0,30,lecturer_sample,2025-05,72000.0,0.0,72000.0
ORD001001,P0011,3,5000.0,C0182,2025-05-27 16:15:00,e-wallet,online,0.0,Cần Thơ,student,2024-05-26,Bút bi xanh 0.5 mm,Bút viết,Thiên Long,cây,5000.0,70,lecturer_sample,2025-05,15000.0,0.0,15000.0
ORD001002,P0032,3,12000.0,C0095,2025-08-16 01:43:00,transfer,shopee,0.0,Huế,retail,2024-03-11,Bìa nút A4,Hồ sơ và lưu trữ,Deli,chiếc,12000.0,35,lecturer_sample,2025-08,36000.0,0.0,36000.0
ORD001002,P0006,1,82000.0,C0095,2025-08-16 01:43:00,transfer,shopee,0.0,Huế,retail,2024-03-11,Giấy in A4 70 gsm,Vở và giấy,Double A,ram,82000.0,25,lecturer_sample,2025-08,82000.0,0.0,82000.0
ORD001002,P0077,5,1773420.0,C0095,2025-08-16 01:43:00,transfer,shopee,0.0,Huế,retail,2024-03-11,Tipping the Velvet,Sách,Unknown,quyển,1773420.0,19,public_website,2025-08,8867100.0,0.0,8867100.0
ORD001002,P0023,1,39744.0,C0095,2025-08-16 01:43:00,transfer,shopee,0.0,Huế,retail,2024-03-11,Compa học sinh,Dụng cụ học tập,Maped,chiếc,42000.0,15,lecturer_sample,2025-08,39744.0,0.0,39744.0
ORD001003,P0073,5,2499750.0,C0010,2025-04-17 16:51:00,e-wallet,online,10000.0,Cần Thơ,retail,2024-05-20,Apple HomePod Mini Cosmic Grey,Phụ kiện máy tính,Apple,cái,2499750.0,5,public_api,2025-04,12498750.0,4236.177140888261,12494513.822859112
ORD001003,P0009,1,17286.0,C0010,2025-04-17 16:51:00,e-wallet,online,10000.0,Cần Thơ,retail,2024-05-20,Giấy note 3 x 3 inch,Vở và giấy,Deli,xấp,18000.0,30,lecturer_sample,2025-04,17286.0,5.858710515643123,17280.141289484356
ORD001003,P0036,4,185000.0,C0010,2025-04-17 16:51:00,e-wallet,online,10000.0,Cần Thơ,retail,2024-05-20,Khay tài liệu 3 tầng,Hồ sơ và lưu trữ,Deli,bộ,185000.0,8,lecturer_sample,2025-04,740000.0,250.80676741732682,739749.1932325826
ORD001003,P0070,5,3249750.0,C0010,2025-04-17 16:51:00,e-wallet,online,10000.0,Cần Thơ,retail,2024-05-20,Apple Airpods,Phụ kiện máy tính,Apple,cái,3249750.0,13,public_api,2025-04,16248750.0,5507.157381178768,16243242.842618821
ORD001004,P0008,12,65000.0,C0185,2025-02-25 21:45:00,e-wallet,online,0.0,Huế,wholesale,2024-06-14,Giấy màu A4 100 tờ,Vở và giấy,IK Plus,xấp,65000.0,15,lecturer_sample,2025-02,780000.0,0.0,780000.0
ORD001005,P0076,2,1708410.0,C0183,2025-04-28 21:05:00,cash,online,0.0,Hải Phòng,retail,2024-06-29,A Light in the Attic,Sách,Unknown,quyển,1708410.0,16,public_website,2025-04,3416820.0,0.0,3416820.0
ORD001005,P0089,5,1725570.0,C0183,2025-04-28 21:05:00,cash,online,0.0,Hải Phòng,retail,2024-06-29,Scott Pilgrim's Precious Little Life (Scott Pilgrim #1),Sách,Unknown,quyển,1725570.0,27,public_website,2025-04,8627850.0,0.0,8627850.0
ORD001005,P0088,4,576180.0,C0183,2025-04-28 21:05:00,cash,online,0.0,Hải Phòng,retail,2024-06-29,Set Me Free,Sách,Unknown,quyển,576180.0,24,public_website,2025-04,2304720.0,0.0,2304720.0
ORD001005,P0045,4,1850000.0,C0183,2025-04-28 21:05:00,cash,online,0.0,Hải Phòng,retail,2024-06-29,Máy hủy tài liệu,Thiết bị văn phòng,Silicon,chiếc,1850000.0,3,lecturer_sample,2025-04,7400000.0,0.0,7400000.0
ORD001005,P0018,4,38000.0,C0183,2025-04-28 21:05:00,cash,online,0.0,Hải Phòng,retail,2024-06-29,Bút chì kim 0.5 mm,Bút viết,Pentel,cây,38000.0,20,lecturer_sample,2025-04,152000.0,0.0,152000.0
ORD001005,P0019,1,22000.0,C0183,2025-04-28 21:05:00,cash,online,0.0,Hải Phòng,retail,2024-06-29,Ruột chì kim 0.5 mm,Bút viết,Pentel,hộp,22000.0,25,lecturer_sample,2025-04,22000.0,0.0,22000.0
ORD001005,P0010,3,165000.0,C0183,2025-04-28 21:05:00,cash,online,0.0,Hải Phòng,retail,2024-06-29,Giấy photo A3 70 gsm,Vở và giấy,Double A,ram,165000.0,10,lecturer_sample,2025-04,495000.0,0.0,495000.0
ORD001006,P0075,4,2499750.0,C0172,2025-04-14 01:25:00,card,shopee,0.0,Biên Hòa,retail,2024-04-16,Apple MagSafe Battery Pack,Phụ kiện máy tính,Apple,cái,2499750.0,1,public_api,2025-04,9999000.0,0.0,9999000.0
ORD001007,P0022,6,18000.0,C0039,2025-02-10 21:37:00,cash,offline,50000.0,Cần Thơ,office,2024-07-24,Thước ê ke 2 chiếc,Dụng cụ học tập,Deli,bộ,18000.0,20,lecturer_sample,2025-02,108000.0,50000.0,58000.0
ORD001008,P0003,3,14000.0,C0109,2025-02-21 20:21:00,e-wallet,offline,0.0,Cần Thơ,retail,2024-03-11,Vở ô ly 96 trang,Vở và giấy,Hồng Hà,quyển,14000.0,35,lecturer_sample,2025-02,42000.0,0.0,42000.0
ORD001008,P0017,3,9000.0,C0109,2025-02-21 20:21:00,e-wallet,offline,0.0,Cần Thơ,retail,2024-03-11,Bút chì 2B,Bút viết,Staedtler,cây,9000.0,45,lecturer_sample,2025-02,27000.0,0.0,27000.0
ORD001008,P0011,5,4748.0,C0109,2025-02-21 20:21:00,e-wallet,offline,0.0,Cần Thơ,retail,2024-03-11,Bút bi xanh 0.5 mm,Bút viết,Thiên Long,cây,5000.0,70,lecturer_sample,2025-02,23740.0,0.0,23740.0
ORD001008,P0039,5,27362.0,C0109,2025-02-21 20:21:00,e-wallet,offline,0.0,Cần Thơ,retail,2024-03-11,Kẹp bướm 25 mm,Hồ sơ và lưu trữ,Deli,hộp,28000.0,25,lecturer_sample,2025-02,136810.0,0.0,136810.0
ORD001009,P0023,2,42000.0,C0162,2025-12-23 20:36:00,cash,offline,0.0,TP. Hồ Chí Minh,student,2024-12-26,Compa học sinh,Dụng cụ học tập,Maped,chiếc,42000.0,15,lecturer_sample,2025-12,84000.0,0.0,84000.0
ORD001010,P0027,12,92000.0,C0157,2025-11-09 00:02:00,e-wallet,online,0.0,Hải Phòng,office,2023-12-21,Bộ màu sáp 24 màu,Dụng cụ học tập,Crayola,bộ,92000.0,12,lecturer_sample,2025-11,1104000.0,0.0,1104000.0
ORD001010,P0077,9,1773420.0,C0157,2025-11-09 00:02:00,e-wallet,online,0.0,Hải Phòng,office,2023-12-21,Tipping the Velvet,Sách,Unknown,quyển,1773420.0,19,public_website,2025-11,15960780.0,0.0,15960780.0
ORD001010,P0086,12,461670.0,C0157,2025-11-09 00:02:00,e-wallet,online,0.0,Hải Phòng,office,2023-12-21,"Starving Hearts (Triangular Trade Trilogy, #1)",Sách,Unknown,quyển,461670.0,19,public_website,2025-11,5540040.0,0.0,5540040.0
ORD001011,P0009,4,18000.0,C0107,2025-07-16 01:35:00,card,website,50000.0,Đà Nẵng,retail,2024-01-21,Giấy note 3 x 3 inch,Vở và giấy,Deli,xấp,18000.0,30,lecturer_sample,2025-07,72000.0,1002.724067048816,70997.27593295119
ORD001011,P0084,3,745800.0,C0107,2025-07-16 01:35:00,card,website,50000.0,Đà Nẵng,retail,2024-01-21,The Boys in the Boat: Nine Americans and Their Epic Quest for Gold at the 1936 Berlin Olympics,Sách,Unknown,quyển,745800.0,13,public_website,2025-07,2237400.0,31159.650383541953,2206240.349616458
ORD001011,P0087,2,640410.0,C0107,2025-07-16 01:35:00,card,website,50000.0,Đà Nẵng,retail,2024-01-21,Shakespeare's Sonnets,Sách,Unknown,quyển,681780.0,21,public_website,2025-07,1280820.0,17837.62554940923,1262982.3744505907
ORD001012,P0026,3,65000.0,C0054,2025-12-20 00:42:00,cash,offline,50000.0,Đà Nẵng,retail,2024-08-26,Hộp bút vải,Dụng cụ học tập,OEM,chiếc,65000.0,15,lecturer_sample,2025-12,195000.0,5265.966410155592,189734.03358984442
ORD001012,P0050,4,414128.0,C0054,2025-12-20 00:42:00,cash,offline,50000.0,Đà Nẵng,retail,2024-08-26,Bảng trắng 60 x 90 cm,Thiết bị văn phòng,Bavico,chiếc,420000.0,5,lecturer_sample,2025-12,1656512.0,44734.03358984441,1611777.9664101556
ORD001013,P0042,4,42000.0,C0036,2025-01-14 19:29:00,transfer,offline,0.0,TP. Hồ Chí Minh,retail,2023-12-22,Pin AAA 4 viên,Thiết bị văn phòng,Panasonic,vỉ,42000.0,22,lecturer_sample,2025-01,168000.0,0.0,168000.0
ORD001014,P0074,5,485720.0,C0041,2025-12-06 02:42:00,cash,shopee,0.0,Cần Thơ,student,2024-08-28,Apple iPhone Charger,Phụ kiện máy tính,Apple,cái,499750.0,6,public_api,2025-12,2428600.0,0.0,2428600.0
ORD001015,P0050,7,414383.0,C0061,2025-07-10 02:44:00,transfer,website,0.0,Hải Phòng,wholesale,2024-09-24,Bảng trắng 60 x 90 cm,Thiết bị văn phòng,Bavico,chiếc,420000.0,5,lecturer_sample,2025-07,2900681.0,0.0,2900681.0
ORD001015,P0053,28,155979.0,C0061,2025-07-10 02:44:00,transfer,website,0.0,Hải Phòng,wholesale,2024-09-24,USB 32 GB,Phụ kiện máy tính,SanDisk,chiếc,165000.0,15,lecturer_sample,2025-07,4367412.0,0.0,4367412.0
ORD001015,P0080,23,1760066.0,C0061,2025-07-10 02:44:00,transfer,website,0.0,Hải Phòng,wholesale,2024-09-24,Sapiens: A Brief History of Humankind,Sách,Unknown,quyển,1789590.0,27,public_website,2025-07,40481518.0,0.0,40481518.0
ORD001016,P0082,2,1100220.0,C0131,2025-01-16 17:34:00,card,online,0.0,Nha Trang,retail,2024-03-05,The Dirty Little Secrets of Getting Your Dream Job,Sách,Unknown,quyển,1100220.0,8,public_website,2025-01,2200440.0,0.0,2200440.0
ORD001016,P0028,4,72824.0,C0131,2025-01-16 17:34:00,card,online,0.0,Nha Trang,retail,2024-03-05,Bộ màu nước 12 màu,Dụng cụ học tập,Pentel,bộ,78000.0,12,lecturer_sample,2025-01,291296.0,0.0,291296.0
ORD001016,P0013,1,5000.0,C0131,2025-01-16 17:34:00,card,online,0.0,Nha Trang,retail,2024-03-05,Bút bi đỏ 0.5 mm,Bút viết,Thiên Long,cây,5000.0,50,lecturer_sample,2025-01,5000.0,0.0,5000.0
ORD001016,P0069,1,2308157.0,C0131,2025-01-16 17:34:00,card,online,0.0,Nha Trang,retail,2024-03-05,Amazon Echo Plus,Phụ kiện máy tính,Amazon,cái,2499750.0,12,public_api,2025-01,2308157.0,0.0,2308157.0
ORD001016,P0051,1,320000.0,C0131,2025-01-16 17:34:00,card,online,0.0,Nha Trang,retail,2024-03-05,Chuột không dây,Phụ kiện máy tính,Logitech,chiếc,320000.0,10,lecturer_sample,2025-01,320000.0,0.0,320000.0
ORD001017,P0017,5,8646.0,C0082,2025-09-01 02:05:00,cash,website,0.0,Nha Trang,retail,2023-11-29,Bút chì 2B,Bút viết,Staedtler,cây,9000.0,45,lecturer_sample,2025-09,43230.0,0.0,43230.0
ORD001017,P0018,5,38000.0,C0082,2025-09-01 02:05:00,cash,website,0.0,Nha Trang,retail,2023-11-29,Bút chì kim 0.5 mm,Bút viết,Pentel,cây,38000.0,20,lecturer_sample,2025-09,190000.0,0.0,190000.0
ORD001017,P0027,2,92000.0,C0082,2025-09-01 02:05:00,cash,website,0.0,Nha Trang,retail,2023-11-29,Bộ màu sáp 24 màu,Dụng cụ học tập,Crayola,bộ,92000.0,12,lecturer_sample,2025-09,184000.0,0.0,184000.0
ORD001018,P0069,1,2499750.0,C0109,2025-10-15 00:09:00,e-wallet,shopee,0.0,Cần Thơ,retail,2024-03-11,Amazon Echo Plus,Phụ kiện máy tính,Amazon,cái,2499750.0,12,public_api,2025-10,2499750.0,0.0,2499750.0
ORD001018,P0090,5,1155660.0,C0109,2025-10-15 00:09:00,e-wallet,shopee,0.0,Cần Thơ,retail,2024-03-11,Rip it Up and Start Again,Sách,Unknown,quyển,1155660.0,30,public_website,2025-10,5778300.0,0.0,5778300.0
ORD001019,P0073,5,2499750.0,C0183,2025-03-02 20:57:00,transfer,online,0.0,Hải Phòng,retail,2024-06-29,Apple HomePod Mini Cosmic Grey,Phụ kiện máy tính,Apple,cái,2499750.0,5,public_api,2025-03,12498750.0,0.0,12498750.0
ORD001019,P0074,3,465699.0,C0183,2025-03-02 20:57:00,transfer,online,0.0,Hải Phòng,retail,2024-06-29,Apple iPhone Charger,Phụ kiện máy tính,Apple,cái,499750.0,6,public_api,2025-03,1397097.0,0.0,1397097.0
ORD001019,P0032,4,12000.0,C0183,2025-03-02 20:57:00,transfer,online,0.0,Hải Phòng,retail,2024-06-29,Bìa nút A4,Hồ sơ và lưu trữ,Deli,chiếc,12000.0,35,lecturer_sample,2025-03,48000.0,0.0,48000.0
ORD001019,P0006,4,82000.0,C0183,2025-03-02 20:57:00,transfer,online,0.0,Hải Phòng,retail,2024-06-29,Giấy in A4 70 gsm,Vở và giấy,Double A,ram,82000.0,25,lecturer_sample,2025-03,328000.0,0.0,328000.0
ORD001019,P0083,1,581845.0,C0183,2025-03-02 20:57:00,transfer,online,0.0,Hải Phòng,retail,2024-06-29,"The Coming Woman: A Novel Based on the Life of the Infamous Feminist, Victoria Woodhull",Sách,Unknown,quyển,591690.0,10,public_website,2025-03,581845.0,0.0,581845.0
ORD001020,P0035,5,16000.0,C0180,2025-11-24 20:53:00,cash,offline,0.0,Hà Nội,student,2024-09-22,Túi hồ sơ dây buộc,Hồ sơ và lưu trữ,Hồng Hà,chiếc,16000.0,25,lecturer_sample,2025-11,80000.0,0.0,80000.0
ORD001020,P0023,1,42000.0,C0180,2025-11-24 20:53:00,cash,offline,0.0,Hà Nội,student,2024-09-22,Compa học sinh,Dụng cụ học tập,Maped,chiếc,42000.0,15,lecturer_sample,2025-11,42000.0,0.0,42000.0
ORD001020,P0025,2,15000.0,C0180,2025-11-24 20:53:00,cash,offline,0.0,Hà Nội,student,2024-09-22,Gọt bút chì có hộp,Dụng cụ học tập,Deli,chiếc,15000.0,25,lecturer_sample,2025-11,30000.0,0.0,30000.0
ORD001021,P0032,4,12000.0,C0027,2025-07-17 18:10:00,transfer,offline,0.0,Huế,retail,2023-12-14,Bìa nút A4,Hồ sơ và lưu trữ,Deli,chiếc,12000.0,35,lecturer_sample,2025-07,48000.0,0.0,48000.0
ORD001021,P0076,5,1708410.0,C0027,2025-07-17 18:10:00,transfer,offline,0.0,Huế,retail,2023-12-14,A Light in the Attic,Sách,Unknown,quyển,1708410.0,16,public_website,2025-07,8542050.0,0.0,8542050.0
ORD001021,P0089,1,1574361.0,C0027,2025-07-17 18:10:00,transfer,offline,0.0,Huế,retail,2023-12-14,Scott Pilgrim's Precious Little Life (Scott Pilgrim #1),Sách,Unknown,quyển,1725570.0,27,public_website,2025-07,1574361.0,0.0,1574361.0
ORD001021,P0048,3,12000.0,C0027,2025-07-17 18:10:00,transfer,offline,0.0,Huế,retail,2023-12-14,Kim bấm số 10,Thiết bị văn phòng,Max,hộp,12000.0,35,lecturer_sample,2025-07,36000.0,0.0,36000.0
ORD001021,P0012,2,4839.0,C0027,2025-07-17 18:10:00,transfer,offline,0.0,Huế,retail,2023-12-14,Bút bi đen 0.5 mm,Bút viết,Thiên Long,cây,5000.0,60,lecturer_sample,2025-07,9678.0,0.0,9678.0
ORD001021,P0045,4,1850000.0,C0027,2025-07-17 18:10:00,transfer,offline,0.0,Huế,retail,2023-12-14,Máy hủy tài liệu,Thiết bị văn phòng,Silicon,chiếc,1850000.0,3,lecturer_sample,2025-07,7400000.0,0.0,7400000.0
ORD001022,P0008,11,65000.0,C0018,2025-08-06 16:39:00,card,shopee,10000.0,Cần Thơ,office,2024-03-23,Giấy màu A4 100 tờ,Vở và giấy,IK Plus,xấp,65000.0,15,lecturer_sample,2025-08,715000.0,1364.8601390592046,713635.1398609407
ORD001022,P0090,4,1130908.0,C0018,2025-08-06 16:39:00,card,shopee,10000.0,Cần Thơ,office,2024-03-23,Rip it Up and Start Again,Sách,Unknown,quyển,1155660.0,30,public_website,2025-08,4523632.0,8635.139860940795,4514996.860139059
ORD001023,P0064,2,27499750.0,C0183,2025-07-28 17:14:00,card,offline,0.0,Hải Phòng,retail,2024-06-29,Lenovo Yoga 920,Thiết bị văn phòng,Lenovo,chiếc,27499750.0,8,public_api,2025-07,54999500.0,0.0,54999500.0
ORD001024,P0029,3,23126.0,C0066,2025-06-15 00:32:00,cash,website,0.0,Đà Nẵng,student,2024-03-16,Kéo học sinh 13 cm,Dụng cụ học tập,Deli,chiếc,25000.0,18,lecturer_sample,2025-06,69378.0,0.0,69378.0
ORD001025,P0009,6,18000.0,C0078,2025-09-11 18:16:00,cash,website,0.0,Hà Nội,office,2024-08-30,Giấy note 3 x 3 inch,Vở và giấy,Deli,xấp,18000.0,30,lecturer_sample,2025-09,108000.0,0.0,108000.0
ORD001026,P0042,5,40183.0,C0202,2025-10-18 22:25:00,card,online,10000.0,TP. Hồ Chí Minh,student,2024-10-03,Pin AAA 4 viên,Thiết bị văn phòng,Panasonic,vỉ,42000.0,22,lecturer_sample,2025-10,200915.0,26.56398739868906,200888.4360126013
ORD001026,P0067,5,14999750.0,C0202,2025-10-18 22:25:00,card,online,10000.0,TP. Hồ Chí Minh,student,2024-10-03,Samsung Galaxy Tab S8 Plus Grey,Thiết bị văn phòng,Samsung,chiếc,14999750.0,12,public_api,2025-10,74998750.0,9915.96371558834,74988834.03628442
ORD001026,P0086,1,434688.0,C0202,2025-10-18 22:25:00,card,online,10000.0,TP. Hồ Chí Minh,student,2024-10-03,"Starving Hearts (Triangular Trade Trilogy, #1)",Sách,Unknown,quyển,461670.0,19,public_website,2025-10,434688.0,57.472297012972405,434630.527702987
ORD001027,P0025,3,15000.0,C0142,2025-03-16 17:17:00,cash,shopee,0.0,Hải Phòng,retail,2024-08-29,Gọt bút chì có hộp,Dụng cụ học tập,Deli,chiếc,15000.0,25,lecturer_sample,2025-03,45000.0,0.0,45000.0
ORD001028,P0055,5,280000.0,C0101,2025-11-17 22:16:00,transfer,shopee,0.0,TP. Hồ Chí Minh,student,2024-05-24,Thẻ nhớ microSD 64 GB,Phụ kiện máy tính,SanDisk,chiếc,280000.0,10,lecturer_sample,2025-11,1400000.0,0.0,1400000.0
ORD001028,P0048,5,12000.0,C0101,2025-11-17 22:16:00,transfer,shopee,0.0,TP. Hồ Chí Minh,student,2024-05-24,Kim bấm số 10,Thiết bị văn phòng,Max,hộp,12000.0,35,lecturer_sample,2025-11,60000.0,0.0,60000.0
ORD001029,P0082,1,1100220.0,C0080,2025-09-17 22:36:00,card,website,0.0,Biên Hòa,retail,2024-08-02,The Dirty Little Secrets of Getting Your Dream Job,Sách,Unknown,quyển,1100220.0,8,public_website,2025-09,1100220.0,0.0,1100220.0
ORD001029,P0008,5,65000.0,C0080,2025-09-17 22:36:00,card,website,0.0,Biên Hòa,retail,2024-08-02,Giấy màu A4 100 tờ,Vở và giấy,IK Plus,xấp,65000.0,15,lecturer_sample,2025-09,325000.0,0.0,325000.0
ORD001030,P0072,1,1999750.0,C0154,2025-12-14 18:03:00,cash,offline,0.0,Huế,retail,2024-04-21,Apple Airpower Wireless Charger,Phụ kiện máy tính,Apple,cái,1999750.0,1,public_api,2025-12,1999750.0,0.0,1999750.0
ORD001030,P0089,4,1725570.0,C0154,2025-12-14 18:03:00,cash,offline,0.0,Huế,retail,2024-04-21,Scott Pilgrim's Precious Little Life (Scott Pilgrim #1),Sách,Unknown,quyển,1725570.0,27,public_website,2025-12,6902280.0,0.0,6902280.0
ORD001030,P0086,1,461670.0,C0154,2025-12-14 18:03:00,cash,offline,0.0,Huế,retail,2024-04-21,"Starving Hearts (Triangular Trade Trilogy, #1)",Sách,Unknown,quyển,461670.0,19,public_website,2025-12,461670.0,0.0,461670.0
ORD001031,P0035,23,16000.0,C0153,2025-10-04 04:49:00,transfer,offline,0.0,Đà Nẵng,wholesale,2024-12-08,Túi hồ sơ dây buộc,Hồ sơ và lưu trữ,Hồng Hà,chiếc,16000.0,25,lecturer_sample,2025-10,368000.0,0.0,368000.0
ORD001031,P0038,16,35000.0,C0153,2025-10-04 04:49:00,transfer,offline,0.0,Đà Nẵng,wholesale,2024-12-08,Nhãn dán phân loại,Hồ sơ và lưu trữ,Avery,xấp,35000.0,18,lecturer_sample,2025-10,560000.0,0.0,560000.0
ORD001032,P0058,5,350000.0,C0098,2025-09-06 16:03:00,transfer,offline,0.0,TP. Hồ Chí Minh,retail,2024-12-16,Bộ chia USB 4 cổng,Phụ kiện máy tính,Ugreen,chiếc,350000.0,8,lecturer_sample,2025-09,1750000.0,0.0,1750000.0
ORD001033,P0025,4,15000.0,C0013,2025-05-31 22:24:00,e-wallet,offline,0.0,Cần Thơ,student,2024-05-22,Gọt bút chì có hộp,Dụng cụ học tập,Deli,chiếc,15000.0,25,lecturer_sample,2025-05,60000.0,0.0,60000.0
ORD001033,P0083,1,582120.0,C0013,2025-05-31 22:24:00,e-wallet,offline,0.0,Cần Thơ,student,2024-05-22,"The Coming Woman: A Novel Based on the Life of the Infamous Feminist, Victoria Woodhull",Sách,Unknown,quyển,591690.0,10,public_website,2025-05,582120.0,0.0,582120.0
ORD001033,P0078,3,1653300.0,C0013,2025-05-31 22:24:00,e-wallet,offline,0.0,Cần Thơ,student,2024-05-22,Soumission,Sách,Unknown,quyển,1653300.0,22,public_website,2025-05,4959900.0,0.0,4959900.0
ORD001034,P0082,5,1100220.0,C0094,2025-09-09 04:28:00,card,shopee,0.0,Huế,office,2024-09-21,The Dirty Little Secrets of Getting Your Dream Job,Sách,Unknown,quyển,1100220.0,8,public_website,2025-09,5501100.0,0.0,5501100.0
ORD001034,P0050,10,379092.0,C0094,2025-09-09 04:28:00,card,shopee,0.0,Huế,office,2024-09-21,Bảng trắng 60 x 90 cm,Thiết bị văn phòng,Bavico,chiếc,420000.0,5,lecturer_sample,2025-09,3790920.0,0.0,3790920.0
ORD001035,P0036,3,185000.0,C0034,2025-05-06 04:23:00,e-wallet,offline,10000.0,Nha Trang,retail,2024-07-04,Khay tài liệu 3 tầng,Hồ sơ và lưu trữ,Deli,bộ,185000.0,8,lecturer_sample,2025-05,555000.0,8966.074313408724,546033.9256865913
ORD001035,P0035,4,16000.0,C0034,2025-05-06 04:23:00,e-wallet,offline,10000.0,Nha Trang,retail,2024-07-04,Túi hồ sơ dây buộc,Hồ sơ và lưu trữ,Hồng Hà,chiếc,16000.0,25,lecturer_sample,2025-05,64000.0,1033.9256865912764,62966.074313408724
ORD001036,P0002,20,18000.0,C0155,2025-11-08 21:14:00,e-wallet,offline,0.0,Hải Phòng,wholesale,2024-12-16,Vở kẻ ngang 120 trang,Vở và giấy,Campus,quyển,18000.0,30,lecturer_sample,2025-11,360000.0,0.0,360000.0
ORD001036,P0038,20,35000.0,C0155,2025-11-08 21:14:00,e-wallet,offline,0.0,Hải Phòng,wholesale,2024-12-16,Nhãn dán phân loại,Hồ sơ và lưu trữ,Avery,xấp,35000.0,18,lecturer_sample,2025-11,700000.0,0.0,700000.0
ORD001036,P0078,9,1579223.0,C0155,2025-11-08 21:14:00,e-wallet,offline,0.0,Hải Phòng,wholesale,2024-12-16,Soumission,Sách,Unknown,quyển,1653300.0,22,public_website,2025-11,14213007.0,0.0,14213007.0
ORD001036,P0079,17,1578060.0,C0155,2025-11-08 21:14:00,e-wallet,offline,0.0,Hải Phòng,wholesale,2024-12-16,Sharp Objects,Sách,Unknown,quyển,1578060.0,24,public_website,2025-11,26827020.0,0.0,26827020.0
ORD001036,P0015,7,45000.0,C0155,2025-11-08 21:14:00,e-wallet,offline,0.0,Hải Phòng,wholesale,2024-12-16,Bút máy học sinh,Bút viết,Hồng Hà,cây,45000.0,20,lecturer_sample,2025-11,315000.0,0.0,315000.0
ORD001036,P0016,27,22708.0,C0155,2025-11-08 21:14:00,e-wallet,offline,0.0,Hải Phòng,wholesale,2024-12-16,Ống mực bút máy xanh,Bút viết,Hồng Hà,hộp,25000.0,25,lecturer_sample,2025-11,613116.0,0.0,613116.0
ORD001037,P0057,5,207528.0,C0219,2025-09-15 20:34:00,cash,online,0.0,TP. Hồ Chí Minh,retail,2024-04-01,Cáp USB-C 1 m,Phụ kiện máy tính,Anker,sợi,220000.0,15,lecturer_sample,2025-09,1037640.0,0.0,1037640.0
ORD001037,P0089,4,1572869.0,C0219,2025-09-15 20:34:00,cash,online,0.0,TP. Hồ Chí Minh,retail,2024-04-01,Scott Pilgrim's Precious Little Life (Scott Pilgrim #1),Sách,Unknown,quyển,1725570.0,27,public_website,2025-09,6291476.0,0.0,6291476.0
ORD001037,P0086,1,461670.0,C0219,2025-09-15 20:34:00,cash,online,0.0,TP. Hồ Chí Minh,retail,2024-04-01,"Starving Hearts (Triangular Trade Trilogy, #1)",Sách,Unknown,quyển,461670.0,19,public_website,2025-09,461670.0,0.0,461670.0
ORD001037,P0084,5,695274.0,C0219,2025-09-15 20:34:00,cash,online,0.0,TP. Hồ Chí Minh,retail,2024-04-01,The Boys in the Boat: Nine Americans and Their Epic Quest for Gold at the 1936 Berlin Olympics,Sách,Unknown,quyển,745800.0,13,public_website,2025-09,3476370.0,0.0,3476370.0
ORD001038,P0089,1,1561317.0,C0202,2025-01-08 04:17:00,cash,offline,50000.0,TP. Hồ Chí Minh,student,2024-10-03,Scott Pilgrim's Precious Little Life (Scott Pilgrim #1),Sách,Unknown,quyển,1725570.0,27,public_website,2025-01,1561317.0,19865.767252034333,1541451.2327479657
ORD001038,P0086,5,461670.0,C0202,2025-01-08 04:17:00,cash,offline,50000.0,TP. Hồ Chí Minh,student,2024-10-03,"Starving Hearts (Triangular Trade Trilogy, #1)",Sách,Unknown,quyển,461670.0,19,public_website,2025-01,2308350.0,29370.809282313232,2278979.190717687
ORD001038,P0025,4,15000.0,C0202,2025-01-08 04:17:00,cash,offline,50000.0,TP. Hồ Chí Minh,student,2024-10-03,Gọt bút chì có hộp,Dụng cụ học tập,Deli,chiếc,15000.0,25,lecturer_sample,2025-01,60000.0,763.4234656524332,59236.576534347565
ORD001039,P0079,1,1578060.0,C0111,2025-06-28 03:37:00,transfer,offline,20000.0,Cần Thơ,retail,2024-07-01,Sharp Objects,Sách,Unknown,quyển,1578060.0,24,public_website,2025-06,1578060.0,6079.750346740638,1571980.2496532593
ORD001039,P0089,2,1725570.0,C0111,2025-06-28 03:37:00,transfer,offline,20000.0,Cần Thơ,retail,2024-07-01,Scott Pilgrim's Precious Little Life (Scott Pilgrim #1),Sách,Unknown,quyển,1725570.0,27,public_website,2025-06,3451140.0,13296.11650485437,3437843.8834951455
ORD001039,P0042,3,42000.0,C0111,2025-06-28 03:37:00,transfer,offline,20000.0,Cần Thơ,retail,2024-07-01,Pin AAA 4 viên,Thiết bị văn phòng,Panasonic,vỉ,42000.0,22,lecturer_sample,2025-06,126000.0,485.43689320388347,125514.56310679612
ORD001039,P0032,3,12000.0,C0111,2025-06-28 03:37:00,transfer,offline,20000.0,Cần Thơ,retail,2024-07-01,Bìa nút A4,Hồ sơ và lưu trữ,Deli,chiếc,12000.0,35,lecturer_sample,2025-06,36000.0,138.69625520110958,35861.30374479889
ORD001040,P0026,2,65000.0,C0174,2025-08-08 20:19:00,cash,offline,0.0,TP. Hồ Chí Minh,retail,2024-05-09,Hộp bút vải,Dụng cụ học tập,OEM,chiếc,65000.0,15,lecturer_sample,2025-08,130000.0,0.0,130000.0
ORD001040,P0042,4,42000.0,C0174,2025-08-08 20:19:00,cash,offline,0.0,TP. Hồ Chí Minh,retail,2024-05-09,Pin AAA 4 viên,Thiết bị văn phòng,Panasonic,vỉ,42000.0,22,lecturer_sample,2025-08,168000.0,0.0,168000.0
ORD001040,P0067,5,14999750.0,C0174,2025-08-08 20:19:00,cash,offline,0.0,TP. Hồ Chí Minh,retail,2024-05-09,Samsung Galaxy Tab S8 Plus Grey,Thiết bị văn phòng,Samsung,chiếc,14999750.0,12,public_api,2025-08,74998750.0,0.0,74998750.0
ORD001041,P0089,2,1725570.0,C0189,2025-09-10 02:39:00,card,online,0.0,Đà Nẵng,student,2024-07-04,Scott Pilgrim's Precious Little Life (Scott Pilgrim #1),Sách,Unknown,quyển,1725570.0,27,public_website,2025-09,3451140.0,0.0,3451140.0
ORD001041,P0086,1,461670.0,C0189,2025-09-10 02:39:00,card,online,0.0,Đà Nẵng,student,2024-07-04,"Starving Hearts (Triangular Trade Trilogy, #1)",Sách,Unknown,quyển,461670.0,19,public_website,2025-09,461670.0,0.0,461670.0
ORD001041,P0083,5,591690.0,C0189,2025-09-10 02:39:00,card,online,0.0,Đà Nẵng,student,2024-07-04,"The Coming Woman: A Novel Based on the Life of the Infamous Feminist, Victoria Woodhull",Sách,Unknown,quyển,591690.0,10,public_website,2025-09,2958450.0,0.0,2958450.0
ORD001041,P0036,2,181447.0,C0189,2025-09-10 02:39:00,card,online,0.0,Đà Nẵng,student,2024-07-04,Khay tài liệu 3 tầng,Hồ sơ và lưu trữ,Deli,bộ,185000.0,8,lecturer_sample,2025-09,362894.0,0.0,362894.0
ORD001042,P0078,3,1653300.0,C0091,2025-01-08 02:34:00,transfer,shopee,0.0,Nha Trang,retail,2024-03-27,Soumission,Sách,Unknown,quyển,1653300.0,22,public_website,2025-01,4959900.0,0.0,4959900.0
ORD001043,P0073,3,2499750.0,C0163,2025-04-10 16:24:00,card,shopee,10000.0,Đà Nẵng,student,2024-03-19,Apple HomePod Mini Cosmic Grey,Phụ kiện máy tính,Apple,cái,2499750.0,5,public_api,2025-04,7499250.0,589.3412863070539,7498660.658713693
ORD001043,P0074,1,499750.0,C0163,2025-04-10 16:24:00,card,shopee,10000.0,Đà Nẵng,student,2024-03-19,Apple iPhone Charger,Phụ kiện máy tính,Apple,cái,499750.0,6,public_api,2025-04,499750.0,39.27370174776814,499710.72629825224
ORD001043,P0064,4,27499750.0,C0163,2025-04-10 16:24:00,card,shopee,10000.0,Đà Nẵng,student,2024-03-19,Lenovo Yoga 920,Thiết bị văn phòng,Lenovo,chiếc,27499750.0,8,public_api,2025-04,109999000.0,8644.458066138564,109990355.54193386
ORD001043,P0045,5,1850000.0,C0163,2025-04-10 16:24:00,card,shopee,10000.0,Đà Nẵng,student,2024-03-19,Máy hủy tài liệu,Thiết bị văn phòng,Silicon,chiếc,1850000.0,3,lecturer_sample,2025-04,9250000.0,726.9269458066138,9249273.073054193
ORD001044,P0023,10,42000.0,C0018,2025-08-06 21:11:00,card,offline,0.0,Cần Thơ,office,2024-03-23,Compa học sinh,Dụng cụ học tập,Maped,chiếc,42000.0,15,lecturer_sample,2025-08,420000.0,0.0,420000.0
ORD001044,P0059,10,52908.0,C0018,2025-08-06 21:11:00,card,offline,0.0,Cần Thơ,office,2024-03-23,Tấm lót chuột,Phụ kiện máy tính,OEM,chiếc,55000.0,20,lecturer_sample,2025-08,529080.0,0.0,529080.0
ORD001045,P0072,11,1999750.0,C0122,2025-11-06 01:13:00,card,offline,0.0,Đà Nẵng,office,2024-12-15,Apple Airpower Wireless Charger,Phụ kiện máy tính,Apple,cái,1999750.0,1,public_api,2025-11,21997250.0,0.0,21997250.0
ORD001045,P0010,10,165000.0,C0122,2025-11-06 01:13:00,card,offline,0.0,Đà Nẵng,office,2024-12-15,Giấy photo A3 70 gsm,Vở và giấy,Double A,ram,165000.0,10,lecturer_sample,2025-11,1650000.0,0.0,1650000.0
ORD001046,P0067,3,14999750.0,C0129,2025-09-21 02:16:00,card,website,5000.0,Huế,retail,2024-07-20,Samsung Galaxy Tab S8 Plus Grey,Thiết bị văn phòng,Samsung,chiếc,14999750.0,12,public_api,2025-09,44999250.0,4804.8475441310175,44994445.15245587
ORD001046,P0050,2,381956.0,C0129,2025-09-21 02:16:00,card,website,5000.0,Huế,retail,2024-07-20,Bảng trắng 60 x 90 cm,Thiết bị văn phòng,Bavico,chiếc,420000.0,5,lecturer_sample,2025-09,763912.0,81.5675971740021,763830.432402826
ORD001046,P0038,4,35000.0,C0129,2025-09-21 02:16:00,card,website,5000.0,Huế,retail,2024-07-20,Nhãn dán phân loại,Hồ sơ và lưu trữ,Avery,xấp,35000.0,18,lecturer_sample,2025-09,140000.0,14.94866372613638,139985.05133627387
ORD001046,P0052,3,290000.0,C0129,2025-09-21 02:16:00,card,website,5000.0,Huế,retail,2024-07-20,Bàn phím có dây,Phụ kiện máy tính,Logitech,chiếc,290000.0,8,lecturer_sample,2025-09,870000.0,92.89526744099037,869907.1047325591
ORD001046,P0059,1,53766.0,C0129,2025-09-21 02:16:00,card,website,5000.0,Huế,retail,2024-07-20,Tấm lót chuột,Phụ kiện máy tính,OEM,chiếc,55000.0,20,lecturer_sample,2025-09,53766.0,5.740927527853204,53760.259072472145
ORD001047,P0016,2,25000.0,C0154,2025-10-05 03:24:00,e-wallet,offline,0.0,Huế,retail,2024-04-21,Ống mực bút máy xanh,Bút viết,Hồng Hà,hộp,25000.0,25,lecturer_sample,2025-10,50000.0,0.0,50000.0
ORD001047,P0012,1,5000.0,C0154,2025-10-05 03:24:00,e-wallet,offline,0.0,Huế,retail,2024-04-21,Bút bi đen 0.5 mm,Bút viết,Thiên Long,cây,5000.0,60,lecturer_sample,2025-10,5000.0,0.0,5000.0
ORD001047,P0018,1,36456.0,C0154,2025-10-05 03:24:00,e-wallet,offline,0.0,Huế,retail,2024-04-21,Bút chì kim 0.5 mm,Bút viết,Pentel,cây,38000.0,20,lecturer_sample,2025-10,36456.0,0.0,36456.0
ORD001048,P0087,5,623897.0,C0128,2025-01-16 22:58:00,cash,shopee,0.0,Biên Hòa,retail,2023-12-17,Shakespeare's Sonnets,Sách,Unknown,quyển,681780.0,21,public_website,2025-01,3119485.0,0.0,3119485.0
ORD001048,P0050,1,420000.0,C0128,2025-01-16 22:58:00,cash,shopee,0.0,Biên Hòa,retail,2023-12-17,Bảng trắng 60 x 90 cm,Thiết bị văn phòng,Bavico,chiếc,420000.0,5,lecturer_sample,2025-01,420000.0,0.0,420000.0
ORD001048,P0089,1,1725570.0,C0128,2025-01-16 22:58:00,cash,shopee,0.0,Biên Hòa,retail,2023-12-17,Scott Pilgrim's Precious Little Life (Scott Pilgrim #1),Sách,Unknown,quyển,1725570.0,27,public_website,2025-01,1725570.0,0.0,1725570.0
ORD001048,P0086,2,461670.0,C0128,2025-01-16 22:58:00,cash,shopee,0.0,Biên Hòa,retail,2023-12-17,"Starving Hearts (Triangular Trade Trilogy, #1)",Sách,Unknown,quyển,461670.0,19,public_website,2025-01,923340.0,0.0,923340.0
ORD001049,P0042,1,42000.0,C0001,2025-01-09 17:44:00,e-wallet,shopee,5000.0,TP. Hồ Chí Minh,retail,2024-10-20,Pin AAA 4 viên,Thiết bị văn phòng,Panasonic,vỉ,42000.0,22,lecturer_sample,2025-01,42000.0,3705.468212376264,38294.53178762374
ORD001049,P0035,1,14673.0,C0001,2025-01-09 17:44:00,e-wallet,shopee,5000.0,TP. Hồ Chí Minh,retail,2024-10-20,Túi hồ sơ dây buộc,Hồ sơ và lưu trữ,Hồng Hà,chiếc,16000.0,25,lecturer_sample,2025-01,14673.0,1294.5317876237361,13378.468212376263
ORD001050,P0022,1,16648.0,C0099,2025-02-17 20:03:00,cash,online,0.0,TP. Hồ Chí Minh,retail,2024-10-11,Thước ê ke 2 chiếc,Dụng cụ học tập,Deli,bộ,18000.0,20,lecturer_sample,2025-02,16648.0,0.0,16648.0
ORD001050,P0049,5,125000.0,C0099,2025-02-17 20:03:00,cash,online,0.0,TP. Hồ Chí Minh,retail,2024-10-11,Máy đục lỗ 2 lỗ,Thiết bị văn phòng,Deli,chiếc,125000.0,10,lecturer_sample,2025-02,625000.0,0.0,625000.0
ORD001050,P0086,2,461670.0,C0099,2025-02-17 20:03:00,cash,online,0.0,TP. Hồ Chí Minh,retail,2024-10-11,"Starving Hearts (Triangular Trade Trilogy, #1)",Sách,Unknown,quyển,461670.0,19,public_website,2025-02,923340.0,0.0,923340.0
ORD001050,P0058,4,333544.0,C0099,2025-02-17 20:03:00,cash,online,0.0,TP. Hồ Chí Minh,retail,2024-10-11,Bộ chia USB 4 cổng,Phụ kiện máy tính,Ugreen,chiếc,350000.0,8,lecturer_sample,2025-02,1334176.0,0.0,1334176.0
ORD001051,P0018,3,37458.0,C0214,2025-12-14 04:06:00,transfer,offline,50000.0,Biên Hòa,student,2024-05-31,Bút chì kim 0.5 mm,Bút viết,Pentel,cây,38000.0,20,lecturer_sample,2025-12,112374.0,50000.0,62374.0
ORD001052,P0003,1,14000.0,C0151,2025-07-14 23:53:00,e-wallet,offline,0.0,Huế,retail,2024-07-05,Vở ô ly 96 trang,Vở và giấy,Hồng Hà,quyển,14000.0,35,lecturer_sample,2025-07,14000.0,0.0,14000.0
ORD001053,P0063,11,34386124.0,C0166,2025-07-21 21:19:00,card,offline,0.0,Huế,office,2024-07-22,Huawei Matebook X Pro,Thiết bị văn phòng,Huawei,chiếc,34999750.0,15,public_api,2025-07,378247364.0,0.0,378247364.0
ORD001053,P0082,6,1036681.0,C0166,2025-07-21 21:19:00,card,offline,0.0,Huế,office,2024-07-22,The Dirty Little Secrets of Getting Your Dream Job,Sách,Unknown,quyển,1100220.0,8,public_website,2025-07,6220086.0,0.0,6220086.0
ORD001053,P0087,10,681780.0,C0166,2025-07-21 21:19:00,card,offline,0.0,Huế,office,2024-07-22,Shakespeare's Sonnets,Sách,Unknown,quyển,681780.0,21,public_website,2025-07,6817800.0,0.0,6817800.0
ORD001053,P0089,7,1671074.0,C0166,2025-07-21 21:19:00,card,offline,0.0,Huế,office,2024-07-22,Scott Pilgrim's Precious Little Life (Scott Pilgrim #1),Sách,Unknown,quyển,1725570.0,27,public_website,2025-07,11697518.0,0.0,11697518.0
ORD001053,P0086,8,461670.0,C0166,2025-07-21 21:19:00,card,offline,0.0,Huế,office,2024-07-22,"Starving Hearts (Triangular Trade Trilogy, #1)",Sách,Unknown,quyển,461670.0,19,public_website,2025-07,3693360.0,0.0,3693360.0
ORD001054,P0065,1,37499750.0,C0052,2025-06-01 00:09:00,e-wallet,online,0.0,TP. Hồ Chí Minh,retail,2024-03-30,New DELL XPS 13 9300 Laptop,Thiết bị văn phòng,Dell,chiếc,37499750.0,14,public_api,2025-06,37499750.0,0.0,37499750.0
ORD001054,P0050,5,420000.0,C0052,2025-06-01 00:09:00,e-wallet,online,0.0,TP. Hồ Chí Minh,retail,2024-03-30,Bảng trắng 60 x 90 cm,Thiết bị văn phòng,Bavico,chiếc,420000.0,5,lecturer_sample,2025-06,2100000.0,0.0,2100000.0
ORD001055,P0047,16,73210.0,C0143,2025-09-25 02:36:00,cash,offline,0.0,Huế,wholesale,2024-01-02,Máy dập ghim số 10,Thiết bị văn phòng,Max,chiếc,78000.0,15,lecturer_sample,2025-09,1171360.0,0.0,1171360.0
ORD001056,P0034,2,85000.0,C0093,2025-08-21 17:36:00,cash,website,0.0,TP. Hồ Chí Minh,retail,2023-12-18,File hộp 10 cm,Hồ sơ và lưu trữ,Flexoffice,chiếc,85000.0,15,lecturer_sample,2025-08,170000.0,0.0,170000.0
ORD001056,P0061,3,49999750.0,C0093,2025-08-21 17:36:00,cash,website,0.0,TP. Hồ Chí Minh,retail,2023-12-18,Apple MacBook Pro 14 Inch Space Grey,Thiết bị văn phòng,Apple,chiếc,49999750.0,5,public_api,2025-08,149999250.0,0.0,149999250.0
ORD001057,P0018,1,35435.0,C0162,2025-09-26 01:35:00,card,website,0.0,TP. Hồ Chí Minh,student,2024-12-26,Bút chì kim 0.5 mm,Bút viết,Pentel,cây,38000.0,20,lecturer_sample,2025-09,35435.0,0.0,35435.0
ORD001057,P0019,5,22000.0,C0162,2025-09-26 01:35:00,card,website,0.0,TP. Hồ Chí Minh,student,2024-12-26,Ruột chì kim 0.5 mm,Bút viết,Pentel,hộp,22000.0,25,lecturer_sample,2025-09,110000.0,0.0,110000.0
ORD001057,P0089,1,1725570.0,C0162,2025-09-26 01:35:00,card,website,0.0,TP. Hồ Chí Minh,student,2024-12-26,Scott Pilgrim's Precious Little Life (Scott Pilgrim #1),Sách,Unknown,quyển,1725570.0,27,public_website,2025-09,1725570.0,0.0,1725570.0
ORD001057,P0002,4,18000.0,C0162,2025-09-26 01:35:00,card,website,0.0,TP. Hồ Chí Minh,student,2024-12-26,Vở kẻ ngang 120 trang,Vở và giấy,Campus,quyển,18000.0,30,lecturer_sample,2025-09,72000.0,0.0,72000.0
ORD001058,P0035,11,16000.0,C0024,2025-12-11 03:08:00,card,offline,10000.0,Cần Thơ,office,2024-06-09,Túi hồ sơ dây buộc,Hồ sơ và lưu trữ,Hồng Hà,chiếc,16000.0,25,lecturer_sample,2025-12,176000.0,8301.886792452831,167698.11320754717
ORD001058,P0017,4,9000.0,C0024,2025-12-11 03:08:00,card,offline,10000.0,Cần Thơ,office,2024-06-09,Bút chì 2B,Bút viết,Staedtler,cây,9000.0,45,lecturer_sample,2025-12,36000.0,1698.1132075471696,34301.88679245283
ORD001059,P0029,2,25000.0,C0046,2025-03-25 18:38:00,card,offline,0.0,Cần Thơ,student,2024-01-21,Kéo học sinh 13 cm,Dụng cụ học tập,Deli,chiếc,25000.0,18,lecturer_sample,2025-03,50000.0,0.0,50000.0
ORD001059,P0052,5,290000.0,C0046,2025-03-25 18:38:00,card,offline,0.0,Cần Thơ,student,2024-01-21,Bàn phím có dây,Phụ kiện máy tính,Logitech,chiếc,290000.0,8,lecturer_sample,2025-03,1450000.0,0.0,1450000.0
ORD001059,P0059,3,55000.0,C0046,2025-03-25 18:38:00,card,offline,0.0,Cần Thơ,student,2024-01-21,Tấm lót chuột,Phụ kiện máy tính,OEM,chiếc,55000.0,20,lecturer_sample,2025-03,165000.0,0.0,165000.0
ORD001059,P0075,1,2499750.0,C0046,2025-03-25 18:38:00,card,offline,0.0,Cần Thơ,student,2024-01-21,Apple MagSafe Battery Pack,Phụ kiện máy tính,Apple,cái,2499750.0,1,public_api,2025-03,2499750.0,0.0,2499750.0
ORD001059,P0079,5,1578060.0,C0046,2025-03-25 18:38:00,card,offline,0.0,Cần Thơ,student,2024-01-21,Sharp Objects,Sách,Unknown,quyển,1578060.0,24,public_website,2025-03,7890300.0,0.0,7890300.0
ORD001060,P0033,1,69000.0,C0217,2025-10-23 18:08:00,card,offline,0.0,Biên Hòa,retail,2024-08-29,Bìa còng 5 cm,Hồ sơ và lưu trữ,King Jim,chiếc,69000.0,18,lecturer_sample,2025-10,69000.0,0.0,69000.0
ORD001060,P0063,2,32376874.0,C0217,2025-10-23 18:08:00,card,offline,0.0,Biên Hòa,retail,2024-08-29,Huawei Matebook X Pro,Thiết bị văn phòng,Huawei,chiếc,34999750.0,15,public_api,2025-10,64753748.0,0.0,64753748.0
ORD001060,P0045,4,1748766.0,C0217,2025-10-23 18:08:00,card,offline,0.0,Biên Hòa,retail,2024-08-29,Máy hủy tài liệu,Thiết bị văn phòng,Silicon,chiếc,1850000.0,3,lecturer_sample,2025-10,6995064.0,0.0,6995064.0
ORD001060,P0067,5,14999750.0,C0217,2025-10-23 18:08:00,card,offline,0.0,Biên Hòa,retail,2024-08-29,Samsung Galaxy Tab S8 Plus Grey,Thiết bị văn phòng,Samsung,chiếc,14999750.0,12,public_api,2025-10,74998750.0,0.0,74998750.0
ORD001060,P0064,3,27499750.0,C0217,2025-10-23 18:08:00,card,offline,0.0,Biên Hòa,retail,2024-08-29,Lenovo Yoga 920,Thiết bị văn phòng,Lenovo,chiếc,27499750.0,8,public_api,2025-10,82499250.0,0.0,82499250.0
ORD001061,P0076,5,1659781.0,C0023,2025-09-07 00:41:00,cash,offline,50000.0,Hải Phòng,retail,2024-02-23,A Light in the Attic,Sách,Unknown,quyển,1708410.0,16,public_website,2025-09,8298905.0,2911.7812459913866,8295993.218754008
ORD001061,P0089,3,1725570.0,C0023,2025-09-07 00:41:00,cash,offline,50000.0,Hải Phòng,retail,2024-02-23,Scott Pilgrim's Precious Little Life (Scott Pilgrim #1),Sách,Unknown,quyển,1725570.0,27,public_website,2025-09,5176710.0,1816.31758574608,5174893.682414254
ORD001061,P0061,1,49999750.0,C0023,2025-09-07 00:41:00,cash,offline,50000.0,Hải Phòng,retail,2024-02-23,Apple MacBook Pro 14 Inch Space Grey,Thiết bị văn phòng,Apple,chiếc,49999750.0,5,public_api,2025-09,49999750.0,17543.077593279817,49982206.92240672
ORD001061,P0064,3,26337425.0,C0023,2025-09-07 00:41:00,cash,offline,50000.0,Hải Phòng,retail,2024-02-23,Lenovo Yoga 920,Thiết bị văn phòng,Lenovo,chiếc,27499750.0,8,public_api,2025-09,79012275.0,27722.508035471437,78984552.49196453
ORD001061,P0022,1,18000.0,C0023,2025-09-07 00:41:00,cash,offline,50000.0,Hải Phòng,retail,2024-02-23,Thước ê ke 2 chiếc,Dụng cụ học tập,Deli,bộ,18000.0,20,lecturer_sample,2025-09,18000.0,6.31553951127829,17993.684460488723
ORD001062,P0042,18,42000.0,C0148,2025-07-10 16:39:00,cash,offline,0.0,Nha Trang,wholesale,2024-11-02,Pin AAA 4 viên,Thiết bị văn phòng,Panasonic,vỉ,42000.0,22,lecturer_sample,2025-07,756000.0,0.0,756000.0
ORD001063,P0039,1,25846.0,C0012,2025-07-05 19:52:00,card,shopee,0.0,TP. Hồ Chí Minh,retail,2024-06-09,Kẹp bướm 25 mm,Hồ sơ và lưu trữ,Deli,hộp,28000.0,25,lecturer_sample,2025-07,25846.0,0.0,25846.0
ORD001063,P0076,1,1625826.0,C0012,2025-07-05 19:52:00,card,shopee,0.0,TP. Hồ Chí Minh,retail,2024-06-09,A Light in the Attic,Sách,Unknown,quyển,1708410.0,16,public_website,2025-07,1625826.0,0.0,1625826.0
ORD001063,P0089,3,1725570.0,C0012,2025-07-05 19:52:00,card,shopee,0.0,TP. Hồ Chí Minh,retail,2024-06-09,Scott Pilgrim's Precious Little Life (Scott Pilgrim #1),Sách,Unknown,quyển,1725570.0,27,public_website,2025-07,5176710.0,0.0,5176710.0
ORD001063,P0005,3,79000.0,C0012,2025-07-05 19:52:00,card,shopee,0.0,TP. Hồ Chí Minh,retail,2024-06-09,Sổ tay bìa da A5,Vở và giấy,OEM,quyển,79000.0,15,lecturer_sample,2025-07,237000.0,0.0,237000.0
ORD001063,P0042,2,38332.0,C0012,2025-07-05 19:52:00,card,shopee,0.0,TP. Hồ Chí Minh,retail,2024-06-09,Pin AAA 4 viên,Thiết bị văn phòng,Panasonic,vỉ,42000.0,22,lecturer_sample,2025-07,76664.0,0.0,76664.0
ORD001064,P0051,29,320000.0,C0146,2025-09-25 23:26:00,card,website,20000.0,Nha Trang,wholesale,2024-05-13,Chuột không dây,Phụ kiện máy tính,Logitech,chiếc,320000.0,10,lecturer_sample,2025-09,9280000.0,15544.388609715243,9264455.611390285
ORD001064,P0037,28,95000.0,C0146,2025-09-25 23:26:00,card,website,20000.0,Nha Trang,wholesale,2024-05-13,Cặp tài liệu A4,Hồ sơ và lưu trữ,OEM,chiếc,95000.0,10,lecturer_sample,2025-09,2660000.0,4455.611390284757,2655544.3886097153
ORD001065,P0028,1,78000.0,C0160,2025-09-21 18:30:00,transfer,website,0.0,Biên Hòa,retail,2024-06-11,Bộ màu nước 12 màu,Dụng cụ học tập,Pentel,bộ,78000.0,12,lecturer_sample,2025-09,78000.0,0.0,78000.0
ORD001066,P0058,3,350000.0,C0086,2025-01-24 18:22:00,transfer,website,20000.0,Hà Nội,student,2024-09-19,Bộ chia USB 4 cổng,Phụ kiện máy tính,Ugreen,chiếc,350000.0,8,lecturer_sample,2025-01,1050000.0,6953.580216335814,1043046.4197836642
ORD001066,P0036,5,180217.0,C0086,2025-01-24 18:22:00,transfer,website,20000.0,Hà Nội,student,2024-09-19,Khay tài liệu 3 tầng,Hồ sơ và lưu trữ,Deli,bộ,185000.0,8,lecturer_sample,2025-01,901085.0,5967.396980225673,895117.6030197743
ORD001066,P0060,3,356314.0,C0086,2025-01-24 18:22:00,transfer,website,20000.0,Hà Nội,student,2024-09-19,Tai nghe có mic,Phụ kiện máy tính,Rapoo,chiếc,390000.0,8,lecturer_sample,2025-01,1068942.0,7079.022803438513,1061862.9771965614
ORD001067,P0048,2,11876.0,C0136,2025-01-31 22:55:00,transfer,online,0.0,Hà Nội,retail,2024-04-11,Kim bấm số 10,Thiết bị văn phòng,Max,hộp,12000.0,35,lecturer_sample,2025-01,23752.0,0.0,23752.0
ORD001067,P0005,3,74679.0,C0136,2025-01-31 22:55:00,transfer,online,0.0,Hà Nội,retail,2024-04-11,Sổ tay bìa da A5,Vở và giấy,OEM,quyển,79000.0,15,lecturer_sample,2025-01,224037.0,0.0,224037.0
ORD001068,P0035,1,16000.0,C0141,2025-06-05 18:20:00,cash,offline,0.0,Nha Trang,retail,2024-11-24,Túi hồ sơ dây buộc,Hồ sơ và lưu trữ,Hồng Hà,chiếc,16000.0,25,lecturer_sample,2025-06,16000.0,0.0,16000.0
ORD001068,P0089,4,1662452.0,C0141,2025-06-05 18:20:00,cash,offline,0.0,Nha Trang,retail,2024-11-24,Scott Pilgrim's Precious Little Life (Scott Pilgrim #1),Sách,Unknown,quyển,1725570.0,27,public_website,2025-06,6649808.0,0.0,6649808.0
ORD001068,P0088,4,576180.0,C0141,2025-06-05 18:20:00,cash,offline,0.0,Nha Trang,retail,2024-11-24,Set Me Free,Sách,Unknown,quyển,576180.0,24,public_website,2025-06,2304720.0,0.0,2304720.0
ORD001068,P0084,5,745800.0,C0141,2025-06-05 18:20:00,cash,offline,0.0,Nha Trang,retail,2024-11-24,The Boys in the Boat: Nine Americans and Their Epic Quest for Gold at the 1936 Berlin Olympics,Sách,Unknown,quyển,745800.0,13,public_website,2025-06,3729000.0,0.0,3729000.0
ORD001069,P0017,15,8363.0,C0021,2025-07-06 22:10:00,cash,online,0.0,Hải Phòng,wholesale,2024-05-27,Bút chì 2B,Bút viết,Staedtler,cây,9000.0,45,lecturer_sample,2025-07,125445.0,0.0,125445.0
ORD001070,P0003,4,13786.0,C0011,2025-09-11 02:44:00,cash,website,0.0,Huế,retail,2024-12-22,Vở ô ly 96 trang,Vở và giấy,Hồng Hà,quyển,14000.0,35,lecturer_sample,2025-09,55144.0,0.0,55144.0
ORD001070,P0009,1,18000.0,C0011,2025-09-11 02:44:00,cash,website,0.0,Huế,retail,2024-12-22,Giấy note 3 x 3 inch,Vở và giấy,Deli,xấp,18000.0,30,lecturer_sample,2025-09,18000.0,0.0,18000.0
ORD001071,P0062,3,41776032.0,C0176,2025-01-10 18:21:00,e-wallet,shopee,5000.0,Hải Phòng,retail,2024-11-23,Asus Zenbook Pro Dual Screen Laptop,Thiết bị văn phòng,Asus,chiếc,44999750.0,9,public_api,2025-01,125328096.0,4969.649229270758,125323126.35077073
ORD001071,P0049,3,125000.0,C0176,2025-01-10 18:21:00,e-wallet,shopee,5000.0,Hải Phòng,retail,2024-11-23,Máy đục lỗ 2 lỗ,Thiết bị văn phòng,Deli,chiếc,125000.0,10,lecturer_sample,2025-01,375000.0,14.869917603922861,374985.1300823961
ORD001071,P0035,1,16000.0,C0176,2025-01-10 18:21:00,e-wallet,shopee,5000.0,Hải Phòng,retail,2024-11-23,Túi hồ sơ dây buộc,Hồ sơ và lưu trữ,Hồng Hà,chiếc,16000.0,25,lecturer_sample,2025-01,16000.0,0.6344498177673754,15999.365550182232
ORD001071,P0060,1,374407.0,C0176,2025-01-10 18:21:00,e-wallet,shopee,5000.0,Hải Phòng,retail,2024-11-23,Tai nghe có mic,Phụ kiện máy tính,Rapoo,chiếc,390000.0,8,lecturer_sample,2025-01,374407.0,14.846403307551858,374392.1535966924
ORD001072,P0050,1,420000.0,C0047,2025-08-13 21:50:00,cash,offline,0.0,Hải Phòng,retail,2024-08-13,Bảng trắng 60 x 90 cm,Thiết bị văn phòng,Bavico,chiếc,420000.0,5,lecturer_sample,2025-08,420000.0,0.0,420000.0
ORD001072,P0079,2,1469540.0,C0047,2025-08-13 21:50:00,cash,offline,0.0,Hải Phòng,retail,2024-08-13,Sharp Objects,Sách,Unknown,quyển,1578060.0,24,public_website,2025-08,2939080.0,0.0,2939080.0
ORD001072,P0089,5,1725570.0,C0047,2025-08-13 21:50:00,cash,offline,0.0,Hải Phòng,retail,2024-08-13,Scott Pilgrim's Precious Little Life (Scott Pilgrim #1),Sách,Unknown,quyển,1725570.0,27,public_website,2025-08,8627850.0,0.0,8627850.0
ORD001072,P0015,5,45000.0,C0047,2025-08-13 21:50:00,cash,offline,0.0,Hải Phòng,retail,2024-08-13,Bút máy học sinh,Bút viết,Hồng Hà,cây,45000.0,20,lecturer_sample,2025-08,225000.0,0.0,225000.0
ORD001072,P0016,4,25000.0,C0047,2025-08-13 21:50:00,cash,offline,0.0,Hải Phòng,retail,2024-08-13,Ống mực bút máy xanh,Bút viết,Hồng Hà,hộp,25000.0,25,lecturer_sample,2025-08,100000.0,0.0,100000.0
ORD001073,P0018,2,38000.0,C0214,2025-09-10 17:48:00,card,online,20000.0,Biên Hòa,student,2024-05-31,Bút chì kim 0.5 mm,Bút viết,Pentel,cây,38000.0,20,lecturer_sample,2025-09,76000.0,2005.2770448548813,73994.72295514512
ORD001073,P0019,1,22000.0,C0214,2025-09-10 17:48:00,card,online,20000.0,Biên Hòa,student,2024-05-31,Ruột chì kim 0.5 mm,Bút viết,Pentel,hộp,22000.0,25,lecturer_sample,2025-09,22000.0,580.4749340369393,21419.525065963062
ORD001073,P0053,4,165000.0,C0214,2025-09-10 17:48:00,card,online,20000.0,Biên Hòa,student,2024-05-31,USB 32 GB,Phụ kiện máy tính,SanDisk,chiếc,165000.0,15,lecturer_sample,2025-09,660000.0,17414.24802110818,642585.7519788918
ORD001074,P0002,5,18000.0,C0174,2025-11-15 19:19:00,e-wallet,offline,0.0,TP. Hồ Chí Minh,retail,2024-05-09,Vở kẻ ngang 120 trang,Vở và giấy,Campus,quyển,18000.0,30,lecturer_sample,2025-11,90000.0,0.0,90000.0
ORD001074,P0052,3,290000.0,C0174,2025-11-15 19:19:00,e-wallet,offline,0.0,TP. Hồ Chí Minh,retail,2024-05-09,Bàn phím có dây,Phụ kiện máy tính,Logitech,chiếc,290000.0,8,lecturer_sample,2025-11,870000.0,0.0,870000.0
ORD001074,P0059,5,55000.0,C0174,2025-11-15 19:19:00,e-wallet,offline,0.0,TP. Hồ Chí Minh,retail,2024-05-09,Tấm lót chuột,Phụ kiện máy tính,OEM,chiếc,55000.0,20,lecturer_sample,2025-11,275000.0,0.0,275000.0
ORD001074,P0032,5,11832.0,C0174,2025-11-15 19:19:00,e-wallet,offline,0.0,TP. Hồ Chí Minh,retail,2024-05-09,Bìa nút A4,Hồ sơ và lưu trữ,Deli,chiếc,12000.0,35,lecturer_sample,2025-11,59160.0,0.0,59160.0
ORD001075,P0088,1,576180.0,C0168,2025-06-23 01:39:00,e-wallet,offline,20000.0,Biên Hòa,student,2024-09-03,Set Me Free,Sách,Unknown,quyển,576180.0,24,public_website,2025-06,576180.0,612.5683355817279,575567.4316644183
ORD001075,P0084,4,745800.0,C0168,2025-06-23 01:39:00,e-wallet,offline,20000.0,Biên Hòa,student,2024-09-03,The Boys in the Boat: Nine Americans and Their Epic Quest for Gold at the 1936 Berlin Olympics,Sách,Unknown,quyển,745800.0,13,public_website,2025-06,2983200.0,3171.6023789569413,2980028.397621043
ORD001075,P0069,5,2499750.0,C0168,2025-06-23 01:39:00,e-wallet,offline,20000.0,Biên Hòa,student,2024-09-03,Amazon Echo Plus,Phụ kiện máy tính,Amazon,cái,2499750.0,12,public_api,2025-06,12498750.0,13288.101781304662,12485461.898218695
ORD001075,P0051,1,320000.0,C0168,2025-06-23 01:39:00,e-wallet,offline,20000.0,Biên Hòa,student,2024-09-03,Chuột không dây,Phụ kiện máy tính,Logitech,chiếc,320000.0,10,lecturer_sample,2025-06,320000.0,340.20942654405377,319659.7905734559
ORD001075,P0034,4,83453.0,C0168,2025-06-23 01:39:00,e-wallet,offline,20000.0,Biên Hòa,student,2024-09-03,File hộp 10 cm,Hồ sơ và lưu trữ,Flexoffice,chiếc,85000.0,15,lecturer_sample,2025-06,333812.0,354.89371591726143,333457.10628408275
ORD001075,P0050,5,420000.0,C0168,2025-06-23 01:39:00,e-wallet,offline,20000.0,Biên Hòa,student,2024-09-03,Bảng trắng 60 x 90 cm,Thiết bị văn phòng,Bavico,chiếc,420000.0,5,lecturer_sample,2025-06,2100000.0,2232.624361695353,2097767.3756383047
ORD001076,P0005,2,77900.0,C0140,2025-07-19 03:28:00,e-wallet,online,0.0,Hải Phòng,retail,2024-09-18,Sổ tay bìa da A5,Vở và giấy,OEM,quyển,79000.0,15,lecturer_sample,2025-07,155800.0,0.0,155800.0
ORD001076,P0061,2,49999750.0,C0140,2025-07-19 03:28:00,e-wallet,online,0.0,Hải Phòng,retail,2024-09-18,Apple MacBook Pro 14 Inch Space Grey,Thiết bị văn phòng,Apple,chiếc,49999750.0,5,public_api,2025-07,99999500.0,0.0,99999500.0
ORD001077,P0034,3,77058.0,C0074,2025-06-08 01:44:00,transfer,offline,0.0,Biên Hòa,retail,2024-08-28,File hộp 10 cm,Hồ sơ và lưu trữ,Flexoffice,chiếc,85000.0,15,lecturer_sample,2025-06,231174.0,0.0,231174.0
ORD001077,P0020,2,78895.0,C0074,2025-06-08 01:44:00,transfer,offline,0.0,Biên Hòa,retail,2024-08-28,Bút dạ quang 5 màu,Bút viết,Stabilo,bộ,85000.0,15,lecturer_sample,2025-06,157790.0,0.0,157790.0
ORD001077,P0002,2,16498.0,C0074,2025-06-08 01:44:00,transfer,offline,0.0,Biên Hòa,retail,2024-08-28,Vở kẻ ngang 120 trang,Vở và giấy,Campus,quyển,18000.0,30,lecturer_sample,2025-06,32996.0,0.0,32996.0
ORD001077,P0011,1,5000.0,C0074,2025-06-08 01:44:00,transfer,offline,0.0,Biên Hòa,retail,2024-08-28,Bút bi xanh 0.5 mm,Bút viết,Thiên Long,cây,5000.0,70,lecturer_sample,2025-06,5000.0,0.0,5000.0
ORD001077,P0078,3,1653300.0,C0074,2025-06-08 01:44:00,transfer,offline,0.0,Biên Hòa,retail,2024-08-28,Soumission,Sách,Unknown,quyển,1653300.0,22,public_website,2025-06,4959900.0,0.0,4959900.0
ORD001077,P0079,1,1578060.0,C0074,2025-06-08 01:44:00,transfer,offline,0.0,Biên Hòa,retail,2024-08-28,Sharp Objects,Sách,Unknown,quyển,1578060.0,24,public_website,2025-06,1578060.0,0.0,1578060.0
ORD001078,P0073,1,2499750.0,C0170,2025-10-22 03:49:00,cash,offline,0.0,Hải Phòng,student,2024-12-16,Apple HomePod Mini Cosmic Grey,Phụ kiện máy tính,Apple,cái,2499750.0,5,public_api,2025-10,2499750.0,0.0,2499750.0
ORD001078,P0074,4,451862.0,C0170,2025-10-22 03:49:00,cash,offline,0.0,Hải Phòng,student,2024-12-16,Apple iPhone Charger,Phụ kiện máy tính,Apple,cái,499750.0,6,public_api,2025-10,1807448.0,0.0,1807448.0
ORD001079,P0049,2,125000.0,C0063,2025-01-04 02:48:00,e-wallet,offline,0.0,Hải Phòng,retail,2023-12-28,Máy đục lỗ 2 lỗ,Thiết bị văn phòng,Deli,chiếc,125000.0,10,lecturer_sample,2025-01,250000.0,0.0,250000.0
ORD001079,P0037,1,95000.0,C0063,2025-01-04 02:48:00,e-wallet,offline,0.0,Hải Phòng,retail,2023-12-28,Cặp tài liệu A4,Hồ sơ và lưu trữ,OEM,chiếc,95000.0,10,lecturer_sample,2025-01,95000.0,0.0,95000.0
ORD001079,P0023,3,41291.0,C0063,2025-01-04 02:48:00,e-wallet,offline,0.0,Hải Phòng,retail,2023-12-28,Compa học sinh,Dụng cụ học tập,Maped,chiếc,42000.0,15,lecturer_sample,2025-01,123873.0,0.0,123873.0
ORD001079,P0002,4,18000.0,C0063,2025-01-04 02:48:00,e-wallet,offline,0.0,Hải Phòng,retail,2023-12-28,Vở kẻ ngang 120 trang,Vở và giấy,Campus,quyển,18000.0,30,lecturer_sample,2025-01,72000.0,0.0,72000.0
ORD001079,P0011,5,5000.0,C0063,2025-01-04 02:48:00,e-wallet,offline,0.0,Hải Phòng,retail,2023-12-28,Bút bi xanh 0.5 mm,Bút viết,Thiên Long,cây,5000.0,70,lecturer_sample,2025-01,25000.0,0.0,25000.0
ORD001080,P0018,2,38000.0,C0140,2025-08-19 21:54:00,e-wallet,offline,0.0,Hải Phòng,retail,2024-09-18,Bút chì kim 0.5 mm,Bút viết,Pentel,cây,38000.0,20,lecturer_sample,2025-08,76000.0,0.0,76000.0
ORD001080,P0019,2,21552.0,C0140,2025-08-19 21:54:00,e-wallet,offline,0.0,Hải Phòng,retail,2024-09-18,Ruột chì kim 0.5 mm,Bút viết,Pentel,hộp,22000.0,25,lecturer_sample,2025-08,43104.0,0.0,43104.0
ORD001080,P0067,2,14999750.0,C0140,2025-08-19 21:54:00,e-wallet,offline,0.0,Hải Phòng,retail,2024-09-18,Samsung Galaxy Tab S8 Plus Grey,Thiết bị văn phòng,Samsung,chiếc,14999750.0,12,public_api,2025-08,29999500.0,0.0,29999500.0
ORD001081,P0089,3,1588057.0,C0091,2025-09-24 18:04:00,cash,offline,50000.0,Nha Trang,retail,2024-03-27,Scott Pilgrim's Precious Little Life (Scott Pilgrim #1),Sách,Unknown,quyển,1725570.0,27,public_website,2025-09,4764171.0,935.0204851827712,4763235.979514817
ORD001081,P0061,5,49999750.0,C0091,2025-09-24 18:04:00,cash,offline,50000.0,Nha Trang,retail,2024-03-27,Apple MacBook Pro 14 Inch Space Grey,Thiết bị văn phòng,Apple,chiếc,49999750.0,5,public_api,2025-09,249998750.0,49064.979514817234,249949685.0204852
ORD001082,P0073,20,2404199.0,C0049,2025-08-10 03:10:00,cash,online,20000.0,Hà Nội,wholesale,2024-12-30,Apple HomePod Mini Cosmic Grey,Phụ kiện máy tính,Apple,cái,2499750.0,5,public_api,2025-08,48083980.0,20000.0,48063980.0
ORD001083,P0045,20,1850000.0,C0145,2025-02-18 22:06:00,e-wallet,shopee,20000.0,Cần Thơ,wholesale,2024-04-29,Máy hủy tài liệu,Thiết bị văn phòng,Silicon,chiếc,1850000.0,3,lecturer_sample,2025-02,37000000.0,18920.024544896707,36981079.975455105
ORD001083,P0019,27,22000.0,C0145,2025-02-18 22:06:00,e-wallet,shopee,20000.0,Cần Thơ,wholesale,2024-04-29,Ruột chì kim 0.5 mm,Bút viết,Pentel,hộp,22000.0,25,lecturer_sample,2025-02,594000.0,303.7430967478012,593696.2569032522
ORD001083,P0033,22,69000.0,C0145,2025-02-18 22:06:00,e-wallet,shopee,20000.0,Cần Thơ,wholesale,2024-04-29,Bìa còng 5 cm,Hồ sơ và lưu trữ,King Jim,chiếc,69000.0,18,lecturer_sample,2025-02,1518000.0,776.232358355492,1517223.7676416445
ORD001084,P0022,4,18000.0,C0182,2025-01-27 04:49:00,transfer,offline,0.0,Cần Thơ,student,2024-05-26,Thước ê ke 2 chiếc,Dụng cụ học tập,Deli,bộ,18000.0,20,lecturer_sample,2025-01,72000.0,0.0,72000.0
ORD001084,P0048,2,12000.0,C0182,2025-01-27 04:49:00,transfer,offline,0.0,Cần Thơ,student,2024-05-26,Kim bấm số 10,Thiết bị văn phòng,Max,hộp,12000.0,35,lecturer_sample,2025-01,24000.0,0.0,24000.0
ORD001085,P0029,4,25000.0,C0149,2025-09-03 18:51:00,transfer,offline,0.0,Cần Thơ,retail,2024-02-25,Kéo học sinh 13 cm,Dụng cụ học tập,Deli,chiếc,25000.0,18,lecturer_sample,2025-09,100000.0,0.0,100000.0
ORD001085,P0079,1,1578060.0,C0149,2025-09-03 18:51:00,transfer,offline,0.0,Cần Thơ,retail,2024-02-25,Sharp Objects,Sách,Unknown,quyển,1578060.0,24,public_website,2025-09,1578060.0,0.0,1578060.0
ORD001086,P0085,2,1720950.0,C0055,2025-11-11 20:34:00,transfer,shopee,0.0,Đà Nẵng,retail,2024-07-28,The Black Maria,Sách,Unknown,quyển,1720950.0,16,public_website,2025-11,3441900.0,0.0,3441900.0
ORD001087,P0058,2,338146.0,C0023,2025-05-23 20:31:00,transfer,shopee,0.0,Hải Phòng,retail,2024-02-23,Bộ chia USB 4 cổng,Phụ kiện máy tính,Ugreen,chiếc,350000.0,8,lecturer_sample,2025-05,676292.0,0.0,676292.0
ORD001087,P0066,2,12499750.0,C0023,2025-05-23 20:31:00,transfer,shopee,0.0,Hải Phòng,retail,2024-02-23,iPad Mini 2021 Starlight,Thiết bị văn phòng,Apple,chiếc,12499750.0,9,public_api,2025-05,24999500.0,0.0,24999500.0
ORD001087,P0085,2,1591758.0,C0023,2025-05-23 20:31:00,transfer,shopee,0.0,Hải Phòng,retail,2024-02-23,The Black Maria,Sách,Unknown,quyển,1720950.0,16,public_website,2025-05,3183516.0,0.0,3183516.0
ORD001087,P0078,2,1653300.0,C0023,2025-05-23 20:31:00,transfer,shopee,0.0,Hải Phòng,retail,2024-02-23,Soumission,Sách,Unknown,quyển,1653300.0,22,public_website,2025-05,3306600.0,0.0,3306600.0
ORD001087,P0007,2,99000.0,C0023,2025-05-23 20:31:00,transfer,shopee,0.0,Hải Phòng,retail,2024-02-23,Giấy in A4 80 gsm,Vở và giấy,PaperOne,ram,99000.0,20,lecturer_sample,2025-05,198000.0,0.0,198000.0
ORD001088,P0061,1,49999750.0,C0113,2025-09-12 21:54:00,cash,offline,0.0,Đà Nẵng,student,2024-04-10,Apple MacBook Pro 14 Inch Space Grey,Thiết bị văn phòng,Apple,chiếc,49999750.0,5,public_api,2025-09,49999750.0,0.0,49999750.0
ORD001088,P0009,4,18000.0,C0113,2025-09-12 21:54:00,cash,offline,0.0,Đà Nẵng,student,2024-04-10,Giấy note 3 x 3 inch,Vở và giấy,Deli,xấp,18000.0,30,lecturer_sample,2025-09,72000.0,0.0,72000.0
ORD001088,P0034,1,85000.0,C0113,2025-09-12 21:54:00,cash,offline,0.0,Đà Nẵng,student,2024-04-10,File hộp 10 cm,Hồ sơ và lưu trữ,Flexoffice,chiếc,85000.0,15,lecturer_sample,2025-09,85000.0,0.0,85000.0
ORD001088,P0018,5,38000.0,C0113,2025-09-12 21:54:00,cash,offline,0.0,Đà Nẵng,student,2024-04-10,Bút chì kim 0.5 mm,Bút viết,Pentel,cây,38000.0,20,lecturer_sample,2025-09,190000.0,0.0,190000.0
ORD001089,P0083,1,591690.0,C0213,2025-08-14 23:29:00,transfer,shopee,0.0,Biên Hòa,retail,2024-06-30,"The Coming Woman: A Novel Based on the Life of the Infamous Feminist, Victoria Woodhull",Sách,Unknown,quyển,591690.0,10,public_website,2025-08,591690.0,0.0,591690.0
ORD001089,P0009,5,18000.0,C0213,2025-08-14 23:29:00,transfer,shopee,0.0,Biên Hòa,retail,2024-06-30,Giấy note 3 x 3 inch,Vở và giấy,Deli,xấp,18000.0,30,lecturer_sample,2025-08,90000.0,0.0,90000.0
ORD001090,P0035,21,16000.0,C0175,2025-12-19 03:04:00,transfer,online,0.0,Nha Trang,wholesale,2024-03-25,Túi hồ sơ dây buộc,Hồ sơ và lưu trữ,Hồng Hà,chiếc,16000.0,25,lecturer_sample,2025-12,336000.0,0.0,336000.0
ORD001090,P0055,30,280000.0,C0175,2025-12-19 03:04:00,transfer,online,0.0,Nha Trang,wholesale,2024-03-25,Thẻ nhớ microSD 64 GB,Phụ kiện máy tính,SanDisk,chiếc,280000.0,10,lecturer_sample,2025-12,8400000.0,0.0,8400000.0
ORD001091,P0035,3,16000.0,C0064,2025-10-05 20:04:00,cash,online,0.0,Huế,retail,2023-12-14,Túi hồ sơ dây buộc,Hồ sơ và lưu trữ,Hồng Hà,chiếc,16000.0,25,lecturer_sample,2025-10,48000.0,0.0,48000.0
ORD001091,P0015,3,42192.0,C0064,2025-10-05 20:04:00,cash,online,0.0,Huế,retail,2023-12-14,Bút máy học sinh,Bút viết,Hồng Hà,cây,45000.0,20,lecturer_sample,2025-10,126576.0,0.0,126576.0
ORD001091,P0016,4,25000.0,C0064,2025-10-05 20:04:00,cash,online,0.0,Huế,retail,2023-12-14,Ống mực bút máy xanh,Bút viết,Hồng Hà,hộp,25000.0,25,lecturer_sample,2025-10,100000.0,0.0,100000.0
ORD001091,P0079,1,1578060.0,C0064,2025-10-05 20:04:00,cash,online,0.0,Huế,retail,2023-12-14,Sharp Objects,Sách,Unknown,quyển,1578060.0,24,public_website,2025-10,1578060.0,0.0,1578060.0
ORD001092,P0075,1,2499750.0,C0180,2025-07-21 18:05:00,card,offline,0.0,Hà Nội,student,2024-09-22,Apple MagSafe Battery Pack,Phụ kiện máy tính,Apple,cái,2499750.0,1,public_api,2025-07,2499750.0,0.0,2499750.0
ORD001092,P0032,4,12000.0,C0180,2025-07-21 18:05:00,card,offline,0.0,Hà Nội,student,2024-09-22,Bìa nút A4,Hồ sơ và lưu trữ,Deli,chiếc,12000.0,35,lecturer_sample,2025-07,48000.0,0.0,48000.0
ORD001092,P0006,2,82000.0,C0180,2025-07-21 18:05:00,card,offline,0.0,Hà Nội,student,2024-09-22,Giấy in A4 70 gsm,Vở và giấy,Double A,ram,82000.0,25,lecturer_sample,2025-07,164000.0,0.0,164000.0
ORD001093,P0031,17,4000.0,C0155,2025-04-08 03:14:00,transfer,shopee,10000.0,Hải Phòng,wholesale,2024-12-16,Bìa lá A4 trong,Hồ sơ và lưu trữ,Plus,chiếc,4000.0,60,lecturer_sample,2025-04,68000.0,232.1611471491977,67767.83885285081
ORD001093,P0006,8,82000.0,C0155,2025-04-08 03:14:00,transfer,shopee,10000.0,Hải Phòng,wholesale,2024-12-16,Giấy in A4 70 gsm,Vở và giấy,Double A,ram,82000.0,25,lecturer_sample,2025-04,656000.0,2239.6722430863774,653760.3277569136
ORD001093,P0054,9,245000.0,C0155,2025-04-08 03:14:00,transfer,shopee,10000.0,Hải Phòng,wholesale,2024-12-16,USB 64 GB,Phụ kiện máy tính,Kingston,chiếc,245000.0,12,lecturer_sample,2025-04,2205000.0,7528.166609764425,2197471.8333902354
ORD001094,P0067,5,14333655.0,C0202,2025-07-31 02:08:00,e-wallet,website,5000.0,TP. Hồ Chí Minh,student,2024-10-03,Samsung Galaxy Tab S8 Plus Grey,Thiết bị văn phòng,Samsung,chiếc,14999750.0,12,public_api,2025-07,71668275.0,4946.240859638289,71663328.75914036
ORD001094,P0049,5,114160.0,C0202,2025-07-31 02:08:00,e-wallet,website,5000.0,TP. Hồ Chí Minh,student,2024-10-03,Máy đục lỗ 2 lỗ,Thiết bị văn phòng,Deli,chiếc,125000.0,10,lecturer_sample,2025-07,570800.0,39.39419893504533,570760.605801065
ORD001094,P0028,2,76570.0,C0202,2025-07-31 02:08:00,e-wallet,website,5000.0,TP. Hồ Chí Minh,student,2024-10-03,Bộ màu nước 12 màu,Dụng cụ học tập,Pentel,bộ,78000.0,12,lecturer_sample,2025-07,153140.0,10.569074325355365,153129.43092567465
ORD001094,P0059,1,55000.0,C0202,2025-07-31 02:08:00,e-wallet,website,5000.0,TP. Hồ Chí Minh,student,2024-10-03,Tấm lót chuột,Phụ kiện máy tính,OEM,chiếc,55000.0,20,lecturer_sample,2025-07,55000.0,3.7958671013095535,54996.20413289869
ORD001095,P0049,3,123459.0,C0147,2025-12-16 22:16:00,transfer,shopee,0.0,Đà Nẵng,retail,2024-09-06,Máy đục lỗ 2 lỗ,Thiết bị văn phòng,Deli,chiếc,125000.0,10,lecturer_sample,2025-12,370377.0,0.0,370377.0
ORD001096,P0022,2,18000.0,C0048,2025-07-08 02:03:00,cash,shopee,0.0,Đà Nẵng,retail,2024-12-22,Thước ê ke 2 chiếc,Dụng cụ học tập,Deli,bộ,18000.0,20,lecturer_sample,2025-07,36000.0,0.0,36000.0
ORD001097,P0003,5,14000.0,C0181,2025-07-08 02:33:00,e-wallet,website,0.0,Nha Trang,retail,2024-12-23,Vở ô ly 96 trang,Vở và giấy,Hồng Hà,quyển,14000.0,35,lecturer_sample,2025-07,70000.0,0.0,70000.0
ORD001097,P0025,4,15000.0,C0181,2025-07-08 02:33:00,e-wallet,website,0.0,Nha Trang,retail,2024-12-23,Gọt bút chì có hộp,Dụng cụ học tập,Deli,chiếc,15000.0,25,lecturer_sample,2025-07,60000.0,0.0,60000.0
ORD001098,P0074,2,499750.0,C0117,2025-07-26 01:45:00,transfer,offline,0.0,Đà Nẵng,retail,2024-06-04,Apple iPhone Charger,Phụ kiện máy tính,Apple,cái,499750.0,6,public_api,2025-07,999500.0,0.0,999500.0
ORD001098,P0025,5,15000.0,C0117,2025-07-26 01:45:00,transfer,offline,0.0,Đà Nẵng,retail,2024-06-04,Gọt bút chì có hộp,Dụng cụ học tập,Deli,chiếc,15000.0,25,lecturer_sample,2025-07,75000.0,0.0,75000.0
ORD001098,P0071,3,13749750.0,C0117,2025-07-26 01:45:00,transfer,offline,0.0,Đà Nẵng,retail,2024-06-04,Apple AirPods Max Silver,Phụ kiện máy tính,Apple,cái,13749750.0,11,public_api,2025-07,41249250.0,0.0,41249250.0
ORD001098,P0083,5,552880.0,C0117,2025-07-26 01:45:00,transfer,offline,0.0,Đà Nẵng,retail,2024-06-04,"The Coming Woman: A Novel Based on the Life of the Infamous Feminist, Victoria Woodhull",Sách,Unknown,quyển,591690.0,10,public_website,2025-07,2764400.0,0.0,2764400.0
ORD001099,P0012,3,5000.0,C0207,2025-02-02 22:13:00,card,online,20000.0,Hải Phòng,retail,2024-10-14,Bút bi đen 0.5 mm,Bút viết,Thiên Long,cây,5000.0,60,lecturer_sample,2025-02,15000.0,849.8198381943029,14150.180161805698
ORD001099,P0016,4,25000.0,C0207,2025-02-02 22:13:00,card,online,20000.0,Hải Phòng,retail,2024-10-14,Ống mực bút máy xanh,Bút viết,Hồng Hà,hộp,25000.0,25,lecturer_sample,2025-02,100000.0,5665.465587962019,94334.53441203799
ORD001099,P0026,3,60672.0,C0207,2025-02-02 22:13:00,card,online,20000.0,Hải Phòng,retail,2024-10-14,Hộp bút vải,Dụng cụ học tập,OEM,chiếc,65000.0,15,lecturer_sample,2025-02,182016.0,10312.053844584947,171703.94615541506
ORD001099,P0003,4,14000.0,C0207,2025-02-02 22:13:00,card,online,20000.0,Hải Phòng,retail,2024-10-14,Vở ô ly 96 trang,Vở và giấy,Hồng Hà,quyển,14000.0,35,lecturer_sample,2025-02,56000.0,3172.6607292587305,52827.33927074127
ORD001100,P0022,1,16663.0,C0217,2025-08-17 18:07:00,card,offline,0.0,Biên Hòa,retail,2024-08-29,Thước ê ke 2 chiếc,Dụng cụ học tập,Deli,bộ,18000.0,20,lecturer_sample,2025-08,16663.0,0.0,16663.0
ORD001100,P0040,3,18000.0,C0217,2025-08-17 18:07:00,card,offline,0.0,Biên Hòa,retail,2024-08-29,Kẹp giấy 33 mm,Hồ sơ và lưu trữ,Plus,hộp,18000.0,30,lecturer_sample,2025-08,54000.0,0.0,54000.0
ORD001100,P0089,5,1725570.0,C0217,2025-08-17 18:07:00,card,offline,0.0,Biên Hòa,retail,2024-08-29,Scott Pilgrim's Precious Little Life (Scott Pilgrim #1),Sách,Unknown,quyển,1725570.0,27,public_website,2025-08,8627850.0,0.0,8627850.0
ORD001100,P0086,2,449432.0,C0217,2025-08-17 18:07:00,card,offline,0.0,Biên Hòa,retail,2024-08-29,"Starving Hearts (Triangular Trade Trilogy, #1)",Sách,Unknown,quyển,461670.0,19,public_website,2025-08,898864.0,0.0,898864.0
ORD001100,P0033,3,67603.0,C0217,2025-08-17 18:07:00,card,offline,0.0,Biên Hòa,retail,2024-08-29,Bìa còng 5 cm,Hồ sơ và lưu trữ,King Jim,chiếc,69000.0,18,lecturer_sample,2025-08,202809.0,0.0,202809.0
ORD001101,P0058,1,350000.0,C0055,2025-01-29 23:36:00,cash,online,5000.0,Đà Nẵng,retail,2024-07-28,Bộ chia USB 4 cổng,Phụ kiện máy tính,Ugreen,chiếc,350000.0,8,lecturer_sample,2025-01,350000.0,3991.333105257156,346008.66689474287
ORD001101,P0040,5,17690.0,C0055,2025-01-29 23:36:00,cash,online,5000.0,Đà Nẵng,retail,2024-07-28,Kẹp giấy 33 mm,Hồ sơ và lưu trữ,Plus,hộp,18000.0,30,lecturer_sample,2025-01,88450.0,1008.6668947428441,87441.33310525716
ORD001102,P0039,26,28000.0,C0037,2025-03-03 17:23:00,transfer,offline,0.0,Nha Trang,wholesale,2024-02-17,Kẹp bướm 25 mm,Hồ sơ và lưu trữ,Deli,hộp,28000.0,25,lecturer_sample,2025-03,728000.0,0.0,728000.0
ORD001102,P0085,10,1720950.0,C0037,2025-03-03 17:23:00,transfer,offline,0.0,Nha Trang,wholesale,2024-02-17,The Black Maria,Sách,Unknown,quyển,1720950.0,16,public_website,2025-03,17209500.0,0.0,17209500.0
ORD001102,P0049,21,115422.0,C0037,2025-03-03 17:23:00,transfer,offline,0.0,Nha Trang,wholesale,2024-02-17,Máy đục lỗ 2 lỗ,Thiết bị văn phòng,Deli,chiếc,125000.0,10,lecturer_sample,2025-03,2423862.0,0.0,2423862.0
ORD001103,P0005,2,79000.0,C0217,2025-12-16 02:56:00,e-wallet,shopee,5000.0,Biên Hòa,retail,2024-08-29,Sổ tay bìa da A5,Vở và giấy,OEM,quyển,79000.0,15,lecturer_sample,2025-12,158000.0,98.77469367341835,157901.22530632658
ORD001103,P0045,4,1850000.0,C0217,2025-12-16 02:56:00,e-wallet,shopee,5000.0,Biên Hòa,retail,2024-08-29,Máy hủy tài liệu,Thiết bị văn phòng,Silicon,chiếc,1850000.0,3,lecturer_sample,2025-12,7400000.0,4626.156539134784,7395373.843460865
ORD001103,P0057,2,220000.0,C0217,2025-12-16 02:56:00,e-wallet,shopee,5000.0,Biên Hòa,retail,2024-08-29,Cáp USB-C 1 m,Phụ kiện máy tính,Anker,sợi,220000.0,15,lecturer_sample,2025-12,440000.0,275.068767191798,439724.9312328082
ORD001104,P0042,25,40882.0,C0103,2025-12-16 21:26:00,cash,website,5000.0,Cần Thơ,wholesale,2024-09-01,Pin AAA 4 viên,Thiết bị văn phòng,Panasonic,vỉ,42000.0,22,lecturer_sample,2025-12,1022050.0,5000.0,1017050.0
ORD001105,P0086,2,461670.0,C0209,2025-08-14 00:04:00,cash,offline,0.0,TP. Hồ Chí Minh,student,2024-09-30,"Starving Hearts (Triangular Trade Trilogy, #1)",Sách,Unknown,quyển,461670.0,19,public_website,2025-08,923340.0,0.0,923340.0
ORD001106,P0018,5,38000.0,C0175,2025-04-03 03:08:00,transfer,offline,0.0,Nha Trang,wholesale,2024-03-25,Bút chì kim 0.5 mm,Bút viết,Pentel,cây,38000.0,20,lecturer_sample,2025-04,190000.0,0.0,190000.0
ORD001106,P0019,12,21171.0,C0175,2025-04-03 03:08:00,transfer,offline,0.0,Nha Trang,wholesale,2024-03-25,Ruột chì kim 0.5 mm,Bút viết,Pentel,hộp,22000.0,25,lecturer_sample,2025-04,254052.0,0.0,254052.0
ORD001107,P0056,2,180000.0,C0032,2025-04-23 04:25:00,cash,offline,0.0,Hải Phòng,student,2024-02-07,Cáp HDMI 2 m,Phụ kiện máy tính,Ugreen,sợi,180000.0,12,lecturer_sample,2025-04,360000.0,0.0,360000.0
ORD001107,P0008,3,65000.0,C0032,2025-04-23 04:25:00,cash,offline,0.0,Hải Phòng,student,2024-02-07,Giấy màu A4 100 tờ,Vở và giấy,IK Plus,xấp,65000.0,15,lecturer_sample,2025-04,195000.0,0.0,195000.0
ORD001108,P0065,25,36396071.0,C0040,2025-09-24 04:25:00,transfer,online,0.0,TP. Hồ Chí Minh,wholesale,2023-12-03,New DELL XPS 13 9300 Laptop,Thiết bị văn phòng,Dell,chiếc,37499750.0,14,public_api,2025-09,909901775.0,0.0,909901775.0
ORD001109,P0032,5,12000.0,C0089,2025-03-08 03:23:00,e-wallet,offline,0.0,TP. Hồ Chí Minh,student,2024-08-14,Bìa nút A4,Hồ sơ và lưu trữ,Deli,chiếc,12000.0,35,lecturer_sample,2025-03,60000.0,0.0,60000.0
ORD001109,P0058,5,350000.0,C0089,2025-03-08 03:23:00,e-wallet,offline,0.0,TP. Hồ Chí Minh,student,2024-08-14,Bộ chia USB 4 cổng,Phụ kiện máy tính,Ugreen,chiếc,350000.0,8,lecturer_sample,2025-03,1750000.0,0.0,1750000.0
ORD001109,P0019,2,22000.0,C0089,2025-03-08 03:23:00,e-wallet,offline,0.0,TP. Hồ Chí Minh,student,2024-08-14,Ruột chì kim 0.5 mm,Bút viết,Pentel,hộp,22000.0,25,lecturer_sample,2025-03,44000.0,0.0,44000.0
ORD001109,P0022,3,17320.0,C0089,2025-03-08 03:23:00,e-wallet,offline,0.0,TP. Hồ Chí Minh,student,2024-08-14,Thước ê ke 2 chiếc,Dụng cụ học tập,Deli,bộ,18000.0,20,lecturer_sample,2025-03,51960.0,0.0,51960.0
ORD001109,P0016,2,23007.0,C0089,2025-03-08 03:23:00,e-wallet,offline,0.0,TP. Hồ Chí Minh,student,2024-08-14,Ống mực bút máy xanh,Bút viết,Hồng Hà,hộp,25000.0,25,lecturer_sample,2025-03,46014.0,0.0,46014.0
ORD001110,P0088,4,576180.0,C0059,2025-08-05 22:05:00,cash,online,50000.0,Biên Hòa,retail,2024-08-18,Set Me Free,Sách,Unknown,quyển,576180.0,24,public_website,2025-08,2304720.0,36465.91154336157,2268254.0884566386
ORD001110,P0084,1,725382.0,C0059,2025-08-05 22:05:00,cash,online,50000.0,Biên Hòa,retail,2024-08-18,The Boys in the Boat: Nine Americans and Their Epic Quest for Gold at the 1936 Berlin Olympics,Sách,Unknown,quyển,745800.0,13,public_website,2025-08,725382.0,11477.192824788566,713904.8071752114
ORD001110,P0008,2,65000.0,C0059,2025-08-05 22:05:00,cash,online,50000.0,Biên Hòa,retail,2024-08-18,Giấy màu A4 100 tờ,Vở và giấy,IK Plus,xấp,65000.0,15,lecturer_sample,2025-08,130000.0,2056.895631849858,127943.10436815015
ORD001111,P0009,5,18000.0,C0026,2025-01-08 23:07:00,transfer,website,0.0,Hà Nội,retail,2024-12-25,Giấy note 3 x 3 inch,Vở và giấy,Deli,xấp,18000.0,30,lecturer_sample,2025-01,90000.0,0.0,90000.0
ORD001112,P0045,3,1850000.0,C0162,2025-04-05 03:05:00,transfer,offline,0.0,TP. Hồ Chí Minh,student,2024-12-26,Máy hủy tài liệu,Thiết bị văn phòng,Silicon,chiếc,1850000.0,3,lecturer_sample,2025-04,5550000.0,0.0,5550000.0
ORD001112,P0073,2,2466692.0,C0162,2025-04-05 03:05:00,transfer,offline,0.0,TP. Hồ Chí Minh,student,2024-12-26,Apple HomePod Mini Cosmic Grey,Phụ kiện máy tính,Apple,cái,2499750.0,5,public_api,2025-04,4933384.0,0.0,4933384.0
ORD001112,P0085,2,1720950.0,C0162,2025-04-05 03:05:00,transfer,offline,0.0,TP. Hồ Chí Minh,student,2024-12-26,The Black Maria,Sách,Unknown,quyển,1720950.0,16,public_website,2025-04,3441900.0,0.0,3441900.0
ORD001112,P0069,2,2364144.0,C0162,2025-04-05 03:05:00,transfer,offline,0.0,TP. Hồ Chí Minh,student,2024-12-26,Amazon Echo Plus,Phụ kiện máy tính,Amazon,cái,2499750.0,12,public_api,2025-04,4728288.0,0.0,4728288.0
ORD001112,P0051,1,296411.0,C0162,2025-04-05 03:05:00,transfer,offline,0.0,TP. Hồ Chí Minh,student,2024-12-26,Chuột không dây,Phụ kiện máy tính,Logitech,chiếc,320000.0,10,lecturer_sample,2025-04,296411.0,0.0,296411.0
ORD001112,P0023,2,42000.0,C0162,2025-04-05 03:05:00,transfer,offline,0.0,TP. Hồ Chí Minh,student,2024-12-26,Compa học sinh,Dụng cụ học tập,Maped,chiếc,42000.0,15,lecturer_sample,2025-04,84000.0,0.0,84000.0
ORD001113,P0089,1,1590634.0,C0172,2025-10-17 18:45:00,card,offline,10000.0,Biên Hòa,retail,2024-04-16,Scott Pilgrim's Precious Little Life (Scott Pilgrim #1),Sách,Unknown,quyển,1725570.0,27,public_website,2025-10,1590634.0,160.47100997705616,1590473.5289900228
ORD001113,P0017,4,8298.0,C0172,2025-10-17 18:45:00,card,offline,10000.0,Biên Hòa,retail,2024-04-16,Bút chì 2B,Bút viết,Staedtler,cây,9000.0,45,lecturer_sample,2025-10,33192.0,3.348572810060924,33188.651427189936
ORD001113,P0067,1,14999750.0,C0172,2025-10-17 18:45:00,card,offline,10000.0,Biên Hòa,retail,2024-04-16,Samsung Galaxy Tab S8 Plus Grey,Thiết bị văn phòng,Samsung,chiếc,14999750.0,12,public_api,2025-10,14999750.0,1513.248825250402,14998236.75117475
ORD001113,P0064,3,27499750.0,C0172,2025-10-17 18:45:00,card,offline,10000.0,Biên Hòa,retail,2024-04-16,Lenovo Yoga 920,Thiết bị văn phòng,Lenovo,chiếc,27499750.0,8,public_api,2025-10,82499250.0,8322.93159196248,82490927.06840804
ORD001114,P0002,15,18000.0,C0204,2025-09-09 20:06:00,cash,shopee,0.0,Cần Thơ,wholesale,2023-12-11,Vở kẻ ngang 120 trang,Vở và giấy,Campus,quyển,18000.0,30,lecturer_sample,2025-09,270000.0,0.0,270000.0
ORD001114,P0020,26,85000.0,C0204,2025-09-09 20:06:00,cash,shopee,0.0,Cần Thơ,wholesale,2023-12-11,Bút dạ quang 5 màu,Bút viết,Stabilo,bộ,85000.0,15,lecturer_sample,2025-09,2210000.0,0.0,2210000.0
ORD001114,P0049,29,125000.0,C0204,2025-09-09 20:06:00,cash,shopee,0.0,Cần Thơ,wholesale,2023-12-11,Máy đục lỗ 2 lỗ,Thiết bị văn phòng,Deli,chiếc,125000.0,10,lecturer_sample,2025-09,3625000.0,0.0,3625000.0
ORD001115,P0058,13,316419.0,C0103,2025-12-05 16:32:00,cash,offline,0.0,Cần Thơ,wholesale,2024-09-01,Bộ chia USB 4 cổng,Phụ kiện máy tính,Ugreen,chiếc,350000.0,8,lecturer_sample,2025-12,4113447.0,0.0,4113447.0
ORD001115,P0021,15,7000.0,C0103,2025-12-05 16:32:00,cash,offline,0.0,Cần Thơ,wholesale,2024-09-01,Thước thẳng 20 cm,Dụng cụ học tập,Thiên Long,cây,7000.0,35,lecturer_sample,2025-12,105000.0,0.0,105000.0
ORD001115,P0077,7,1745596.0,C0103,2025-12-05 16:32:00,cash,offline,0.0,Cần Thơ,wholesale,2024-09-01,Tipping the Velvet,Sách,Unknown,quyển,1773420.0,19,public_website,2025-12,12219172.0,0.0,12219172.0
ORD001115,P0083,26,591690.0,C0103,2025-12-05 16:32:00,cash,offline,0.0,Cần Thơ,wholesale,2024-09-01,"The Coming Woman: A Novel Based on the Life of the Infamous Feminist, Victoria Woodhull",Sách,Unknown,quyển,591690.0,10,public_website,2025-12,15383940.0,0.0,15383940.0
ORD001116,P0050,3,420000.0,C0023,2025-08-09 03:17:00,card,offline,0.0,Hải Phòng,retail,2024-02-23,Bảng trắng 60 x 90 cm,Thiết bị văn phòng,Bavico,chiếc,420000.0,5,lecturer_sample,2025-08,1260000.0,0.0,1260000.0
ORD001117,P0089,1,1555833.0,C0172,2025-02-17 01:46:00,transfer,offline,0.0,Biên Hòa,retail,2024-04-16,Scott Pilgrim's Precious Little Life (Scott Pilgrim #1),Sách,Unknown,quyển,1725570.0,27,public_website,2025-02,1555833.0,0.0,1555833.0
ORD001117,P0040,2,18000.0,C0172,2025-02-17 01:46:00,transfer,offline,0.0,Biên Hòa,retail,2024-04-16,Kẹp giấy 33 mm,Hồ sơ và lưu trữ,Plus,hộp,18000.0,30,lecturer_sample,2025-02,36000.0,0.0,36000.0
ORD001118,P0058,5,350000.0,C0041,2025-12-08 16:04:00,cash,website,20000.0,Cần Thơ,student,2024-08-28,Bộ chia USB 4 cổng,Phụ kiện máy tính,Ugreen,chiếc,350000.0,8,lecturer_sample,2025-12,1750000.0,675.4433127445346,1749324.5566872554
ORD001118,P0009,4,17205.0,C0041,2025-12-08 16:04:00,cash,website,20000.0,Cần Thơ,student,2024-08-28,Giấy note 3 x 3 inch,Vở và giấy,Deli,xấp,18000.0,30,lecturer_sample,2025-12,68820.0,26.56229073318793,68793.43770926681
ORD001118,P0066,4,12499750.0,C0041,2025-12-08 16:04:00,cash,website,20000.0,Cần Thơ,student,2024-08-28,iPad Mini 2021 Starlight,Thiết bị văn phòng,Apple,chiếc,12499750.0,9,public_api,2025-12,49999000.0,19297.994396522277,49979702.00560348
ORD001119,P0047,4,78000.0,C0166,2025-08-21 22:02:00,cash,shopee,0.0,Huế,office,2024-07-22,Máy dập ghim số 10,Thiết bị văn phòng,Max,chiếc,78000.0,15,lecturer_sample,2025-08,312000.0,0.0,312000.0
ORD001119,P0048,12,12000.0,C0166,2025-08-21 22:02:00,cash,shopee,0.0,Huế,office,2024-07-22,Kim bấm số 10,Thiết bị văn phòng,Max,hộp,12000.0,35,lecturer_sample,2025-08,144000.0,0.0,144000.0
ORD001119,P0015,2,45000.0,C0166,2025-08-21 22:02:00,cash,shopee,0.0,Huế,office,2024-07-22,Bút máy học sinh,Bút viết,Hồng Hà,cây,45000.0,20,lecturer_sample,2025-08,90000.0,0.0,90000.0
ORD001119,P0016,7,25000.0,C0166,2025-08-21 22:02:00,cash,shopee,0.0,Huế,office,2024-07-22,Ống mực bút máy xanh,Bút viết,Hồng Hà,hộp,25000.0,25,lecturer_sample,2025-08,175000.0,0.0,175000.0
ORD001120,P0038,5,35000.0,C0136,2025-10-02 01:30:00,card,offline,0.0,Hà Nội,retail,2024-04-11,Nhãn dán phân loại,Hồ sơ và lưu trữ,Avery,xấp,35000.0,18,lecturer_sample,2025-10,175000.0,0.0,175000.0
ORD001120,P0022,4,18000.0,C0136,2025-10-02 01:30:00,card,offline,0.0,Hà Nội,retail,2024-04-11,Thước ê ke 2 chiếc,Dụng cụ học tập,Deli,bộ,18000.0,20,lecturer_sample,2025-10,72000.0,0.0,72000.0
ORD001120,P0056,2,180000.0,C0136,2025-10-02 01:30:00,card,offline,0.0,Hà Nội,retail,2024-04-11,Cáp HDMI 2 m,Phụ kiện máy tính,Ugreen,sợi,180000.0,12,lecturer_sample,2025-10,360000.0,0.0,360000.0
ORD001121,P0029,3,24243.0,C0132,2025-12-12 03:50:00,cash,online,10000.0,Cần Thơ,retail,2024-01-02,Kéo học sinh 13 cm,Dụng cụ học tập,Deli,chiếc,25000.0,18,lecturer_sample,2025-12,72729.0,5221.296116818505,67507.7038831815
ORD001121,P0022,4,16641.0,C0132,2025-12-12 03:50:00,cash,online,10000.0,Cần Thơ,retail,2024-01-02,Thước ê ke 2 chiếc,Dụng cụ học tập,Deli,bộ,18000.0,20,lecturer_sample,2025-12,66564.0,4778.703883181495,61785.29611681851
ORD001122,P0026,3,65000.0,C0073,2025-10-17 02:29:00,e-wallet,offline,0.0,Hải Phòng,retail,2024-01-22,Hộp bút vải,Dụng cụ học tập,OEM,chiếc,65000.0,15,lecturer_sample,2025-10,195000.0,0.0,195000.0
ORD001122,P0002,4,18000.0,C0073,2025-10-17 02:29:00,e-wallet,offline,0.0,Hải Phòng,retail,2024-01-22,Vở kẻ ngang 120 trang,Vở và giấy,Campus,quyển,18000.0,30,lecturer_sample,2025-10,72000.0,0.0,72000.0
ORD001122,P0011,3,5000.0,C0073,2025-10-17 02:29:00,e-wallet,offline,0.0,Hải Phòng,retail,2024-01-22,Bút bi xanh 0.5 mm,Bút viết,Thiên Long,cây,5000.0,70,lecturer_sample,2025-10,15000.0,0.0,15000.0
ORD001122,P0013,5,5000.0,C0073,2025-10-17 02:29:00,e-wallet,offline,0.0,Hải Phòng,retail,2024-01-22,Bút bi đỏ 0.5 mm,Bút viết,Thiên Long,cây,5000.0,50,lecturer_sample,2025-10,25000.0,0.0,25000.0
ORD001123,P0082,3,1100220.0,C0080,2025-02-15 22:52:00,cash,offline,0.0,Biên Hòa,retail,2024-08-02,The Dirty Little Secrets of Getting Your Dream Job,Sách,Unknown,quyển,1100220.0,8,public_website,2025-02,3300660.0,0.0,3300660.0
ORD001124,P0042,9,42000.0,C0105,2025-05-06 21:20:00,transfer,website,0.0,Cần Thơ,office,2024-09-06,Pin AAA 4 viên,Thiết bị văn phòng,Panasonic,vỉ,42000.0,22,lecturer_sample,2025-05,378000.0,0.0,378000.0
ORD001124,P0005,12,79000.0,C0105,2025-05-06 21:20:00,transfer,website,0.0,Cần Thơ,office,2024-09-06,Sổ tay bìa da A5,Vở và giấy,OEM,quyển,79000.0,15,lecturer_sample,2025-05,948000.0,0.0,948000.0
ORD001124,P0067,7,14999750.0,C0105,2025-05-06 21:20:00,transfer,website,0.0,Cần Thơ,office,2024-09-06,Samsung Galaxy Tab S8 Plus Grey,Thiết bị văn phòng,Samsung,chiếc,14999750.0,12,public_api,2025-05,104998250.0,0.0,104998250.0
ORD001125,P0061,7,49999750.0,C0179,2025-07-14 19:20:00,cash,offline,0.0,Nha Trang,office,2024-06-30,Apple MacBook Pro 14 Inch Space Grey,Thiết bị văn phòng,Apple,chiếc,49999750.0,5,public_api,2025-07,349998250.0,0.0,349998250.0
ORD001126,P0038,5,34148.0,C0136,2025-03-24 23:26:00,card,website,0.0,Hà Nội,retail,2024-04-11,Nhãn dán phân loại,Hồ sơ và lưu trữ,Avery,xấp,35000.0,18,lecturer_sample,2025-03,170740.0,0.0,170740.0
ORD001126,P0022,3,18000.0,C0136,2025-03-24 23:26:00,card,website,0.0,Hà Nội,retail,2024-04-11,Thước ê ke 2 chiếc,Dụng cụ học tập,Deli,bộ,18000.0,20,lecturer_sample,2025-03,54000.0,0.0,54000.0
ORD001126,P0008,3,60922.0,C0136,2025-03-24 23:26:00,card,website,0.0,Hà Nội,retail,2024-04-11,Giấy màu A4 100 tờ,Vở và giấy,IK Plus,xấp,65000.0,15,lecturer_sample,2025-03,182766.0,0.0,182766.0
ORD001127,P0079,14,1578060.0,C0112,2025-05-07 20:21:00,cash,shopee,0.0,Đà Nẵng,wholesale,2024-05-16,Sharp Objects,Sách,Unknown,quyển,1578060.0,24,public_website,2025-05,22092840.0,0.0,22092840.0
ORD001127,P0026,17,65000.0,C0112,2025-05-07 20:21:00,cash,shopee,0.0,Đà Nẵng,wholesale,2024-05-16,Hộp bút vải,Dụng cụ học tập,OEM,chiếc,65000.0,15,lecturer_sample,2025-05,1105000.0,0.0,1105000.0
ORD001127,P0020,24,85000.0,C0112,2025-05-07 20:21:00,cash,shopee,0.0,Đà Nẵng,wholesale,2024-05-16,Bút dạ quang 5 màu,Bút viết,Stabilo,bộ,85000.0,15,lecturer_sample,2025-05,2040000.0,0.0,2040000.0
ORD001128,P0078,5,1612479.0,C0193,2025-11-08 19:53:00,e-wallet,offline,0.0,Cần Thơ,student,2024-06-30,Soumission,Sách,Unknown,quyển,1653300.0,22,public_website,2025-11,8062395.0,0.0,8062395.0
ORD001128,P0079,5,1578060.0,C0193,2025-11-08 19:53:00,e-wallet,offline,0.0,Cần Thơ,student,2024-06-30,Sharp Objects,Sách,Unknown,quyển,1578060.0,24,public_website,2025-11,7890300.0,0.0,7890300.0
ORD001128,P0040,2,18000.0,C0193,2025-11-08 19:53:00,e-wallet,offline,0.0,Cần Thơ,student,2024-06-30,Kẹp giấy 33 mm,Hồ sơ và lưu trữ,Plus,hộp,18000.0,30,lecturer_sample,2025-11,36000.0,0.0,36000.0
ORD001128,P0020,3,85000.0,C0193,2025-11-08 19:53:00,e-wallet,offline,0.0,Cần Thơ,student,2024-06-30,Bút dạ quang 5 màu,Bút viết,Stabilo,bộ,85000.0,15,lecturer_sample,2025-11,255000.0,0.0,255000.0
ORD001129,P0019,2,22000.0,C0033,2025-11-07 03:30:00,card,offline,0.0,Cần Thơ,student,2024-08-29,Ruột chì kim 0.5 mm,Bút viết,Pentel,hộp,22000.0,25,lecturer_sample,2025-11,44000.0,0.0,44000.0
ORD001129,P0052,1,280842.0,C0033,2025-11-07 03:30:00,card,offline,0.0,Cần Thơ,student,2024-08-29,Bàn phím có dây,Phụ kiện máy tính,Logitech,chiếc,290000.0,8,lecturer_sample,2025-11,280842.0,0.0,280842.0
ORD001129,P0057,4,220000.0,C0033,2025-11-07 03:30:00,card,offline,0.0,Cần Thơ,student,2024-08-29,Cáp USB-C 1 m,Phụ kiện máy tính,Anker,sợi,220000.0,15,lecturer_sample,2025-11,880000.0,0.0,880000.0
ORD001130,P0005,4,79000.0,C0177,2025-03-30 17:55:00,card,offline,0.0,Huế,retail,2024-06-23,Sổ tay bìa da A5,Vở và giấy,OEM,quyển,79000.0,15,lecturer_sample,2025-03,316000.0,0.0,316000.0
ORD001130,P0029,4,22797.0,C0177,2025-03-30 17:55:00,card,offline,0.0,Huế,retail,2024-06-23,Kéo học sinh 13 cm,Dụng cụ học tập,Deli,chiếc,25000.0,18,lecturer_sample,2025-03,91188.0,0.0,91188.0
ORD001131,P0028,7,78000.0,C0200,2025-03-06 16:15:00,card,offline,0.0,Biên Hòa,wholesale,2024-03-18,Bộ màu nước 12 màu,Dụng cụ học tập,Pentel,bộ,78000.0,12,lecturer_sample,2025-03,546000.0,0.0,546000.0
ORD001132,P0013,7,5000.0,C0157,2025-04-26 01:03:00,card,website,50000.0,Hải Phòng,office,2023-12-21,Bút bi đỏ 0.5 mm,Bút viết,Thiên Long,cây,5000.0,50,lecturer_sample,2025-04,35000.0,4.894687306397636,34995.1053126936
ORD001132,P0067,11,14999750.0,C0157,2025-04-26 01:03:00,card,website,50000.0,Hải Phòng,office,2023-12-21,Samsung Galaxy Tab S8 Plus Grey,Thiết bị văn phòng,Samsung,chiếc,14999750.0,12,public_api,2025-04,164997250.0,23074.569861871925,164974175.43013814
ORD001132,P0064,7,27499750.0,C0157,2025-04-26 01:03:00,card,website,50000.0,Hải Phòng,office,2023-12-21,Lenovo Yoga 920,Thiết bị văn phòng,Lenovo,chiếc,27499750.0,8,public_api,2025-04,192498250.0,26920.535450821677,192471329.46454918
ORD001133,P0038,3,33241.0,C0161,2025-12-13 23:00:00,transfer,website,0.0,Hà Nội,student,2024-02-11,Nhãn dán phân loại,Hồ sơ và lưu trữ,Avery,xấp,35000.0,18,lecturer_sample,2025-12,99723.0,0.0,99723.0
ORD001133,P0075,2,2499750.0,C0161,2025-12-13 23:00:00,transfer,website,0.0,Hà Nội,student,2024-02-11,Apple MagSafe Battery Pack,Phụ kiện máy tính,Apple,cái,2499750.0,1,public_api,2025-12,4999500.0,0.0,4999500.0
ORD001134,P0020,2,85000.0,C0084,2025-07-23 22:14:00,card,offline,0.0,Biên Hòa,retail,2024-12-06,Bút dạ quang 5 màu,Bút viết,Stabilo,bộ,85000.0,15,lecturer_sample,2025-07,170000.0,0.0,170000.0
ORD001135,P0067,1,14999750.0,C0047,2025-04-08 22:10:00,transfer,shopee,0.0,Hải Phòng,retail,2024-08-13,Samsung Galaxy Tab S8 Plus Grey,Thiết bị văn phòng,Samsung,chiếc,14999750.0,12,public_api,2025-04,14999750.0,0.0,14999750.0
ORD001135,P0064,4,25778587.0,C0047,2025-04-08 22:10:00,transfer,shopee,0.0,Hải Phòng,retail,2024-08-13,Lenovo Yoga 920,Thiết bị văn phòng,Lenovo,chiếc,27499750.0,8,public_api,2025-04,103114348.0,0.0,103114348.0
ORD001135,P0023,4,39842.0,C0047,2025-04-08 22:10:00,transfer,shopee,0.0,Hải Phòng,retail,2024-08-13,Compa học sinh,Dụng cụ học tập,Maped,chiếc,42000.0,15,lecturer_sample,2025-04,159368.0,0.0,159368.0
ORD001135,P0028,1,78000.0,C0047,2025-04-08 22:10:00,transfer,shopee,0.0,Hải Phòng,retail,2024-08-13,Bộ màu nước 12 màu,Dụng cụ học tập,Pentel,bộ,78000.0,12,lecturer_sample,2025-04,78000.0,0.0,78000.0
ORD001135,P0026,3,63749.0,C0047,2025-04-08 22:10:00,transfer,shopee,0.0,Hải Phòng,retail,2024-08-13,Hộp bút vải,Dụng cụ học tập,OEM,chiếc,65000.0,15,lecturer_sample,2025-04,191247.0,0.0,191247.0
ORD001136,P0005,14,79000.0,C0146,2025-05-24 22:48:00,e-wallet,offline,0.0,Nha Trang,wholesale,2024-05-13,Sổ tay bìa da A5,Vở và giấy,OEM,quyển,79000.0,15,lecturer_sample,2025-05,1106000.0,0.0,1106000.0
ORD001136,P0081,13,747450.0,C0146,2025-05-24 22:48:00,e-wallet,offline,0.0,Nha Trang,wholesale,2024-05-13,The Requiem Red,Sách,Unknown,quyển,747450.0,30,public_website,2025-05,9716850.0,0.0,9716850.0
ORD001137,P0015,3,45000.0,C0010,2025-06-04 19:53:00,card,offline,10000.0,Cần Thơ,retail,2024-05-20,Bút máy học sinh,Bút viết,Hồng Hà,cây,45000.0,20,lecturer_sample,2025-06,135000.0,217.51081270417822,134782.4891872958
ORD001137,P0016,3,24196.0,C0010,2025-06-04 19:53:00,card,offline,10000.0,Cần Thơ,retail,2024-05-20,Ống mực bút máy xanh,Bút viết,Hồng Hà,hộp,25000.0,25,lecturer_sample,2025-06,72588.0,116.9531472042288,72471.04685279577
ORD001137,P0073,2,2499750.0,C0010,2025-06-04 19:53:00,card,offline,10000.0,Cần Thơ,retail,2024-05-20,Apple HomePod Mini Cosmic Grey,Phụ kiện máy tính,Apple,cái,2499750.0,5,public_api,2025-06,4999500.0,8055.1504304780665,4991444.849569522
ORD001137,P0074,2,499750.0,C0010,2025-06-04 19:53:00,card,offline,10000.0,Cần Thơ,retail,2024-05-20,Apple iPhone Charger,Phụ kiện máy tính,Apple,cái,499750.0,6,public_api,2025-06,999500.0,1610.3856096135269,997889.6143903865
ORD001138,P0002,5,18000.0,C0040,2025-11-17 04:14:00,cash,offline,0.0,TP. Hồ Chí Minh,wholesale,2023-12-03,Vở kẻ ngang 120 trang,Vở và giấy,Campus,quyển,18000.0,30,lecturer_sample,2025-11,90000.0,0.0,90000.0
ORD001138,P0011,12,5000.0,C0040,2025-11-17 04:14:00,cash,offline,0.0,TP. Hồ Chí Minh,wholesale,2023-12-03,Bút bi xanh 0.5 mm,Bút viết,Thiên Long,cây,5000.0,70,lecturer_sample,2025-11,60000.0,0.0,60000.0
ORD001139,P0012,8,5000.0,C0105,2025-08-28 23:04:00,cash,offline,0.0,Cần Thơ,office,2024-09-06,Bút bi đen 0.5 mm,Bút viết,Thiên Long,cây,5000.0,60,lecturer_sample,2025-08,40000.0,0.0,40000.0
ORD001139,P0083,9,591690.0,C0105,2025-08-28 23:04:00,cash,offline,0.0,Cần Thơ,office,2024-09-06,"The Coming Woman: A Novel Based on the Life of the Infamous Feminist, Victoria Woodhull",Sách,Unknown,quyển,591690.0,10,public_website,2025-08,5325210.0,0.0,5325210.0
ORD001139,P0072,7,1856502.0,C0105,2025-08-28 23:04:00,cash,offline,0.0,Cần Thơ,office,2024-09-06,Apple Airpower Wireless Charger,Phụ kiện máy tính,Apple,cái,1999750.0,1,public_api,2025-08,12995514.0,0.0,12995514.0
ORD001140,P0019,2,22000.0,C0192,2025-01-30 18:17:00,card,shopee,0.0,Nha Trang,retail,2024-05-18,Ruột chì kim 0.5 mm,Bút viết,Pentel,hộp,22000.0,25,lecturer_sample,2025-01,44000.0,0.0,44000.0
ORD001140,P0008,2,65000.0,C0192,2025-01-30 18:17:00,card,shopee,0.0,Nha Trang,retail,2024-05-18,Giấy màu A4 100 tờ,Vở và giấy,IK Plus,xấp,65000.0,15,lecturer_sample,2025-01,130000.0,0.0,130000.0
ORD001140,P0083,2,591690.0,C0192,2025-01-30 18:17:00,card,shopee,0.0,Nha Trang,retail,2024-05-18,"The Coming Woman: A Novel Based on the Life of the Infamous Feminist, Victoria Woodhull",Sách,Unknown,quyển,591690.0,10,public_website,2025-01,1183380.0,0.0,1183380.0
ORD001141,P0074,2,499750.0,C0139,2025-06-01 23:04:00,transfer,website,50000.0,TP. Hồ Chí Minh,retail,2024-08-15,Apple iPhone Charger,Phụ kiện máy tính,Apple,cái,499750.0,6,public_api,2025-06,999500.0,3364.2781851114382,996135.7218148885
ORD001141,P0075,3,2499750.0,C0139,2025-06-01 23:04:00,transfer,website,50000.0,TP. Hồ Chí Minh,retail,2024-08-15,Apple MagSafe Battery Pack,Phụ kiện máy tính,Apple,cái,2499750.0,1,public_api,2025-06,7499250.0,25242.18427183287,7474007.815728167
ORD001141,P0085,4,1588962.0,C0139,2025-06-01 23:04:00,transfer,website,50000.0,TP. Hồ Chí Minh,retail,2024-08-15,The Black Maria,Sách,Unknown,quyển,1720950.0,16,public_website,2025-06,6355848.0,21393.537543055692,6334454.462456944
ORD001142,P0077,1,1773420.0,C0140,2025-08-26 03:49:00,transfer,website,0.0,Hải Phòng,retail,2024-09-18,Tipping the Velvet,Sách,Unknown,quyển,1773420.0,19,public_website,2025-08,1773420.0,0.0,1773420.0
ORD001142,P0083,5,591690.0,C0140,2025-08-26 03:49:00,transfer,website,0.0,Hải Phòng,retail,2024-09-18,"The Coming Woman: A Novel Based on the Life of the Infamous Feminist, Victoria Woodhull",Sách,Unknown,quyển,591690.0,10,public_website,2025-08,2958450.0,0.0,2958450.0
ORD001142,P0056,4,180000.0,C0140,2025-08-26 03:49:00,transfer,website,0.0,Hải Phòng,retail,2024-09-18,Cáp HDMI 2 m,Phụ kiện máy tính,Ugreen,sợi,180000.0,12,lecturer_sample,2025-08,720000.0,0.0,720000.0
ORD001142,P0045,4,1850000.0,C0140,2025-08-26 03:49:00,transfer,website,0.0,Hải Phòng,retail,2024-09-18,Máy hủy tài liệu,Thiết bị văn phòng,Silicon,chiếc,1850000.0,3,lecturer_sample,2025-08,7400000.0,0.0,7400000.0
ORD001142,P0076,3,1708410.0,C0140,2025-08-26 03:49:00,transfer,website,0.0,Hải Phòng,retail,2024-09-18,A Light in the Attic,Sách,Unknown,quyển,1708410.0,16,public_website,2025-08,5125230.0,0.0,5125230.0
ORD001142,P0089,1,1725570.0,C0140,2025-08-26 03:49:00,transfer,website,0.0,Hải Phòng,retail,2024-09-18,Scott Pilgrim's Precious Little Life (Scott Pilgrim #1),Sách,Unknown,quyển,1725570.0,27,public_website,2025-08,1725570.0,0.0,1725570.0
ORD001142,P0055,3,280000.0,C0140,2025-08-26 03:49:00,transfer,website,0.0,Hải Phòng,retail,2024-09-18,Thẻ nhớ microSD 64 GB,Phụ kiện máy tính,SanDisk,chiếc,280000.0,10,lecturer_sample,2025-08,840000.0,0.0,840000.0
ORD001143,P0035,20,16000.0,C0206,2025-10-28 04:44:00,transfer,website,0.0,TP. Hồ Chí Minh,wholesale,2024-03-08,Túi hồ sơ dây buộc,Hồ sơ và lưu trữ,Hồng Hà,chiếc,16000.0,25,lecturer_sample,2025-10,320000.0,0.0,320000.0
ORD001143,P0048,11,12000.0,C0206,2025-10-28 04:44:00,transfer,website,0.0,TP. Hồ Chí Minh,wholesale,2024-03-08,Kim bấm số 10,Thiết bị văn phòng,Max,hộp,12000.0,35,lecturer_sample,2025-10,132000.0,0.0,132000.0
ORD001144,P0008,5,65000.0,C0197,2025-02-10 04:11:00,cash,online,0.0,Hải Phòng,student,2024-04-02,Giấy màu A4 100 tờ,Vở và giấy,IK Plus,xấp,65000.0,15,lecturer_sample,2025-02,325000.0,0.0,325000.0
ORD001145,P0085,2,1623933.0,C0179,2025-06-28 03:35:00,cash,online,0.0,Nha Trang,office,2024-06-30,The Black Maria,Sách,Unknown,quyển,1720950.0,16,public_website,2025-06,3247866.0,0.0,3247866.0
ORD001145,P0055,2,275500.0,C0179,2025-06-28 03:35:00,cash,online,0.0,Nha Trang,office,2024-06-30,Thẻ nhớ microSD 64 GB,Phụ kiện máy tính,SanDisk,chiếc,280000.0,10,lecturer_sample,2025-06,551000.0,0.0,551000.0
ORD001146,P0055,1,280000.0,C0154,2025-03-19 21:06:00,card,shopee,0.0,Huế,retail,2024-04-21,Thẻ nhớ microSD 64 GB,Phụ kiện máy tính,SanDisk,chiếc,280000.0,10,lecturer_sample,2025-03,280000.0,0.0,280000.0
ORD001146,P0023,2,42000.0,C0154,2025-03-19 21:06:00,card,shopee,0.0,Huế,retail,2024-04-21,Compa học sinh,Dụng cụ học tập,Maped,chiếc,42000.0,15,lecturer_sample,2025-03,84000.0,0.0,84000.0
ORD001147,P0049,3,125000.0,C0127,2025-07-19 03:16:00,cash,offline,0.0,TP. Hồ Chí Minh,retail,2024-11-21,Máy đục lỗ 2 lỗ,Thiết bị văn phòng,Deli,chiếc,125000.0,10,lecturer_sample,2025-07,375000.0,0.0,375000.0
ORD001148,P0060,1,390000.0,C0029,2025-07-12 18:24:00,transfer,shopee,0.0,Huế,retail,2024-09-13,Tai nghe có mic,Phụ kiện máy tính,Rapoo,chiếc,390000.0,8,lecturer_sample,2025-07,390000.0,0.0,390000.0
ORD001148,P0024,2,8000.0,C0029,2025-07-12 18:24:00,transfer,shopee,0.0,Huế,retail,2024-09-13,Tẩy chì trắng,Dụng cụ học tập,Staedtler,viên,8000.0,40,lecturer_sample,2025-07,16000.0,0.0,16000.0
ORD001148,P0079,3,1578060.0,C0029,2025-07-12 18:24:00,transfer,shopee,0.0,Huế,retail,2024-09-13,Sharp Objects,Sách,Unknown,quyển,1578060.0,24,public_website,2025-07,4734180.0,0.0,4734180.0
ORD001148,P0089,4,1682459.0,C0029,2025-07-12 18:24:00,transfer,shopee,0.0,Huế,retail,2024-09-13,Scott Pilgrim's Precious Little Life (Scott Pilgrim #1),Sách,Unknown,quyển,1725570.0,27,public_website,2025-07,6729836.0,0.0,6729836.0
ORD001149,P0052,5,290000.0,C0079,2025-09-16 00:31:00,cash,website,10000.0,Hải Phòng,retail,2024-12-17,Bàn phím có dây,Phụ kiện máy tính,Logitech,chiếc,290000.0,8,lecturer_sample,2025-09,1450000.0,8333.333333333334,1441666.6666666667
ORD001149,P0059,5,55000.0,C0079,2025-09-16 00:31:00,cash,website,10000.0,Hải Phòng,retail,2024-12-17,Tấm lót chuột,Phụ kiện máy tính,OEM,chiếc,55000.0,20,lecturer_sample,2025-09,275000.0,1580.4597701149426,273419.5402298851
ORD001149,P0025,1,15000.0,C0079,2025-09-16 00:31:00,cash,website,10000.0,Hải Phòng,retail,2024-12-17,Gọt bút chì có hộp,Dụng cụ học tập,Deli,chiếc,15000.0,25,lecturer_sample,2025-09,15000.0,86.20689655172414,14913.793103448275
ORD001150,P0023,5,39365.0,C0081,2025-04-09 04:43:00,transfer,offline,0.0,Hà Nội,retail,2024-06-20,Compa học sinh,Dụng cụ học tập,Maped,chiếc,42000.0,15,lecturer_sample,2025-04,196825.0,0.0,196825.0
ORD001150,P0062,3,44999750.0,C0081,2025-04-09 04:43:00,transfer,offline,0.0,Hà Nội,retail,2024-06-20,Asus Zenbook Pro Dual Screen Laptop,Thiết bị văn phòng,Asus,chiếc,44999750.0,9,public_api,2025-04,134999250.0,0.0,134999250.0
ORD001150,P0049,4,125000.0,C0081,2025-04-09 04:43:00,transfer,offline,0.0,Hà Nội,retail,2024-06-20,Máy đục lỗ 2 lỗ,Thiết bị văn phòng,Deli,chiếc,125000.0,10,lecturer_sample,2025-04,500000.0,0.0,500000.0
ORD001151,P0015,23,41139.0,C0204,2025-03-29 18:58:00,cash,shopee,10000.0,Cần Thơ,wholesale,2023-12-11,Bút máy học sinh,Bút viết,Hồng Hà,cây,45000.0,20,lecturer_sample,2025-03,946197.0,244.7500469933479,945952.2499530066
ORD001151,P0016,23,25000.0,C0204,2025-03-29 18:58:00,cash,shopee,10000.0,Cần Thơ,wholesale,2023-12-11,Ống mực bút máy xanh,Bút viết,Hồng Hà,hộp,25000.0,25,lecturer_sample,2025-03,575000.0,148.73359038463983,574851.2664096154
ORD001151,P0081,7,747450.0,C0204,2025-03-29 18:58:00,cash,shopee,10000.0,Cần Thơ,wholesale,2023-12-11,The Requiem Red,Sách,Unknown,quyển,747450.0,30,public_website,2025-03,5232150.0,1353.3851390104228,5230796.614860989
ORD001151,P0082,29,1100220.0,C0204,2025-03-29 18:58:00,cash,shopee,10000.0,Cần Thơ,wholesale,2023-12-11,The Dirty Little Secrets of Getting Your Dream Job,Sách,Unknown,quyển,1100220.0,8,public_website,2025-03,31906380.0,8253.13122361159,31898126.86877639
ORD001152,P0059,2,55000.0,C0011,2025-03-20 01:20:00,transfer,online,0.0,Huế,retail,2024-12-22,Tấm lót chuột,Phụ kiện máy tính,OEM,chiếc,55000.0,20,lecturer_sample,2025-03,110000.0,0.0,110000.0
ORD001152,P0052,2,279863.0,C0011,2025-03-20 01:20:00,transfer,online,0.0,Huế,retail,2024-12-22,Bàn phím có dây,Phụ kiện máy tính,Logitech,chiếc,290000.0,8,lecturer_sample,2025-03,559726.0,0.0,559726.0
ORD001153,P0029,11,23002.0,C0171,2025-04-03 16:27:00,card,offline,0.0,Biên Hòa,wholesale,2024-04-17,Kéo học sinh 13 cm,Dụng cụ học tập,Deli,chiếc,25000.0,18,lecturer_sample,2025-04,253022.0,0.0,253022.0
ORD001153,P0024,22,7229.0,C0171,2025-04-03 16:27:00,card,offline,0.0,Biên Hòa,wholesale,2024-04-17,Tẩy chì trắng,Dụng cụ học tập,Staedtler,viên,8000.0,40,lecturer_sample,2025-04,159038.0,0.0,159038.0
ORD001154,P0063,1,33195491.0,C0070,2025-10-22 00:54:00,card,online,0.0,Biên Hòa,student,2024-06-25,Huawei Matebook X Pro,Thiết bị văn phòng,Huawei,chiếc,34999750.0,15,public_api,2025-10,33195491.0,0.0,33195491.0
ORD001154,P0045,4,1850000.0,C0070,2025-10-22 00:54:00,card,online,0.0,Biên Hòa,student,2024-06-25,Máy hủy tài liệu,Thiết bị văn phòng,Silicon,chiếc,1850000.0,3,lecturer_sample,2025-10,7400000.0,0.0,7400000.0
ORD001154,P0076,5,1708410.0,C0070,2025-10-22 00:54:00,card,online,0.0,Biên Hòa,student,2024-06-25,A Light in the Attic,Sách,Unknown,quyển,1708410.0,16,public_website,2025-10,8542050.0,0.0,8542050.0
ORD001154,P0089,4,1725570.0,C0070,2025-10-22 00:54:00,card,online,0.0,Biên Hòa,student,2024-06-25,Scott Pilgrim's Precious Little Life (Scott Pilgrim #1),Sách,Unknown,quyển,1725570.0,27,public_website,2025-10,6902280.0,0.0,6902280.0
ORD001154,P0078,1,1653300.0,C0070,2025-10-22 00:54:00,card,online,0.0,Biên Hòa,student,2024-06-25,Soumission,Sách,Unknown,quyển,1653300.0,22,public_website,2025-10,1653300.0,0.0,1653300.0
ORD001154,P0079,5,1578060.0,C0070,2025-10-22 00:54:00,card,online,0.0,Biên Hòa,student,2024-06-25,Sharp Objects,Sách,Unknown,quyển,1578060.0,24,public_website,2025-10,7890300.0,0.0,7890300.0
ORD001154,P0077,3,1773420.0,C0070,2025-10-22 00:54:00,card,online,0.0,Biên Hòa,student,2024-06-25,Tipping the Velvet,Sách,Unknown,quyển,1773420.0,19,public_website,2025-10,5320260.0,0.0,5320260.0
ORD001155,P0068,21,8749750.0,C0138,2025-01-30 22:19:00,e-wallet,offline,0.0,Nha Trang,wholesale,2024-05-06,Samsung Galaxy Tab White,Thiết bị văn phòng,Samsung,chiếc,8749750.0,18,public_api,2025-01,183744750.0,0.0,183744750.0
ORD001155,P0059,15,55000.0,C0138,2025-01-30 22:19:00,e-wallet,offline,0.0,Nha Trang,wholesale,2024-05-06,Tấm lót chuột,Phụ kiện máy tính,OEM,chiếc,55000.0,20,lecturer_sample,2025-01,825000.0,0.0,825000.0
ORD001155,P0005,29,73857.0,C0138,2025-01-30 22:19:00,e-wallet,offline,0.0,Nha Trang,wholesale,2024-05-06,Sổ tay bìa da A5,Vở và giấy,OEM,quyển,79000.0,15,lecturer_sample,2025-01,2141853.0,0.0,2141853.0
ORD001155,P0035,17,16000.0,C0138,2025-01-30 22:19:00,e-wallet,offline,0.0,Nha Trang,wholesale,2024-05-06,Túi hồ sơ dây buộc,Hồ sơ và lưu trữ,Hồng Hà,chiếc,16000.0,25,lecturer_sample,2025-01,272000.0,0.0,272000.0
ORD001155,P0050,17,407298.0,C0138,2025-01-30 22:19:00,e-wallet,offline,0.0,Nha Trang,wholesale,2024-05-06,Bảng trắng 60 x 90 cm,Thiết bị văn phòng,Bavico,chiếc,420000.0,5,lecturer_sample,2025-01,6924066.0,0.0,6924066.0
ORD001156,P0027,4,84282.0,C0031,2025-11-02 22:46:00,transfer,shopee,0.0,Biên Hòa,retail,2024-10-22,Bộ màu sáp 24 màu,Dụng cụ học tập,Crayola,bộ,92000.0,12,lecturer_sample,2025-11,337128.0,0.0,337128.0
ORD001157,P0005,5,75141.0,C0050,2025-04-04 16:19:00,card,shopee,0.0,Hà Nội,retail,2024-08-04,Sổ tay bìa da A5,Vở và giấy,OEM,quyển,79000.0,15,lecturer_sample,2025-04,375705.0,0.0,375705.0
ORD001157,P0015,1,45000.0,C0050,2025-04-04 16:19:00,card,shopee,0.0,Hà Nội,retail,2024-08-04,Bút máy học sinh,Bút viết,Hồng Hà,cây,45000.0,20,lecturer_sample,2025-04,45000.0,0.0,45000.0
ORD001157,P0016,5,25000.0,C0050,2025-04-04 16:19:00,card,shopee,0.0,Hà Nội,retail,2024-08-04,Ống mực bút máy xanh,Bút viết,Hồng Hà,hộp,25000.0,25,lecturer_sample,2025-04,125000.0,0.0,125000.0
ORD001157,P0019,4,22000.0,C0050,2025-04-04 16:19:00,card,shopee,0.0,Hà Nội,retail,2024-08-04,Ruột chì kim 0.5 mm,Bút viết,Pentel,hộp,22000.0,25,lecturer_sample,2025-04,88000.0,0.0,88000.0
ORD001158,P0009,18,18000.0,C0153,2025-11-10 20:36:00,cash,offline,0.0,Đà Nẵng,wholesale,2024-12-08,Giấy note 3 x 3 inch,Vở và giấy,Deli,xấp,18000.0,30,lecturer_sample,2025-11,324000.0,0.0,324000.0
ORD001158,P0015,5,43518.0,C0153,2025-11-10 20:36:00,cash,offline,0.0,Đà Nẵng,wholesale,2024-12-08,Bút máy học sinh,Bút viết,Hồng Hà,cây,45000.0,20,lecturer_sample,2025-11,217590.0,0.0,217590.0
ORD001158,P0010,27,165000.0,C0153,2025-11-10 20:36:00,cash,offline,0.0,Đà Nẵng,wholesale,2024-12-08,Giấy photo A3 70 gsm,Vở và giấy,Double A,ram,165000.0,10,lecturer_sample,2025-11,4455000.0,0.0,4455000.0
ORD001159,P0030,1,14000.0,C0002,2025-06-28 19:47:00,transfer,website,0.0,Hải Phòng,retail,2024-04-16,Hồ khô 15 g,Dụng cụ học tập,Thiên Long,thỏi,14000.0,28,lecturer_sample,2025-06,14000.0,0.0,14000.0
ORD001160,P0081,5,747450.0,C0012,2025-06-18 04:11:00,transfer,website,20000.0,TP. Hồ Chí Minh,retail,2024-06-09,The Requiem Red,Sách,Unknown,quyển,747450.0,30,public_website,2025-06,3737250.0,19713.39162909443,3717536.6083709057
ORD001160,P0048,5,10867.0,C0012,2025-06-18 04:11:00,transfer,website,20000.0,TP. Hồ Chí Minh,retail,2024-06-09,Kim bấm số 10,Thiết bị văn phòng,Max,hộp,12000.0,35,lecturer_sample,2025-06,54335.0,286.6083709055712,54048.391629094425
ORD001161,P0076,2,1614694.0,C0116,2025-07-24 00:44:00,transfer,shopee,0.0,Đà Nẵng,retail,2024-11-15,A Light in the Attic,Sách,Unknown,quyển,1708410.0,16,public_website,2025-07,3229388.0,0.0,3229388.0
ORD001161,P0086,4,461670.0,C0116,2025-07-24 00:44:00,transfer,shopee,0.0,Đà Nẵng,retail,2024-11-15,"Starving Hearts (Triangular Trade Trilogy, #1)",Sách,Unknown,quyển,461670.0,19,public_website,2025-07,1846680.0,0.0,1846680.0
ORD001162,P0008,9,65000.0,C0053,2025-04-20 23:26:00,e-wallet,offline,0.0,TP. Hồ Chí Minh,office,2024-08-02,Giấy màu A4 100 tờ,Vở và giấy,IK Plus,xấp,65000.0,15,lecturer_sample,2025-04,585000.0,0.0,585000.0
ORD001162,P0030,8,14000.0,C0053,2025-04-20 23:26:00,e-wallet,offline,0.0,TP. Hồ Chí Minh,office,2024-08-02,Hồ khô 15 g,Dụng cụ học tập,Thiên Long,thỏi,14000.0,28,lecturer_sample,2025-04,112000.0,0.0,112000.0
ORD001162,P0010,3,165000.0,C0053,2025-04-20 23:26:00,e-wallet,offline,0.0,TP. Hồ Chí Minh,office,2024-08-02,Giấy photo A3 70 gsm,Vở và giấy,Double A,ram,165000.0,10,lecturer_sample,2025-04,495000.0,0.0,495000.0
ORD001162,P0056,3,180000.0,C0053,2025-04-20 23:26:00,e-wallet,offline,0.0,TP. Hồ Chí Minh,office,2024-08-02,Cáp HDMI 2 m,Phụ kiện máy tính,Ugreen,sợi,180000.0,12,lecturer_sample,2025-04,540000.0,0.0,540000.0
ORD001163,P0020,5,78212.0,C0170,2025-09-17 04:10:00,cash,shopee,0.0,Hải Phòng,student,2024-12-16,Bút dạ quang 5 màu,Bút viết,Stabilo,bộ,85000.0,15,lecturer_sample,2025-09,391060.0,0.0,391060.0
ORD001164,P0006,1,82000.0,C0048,2025-08-26 03:38:00,e-wallet,offline,50000.0,Đà Nẵng,retail,2024-12-22,Giấy in A4 70 gsm,Vở và giấy,Double A,ram,82000.0,25,lecturer_sample,2025-08,82000.0,22.135522957668673,81977.86447704233
ORD001164,P0043,3,2918960.0,C0048,2025-08-26 03:38:00,e-wallet,offline,50000.0,Đà Nẵng,retail,2024-12-22,Máy in laser đơn sắc,Thiết bị văn phòng,Brother,chiếc,3190000.0,3,lecturer_sample,2025-08,8756880.0,2363.87949118963,8754516.12050881
ORD001164,P0063,5,34999750.0,C0048,2025-08-26 03:38:00,e-wallet,offline,50000.0,Đà Nẵng,retail,2024-12-22,Huawei Matebook X Pro,Thiết bị văn phòng,Huawei,chiếc,34999750.0,15,public_api,2025-08,174998750.0,47240.10790473562,174951509.89209527
ORD001164,P0086,3,461670.0,C0048,2025-08-26 03:38:00,e-wallet,offline,50000.0,Đà Nẵng,retail,2024-12-22,"Starving Hearts (Triangular Trade Trilogy, #1)",Sách,Unknown,quyển,461670.0,19,public_website,2025-08,1385010.0,373.8770811170816,1384636.1229188829
ORD001165,P0087,4,681780.0,C0020,2025-11-15 18:29:00,card,website,0.0,Huế,retail,2024-07-17,Shakespeare's Sonnets,Sách,Unknown,quyển,681780.0,21,public_website,2025-11,2727120.0,0.0,2727120.0
ORD001165,P0012,5,5000.0,C0020,2025-11-15 18:29:00,card,website,0.0,Huế,retail,2024-07-17,Bút bi đen 0.5 mm,Bút viết,Thiên Long,cây,5000.0,60,lecturer_sample,2025-11,25000.0,0.0,25000.0
ORD001165,P0085,5,1720950.0,C0020,2025-11-15 18:29:00,card,website,0.0,Huế,retail,2024-07-17,The Black Maria,Sách,Unknown,quyển,1720950.0,16,public_website,2025-11,8604750.0,0.0,8604750.0
ORD001166,P0002,29,18000.0,C0090,2025-12-05 23:11:00,e-wallet,online,0.0,TP. Hồ Chí Minh,wholesale,2024-01-02,Vở kẻ ngang 120 trang,Vở và giấy,Campus,quyển,18000.0,30,lecturer_sample,2025-12,522000.0,0.0,522000.0
ORD001166,P0066,16,12499750.0,C0090,2025-12-05 23:11:00,e-wallet,online,0.0,TP. Hồ Chí Minh,wholesale,2024-01-02,iPad Mini 2021 Starlight,Thiết bị văn phòng,Apple,chiếc,12499750.0,9,public_api,2025-12,199996000.0,0.0,199996000.0
ORD001166,P0062,8,44999750.0,C0090,2025-12-05 23:11:00,e-wallet,online,0.0,TP. Hồ Chí Minh,wholesale,2024-01-02,Asus Zenbook Pro Dual Screen Laptop,Thiết bị văn phòng,Asus,chiếc,44999750.0,9,public_api,2025-12,359998000.0,0.0,359998000.0
ORD001166,P0049,19,125000.0,C0090,2025-12-05 23:11:00,e-wallet,online,0.0,TP. Hồ Chí Minh,wholesale,2024-01-02,Máy đục lỗ 2 lỗ,Thiết bị văn phòng,Deli,chiếc,125000.0,10,lecturer_sample,2025-12,2375000.0,0.0,2375000.0
ORD001167,P0015,5,40591.0,C0158,2025-09-18 01:36:00,card,website,50000.0,TP. Hồ Chí Minh,retail,2024-10-05,Bút máy học sinh,Bút viết,Hồng Hà,cây,45000.0,20,lecturer_sample,2025-09,202955.0,5926.870152322213,197028.12984767777
ORD001167,P0016,3,25000.0,C0158,2025-09-18 01:36:00,card,website,50000.0,TP. Hồ Chí Minh,retail,2024-10-05,Ống mực bút máy xanh,Bút viết,Hồng Hà,hộp,25000.0,25,lecturer_sample,2025-09,75000.0,2190.215867675918,72809.78413232409
ORD001167,P0054,2,229585.0,C0158,2025-09-18 01:36:00,card,website,50000.0,TP. Hồ Chí Minh,retail,2024-10-05,USB 64 GB,Phụ kiện máy tính,Kingston,chiếc,245000.0,12,lecturer_sample,2025-09,459170.0,13409.085599476683,445760.9144005233
ORD001167,P0059,5,51007.0,C0158,2025-09-18 01:36:00,card,website,50000.0,TP. Hồ Chí Minh,retail,2024-10-05,Tấm lót chuột,Phụ kiện máy tính,OEM,chiếc,55000.0,20,lecturer_sample,2025-09,255035.0,7447.756050836371,247587.24394916362
ORD001167,P0056,4,180000.0,C0158,2025-09-18 01:36:00,card,website,50000.0,TP. Hồ Chí Minh,retail,2024-10-05,Cáp HDMI 2 m,Phụ kiện máy tính,Ugreen,sợi,180000.0,12,lecturer_sample,2025-09,720000.0,21026.072329688814,698973.9276703112
ORD001168,P0072,3,1999750.0,C0102,2025-09-06 16:35:00,e-wallet,offline,0.0,Cần Thơ,retail,2024-06-04,Apple Airpower Wireless Charger,Phụ kiện máy tính,Apple,cái,1999750.0,1,public_api,2025-09,5999250.0,0.0,5999250.0
ORD001169,P0087,4,681780.0,C0218,2025-10-20 20:25:00,card,offline,0.0,Cần Thơ,retail,2024-12-06,Shakespeare's Sonnets,Sách,Unknown,quyển,681780.0,21,public_website,2025-10,2727120.0,0.0,2727120.0
ORD001169,P0018,4,38000.0,C0218,2025-10-20 20:25:00,card,offline,0.0,Cần Thơ,retail,2024-12-06,Bút chì kim 0.5 mm,Bút viết,Pentel,cây,38000.0,20,lecturer_sample,2025-10,152000.0,0.0,152000.0
ORD001170,P0048,3,12000.0,C0162,2025-06-25 19:25:00,cash,offline,0.0,TP. Hồ Chí Minh,student,2024-12-26,Kim bấm số 10,Thiết bị văn phòng,Max,hộp,12000.0,35,lecturer_sample,2025-06,36000.0,0.0,36000.0
ORD001170,P0089,5,1725570.0,C0162,2025-06-25 19:25:00,cash,offline,0.0,TP. Hồ Chí Minh,student,2024-12-26,Scott Pilgrim's Precious Little Life (Scott Pilgrim #1),Sách,Unknown,quyển,1725570.0,27,public_website,2025-06,8627850.0,0.0,8627850.0
ORD001170,P0086,5,451894.0,C0162,2025-06-25 19:25:00,cash,offline,0.0,TP. Hồ Chí Minh,student,2024-12-26,"Starving Hearts (Triangular Trade Trilogy, #1)",Sách,Unknown,quyển,461670.0,19,public_website,2025-06,2259470.0,0.0,2259470.0
ORD001171,P0004,5,42000.0,C0084,2025-03-29 17:53:00,cash,offline,0.0,Biên Hòa,retail,2024-12-06,Sổ lò xo A5 200 trang,Vở và giấy,Hải Tiến,quyển,42000.0,20,lecturer_sample,2025-03,210000.0,0.0,210000.0
ORD001171,P0036,5,172470.0,C0084,2025-03-29 17:53:00,cash,offline,0.0,Biên Hòa,retail,2024-12-06,Khay tài liệu 3 tầng,Hồ sơ và lưu trữ,Deli,bộ,185000.0,8,lecturer_sample,2025-03,862350.0,0.0,862350.0
ORD001171,P0088,1,518590.0,C0084,2025-03-29 17:53:00,cash,offline,0.0,Biên Hòa,retail,2024-12-06,Set Me Free,Sách,Unknown,quyển,576180.0,24,public_website,2025-03,518590.0,0.0,518590.0
ORD001171,P0084,5,745800.0,C0084,2025-03-29 17:53:00,cash,offline,0.0,Biên Hòa,retail,2024-12-06,The Boys in the Boat: Nine Americans and Their Epic Quest for Gold at the 1936 Berlin Olympics,Sách,Unknown,quyển,745800.0,13,public_website,2025-03,3729000.0,0.0,3729000.0
ORD001172,P0028,28,74084.0,C0049,2025-12-08 04:02:00,e-wallet,offline,0.0,Hà Nội,wholesale,2024-12-30,Bộ màu nước 12 màu,Dụng cụ học tập,Pentel,bộ,78000.0,12,lecturer_sample,2025-12,2074352.0,0.0,2074352.0
ORD001172,P0076,18,1573942.0,C0049,2025-12-08 04:02:00,e-wallet,offline,0.0,Hà Nội,wholesale,2024-12-30,A Light in the Attic,Sách,Unknown,quyển,1708410.0,16,public_website,2025-12,28330956.0,0.0,28330956.0
ORD001173,P0005,11,79000.0,C0039,2025-08-18 04:23:00,e-wallet,offline,0.0,Cần Thơ,office,2024-07-24,Sổ tay bìa da A5,Vở và giấy,OEM,quyển,79000.0,15,lecturer_sample,2025-08,869000.0,0.0,869000.0
ORD001173,P0019,5,22000.0,C0039,2025-08-18 04:23:00,e-wallet,offline,0.0,Cần Thơ,office,2024-07-24,Ruột chì kim 0.5 mm,Bút viết,Pentel,hộp,22000.0,25,lecturer_sample,2025-08,110000.0,0.0,110000.0
ORD001173,P0060,7,390000.0,C0039,2025-08-18 04:23:00,e-wallet,offline,0.0,Cần Thơ,office,2024-07-24,Tai nghe có mic,Phụ kiện máy tính,Rapoo,chiếc,390000.0,8,lecturer_sample,2025-08,2730000.0,0.0,2730000.0
ORD001173,P0064,3,27499750.0,C0039,2025-08-18 04:23:00,e-wallet,offline,0.0,Cần Thơ,office,2024-07-24,Lenovo Yoga 920,Thiết bị văn phòng,Lenovo,chiếc,27499750.0,8,public_api,2025-08,82499250.0,0.0,82499250.0
ORD001174,P0048,4,11785.0,C0197,2025-10-17 19:52:00,cash,online,0.0,Hải Phòng,student,2024-04-02,Kim bấm số 10,Thiết bị văn phòng,Max,hộp,12000.0,35,lecturer_sample,2025-10,47140.0,0.0,47140.0
ORD001174,P0078,1,1653300.0,C0197,2025-10-17 19:52:00,cash,online,0.0,Hải Phòng,student,2024-04-02,Soumission,Sách,Unknown,quyển,1653300.0,22,public_website,2025-10,1653300.0,0.0,1653300.0
ORD001175,P0010,1,165000.0,C0042,2025-08-02 02:51:00,e-wallet,offline,0.0,TP. Hồ Chí Minh,retail,2024-05-20,Giấy photo A3 70 gsm,Vở và giấy,Double A,ram,165000.0,10,lecturer_sample,2025-08,165000.0,0.0,165000.0
ORD001176,P0053,4,165000.0,C0070,2025-06-01 20:16:00,card,shopee,50000.0,Biên Hòa,student,2024-06-25,USB 32 GB,Phụ kiện máy tính,SanDisk,chiếc,165000.0,15,lecturer_sample,2025-06,660000.0,50000.0,610000.0
ORD001177,P0035,18,14665.0,C0103,2025-07-11 18:19:00,transfer,offline,0.0,Cần Thơ,wholesale,2024-09-01,Túi hồ sơ dây buộc,Hồ sơ và lưu trữ,Hồng Hà,chiếc,16000.0,25,lecturer_sample,2025-07,263970.0,0.0,263970.0
ORD001177,P0073,10,2499750.0,C0103,2025-07-11 18:19:00,transfer,offline,0.0,Cần Thơ,wholesale,2024-09-01,Apple HomePod Mini Cosmic Grey,Phụ kiện máy tính,Apple,cái,2499750.0,5,public_api,2025-07,24997500.0,0.0,24997500.0
ORD001177,P0074,5,499750.0,C0103,2025-07-11 18:19:00,transfer,offline,0.0,Cần Thơ,wholesale,2024-09-01,Apple iPhone Charger,Phụ kiện máy tính,Apple,cái,499750.0,6,public_api,2025-07,2498750.0,0.0,2498750.0
ORD001177,P0029,11,23957.0,C0103,2025-07-11 18:19:00,transfer,offline,0.0,Cần Thơ,wholesale,2024-09-01,Kéo học sinh 13 cm,Dụng cụ học tập,Deli,chiếc,25000.0,18,lecturer_sample,2025-07,263527.0,0.0,263527.0
ORD001177,P0031,14,4000.0,C0103,2025-07-11 18:19:00,transfer,offline,0.0,Cần Thơ,wholesale,2024-09-01,Bìa lá A4 trong,Hồ sơ và lưu trữ,Plus,chiếc,4000.0,60,lecturer_sample,2025-07,56000.0,0.0,56000.0
ORD001178,P0035,2,16000.0,C0008,2025-05-13 23:19:00,card,offline,0.0,Cần Thơ,student,2024-09-24,Túi hồ sơ dây buộc,Hồ sơ và lưu trữ,Hồng Hà,chiếc,16000.0,25,lecturer_sample,2025-05,32000.0,0.0,32000.0
ORD001178,P0048,3,12000.0,C0008,2025-05-13 23:19:00,card,offline,0.0,Cần Thơ,student,2024-09-24,Kim bấm số 10,Thiết bị văn phòng,Max,hộp,12000.0,35,lecturer_sample,2025-05,36000.0,0.0,36000.0
ORD001179,P0044,2,899361.0,C0218,2025-04-30 00:14:00,card,offline,20000.0,Cần Thơ,retail,2024-12-06,Mực in laser đen,Thiết bị văn phòng,Brother,hộp,920000.0,5,lecturer_sample,2025-04,1798722.0,16939.33575110113,1781782.6642488989
ORD001179,P0008,5,65000.0,C0218,2025-04-30 00:14:00,card,offline,20000.0,Cần Thơ,retail,2024-12-06,Giấy màu A4 100 tờ,Vở và giấy,IK Plus,xấp,65000.0,15,lecturer_sample,2025-04,325000.0,3060.6642488988673,321939.33575110114
ORD001180,P0087,4,681780.0,C0190,2025-05-08 22:08:00,transfer,online,0.0,Hà Nội,retail,2024-02-29,Shakespeare's Sonnets,Sách,Unknown,quyển,681780.0,21,public_website,2025-05,2727120.0,0.0,2727120.0
ORD001180,P0086,4,437777.0,C0190,2025-05-08 22:08:00,transfer,online,0.0,Hà Nội,retail,2024-02-29,"Starving Hearts (Triangular Trade Trilogy, #1)",Sách,Unknown,quyển,461670.0,19,public_website,2025-05,1751108.0,0.0,1751108.0
ORD001180,P0007,5,94602.0,C0190,2025-05-08 22:08:00,transfer,online,0.0,Hà Nội,retail,2024-02-29,Giấy in A4 80 gsm,Vở và giấy,PaperOne,ram,99000.0,20,lecturer_sample,2025-05,473010.0,0.0,473010.0
ORD001181,P0029,16,25000.0,C0143,2025-06-15 03:43:00,transfer,shopee,0.0,Huế,wholesale,2024-01-02,Kéo học sinh 13 cm,Dụng cụ học tập,Deli,chiếc,25000.0,18,lecturer_sample,2025-06,400000.0,0.0,400000.0
ORD001181,P0017,15,9000.0,C0143,2025-06-15 03:43:00,transfer,shopee,0.0,Huế,wholesale,2024-01-02,Bút chì 2B,Bút viết,Staedtler,cây,9000.0,45,lecturer_sample,2025-06,135000.0,0.0,135000.0
ORD001182,P0008,1,65000.0,C0030,2025-09-15 21:31:00,card,offline,5000.0,Nha Trang,student,2024-08-09,Giấy màu A4 100 tờ,Vở và giấy,IK Plus,xấp,65000.0,15,lecturer_sample,2025-09,65000.0,24.582104228121924,64975.417895771876
ORD001182,P0007,4,99000.0,C0030,2025-09-15 21:31:00,card,offline,5000.0,Nha Trang,student,2024-08-09,Giấy in A4 80 gsm,Vở và giấy,PaperOne,ram,99000.0,20,lecturer_sample,2025-09,396000.0,149.76174268209667,395850.2382573179
ORD001182,P0043,4,3190000.0,C0030,2025-09-15 21:31:00,card,offline,5000.0,Nha Trang,student,2024-08-09,Máy in laser đơn sắc,Thiết bị văn phòng,Brother,chiếc,3190000.0,3,lecturer_sample,2025-09,12760000.0,4825.656153089782,12755174.34384691
ORD001183,P0027,11,92000.0,C0094,2025-11-23 19:22:00,e-wallet,offline,0.0,Huế,office,2024-09-21,Bộ màu sáp 24 màu,Dụng cụ học tập,Crayola,bộ,92000.0,12,lecturer_sample,2025-11,1012000.0,0.0,1012000.0
ORD001183,P0079,11,1578060.0,C0094,2025-11-23 19:22:00,e-wallet,offline,0.0,Huế,office,2024-09-21,Sharp Objects,Sách,Unknown,quyển,1578060.0,24,public_website,2025-11,17358660.0,0.0,17358660.0
ORD001183,P0078,6,1653300.0,C0094,2025-11-23 19:22:00,e-wallet,offline,0.0,Huế,office,2024-09-21,Soumission,Sách,Unknown,quyển,1653300.0,22,public_website,2025-11,9919800.0,0.0,9919800.0
ORD001184,P0046,18,890000.0,C0155,2025-04-15 16:21:00,cash,online,10000.0,Hải Phòng,wholesale,2024-12-16,Máy ép plastic A4,Thiết bị văn phòng,Deli,chiếc,890000.0,4,lecturer_sample,2025-04,16020000.0,10000.0,16010000.0
ORD001185,P0058,1,350000.0,C0202,2025-02-06 03:12:00,transfer,offline,0.0,TP. Hồ Chí Minh,student,2024-10-03,Bộ chia USB 4 cổng,Phụ kiện máy tính,Ugreen,chiếc,350000.0,8,lecturer_sample,2025-02,350000.0,0.0,350000.0
ORD001186,P0007,1,99000.0,C0130,2025-10-01 18:51:00,cash,offline,0.0,Hải Phòng,retail,2024-03-23,Giấy in A4 80 gsm,Vở và giấy,PaperOne,ram,99000.0,20,lecturer_sample,2025-10,99000.0,0.0,99000.0
ORD001186,P0043,3,3190000.0,C0130,2025-10-01 18:51:00,cash,offline,0.0,Hải Phòng,retail,2024-03-23,Máy in laser đơn sắc,Thiết bị văn phòng,Brother,chiếc,3190000.0,3,lecturer_sample,2025-10,9570000.0,0.0,9570000.0
ORD001186,P0006,2,79180.0,C0130,2025-10-01 18:51:00,cash,offline,0.0,Hải Phòng,retail,2024-03-23,Giấy in A4 70 gsm,Vở và giấy,Double A,ram,82000.0,25,lecturer_sample,2025-10,158360.0,0.0,158360.0
ORD001186,P0002,4,17470.0,C0130,2025-10-01 18:51:00,cash,offline,0.0,Hải Phòng,retail,2024-03-23,Vở kẻ ngang 120 trang,Vở và giấy,Campus,quyển,18000.0,30,lecturer_sample,2025-10,69880.0,0.0,69880.0
ORD001186,P0038,1,35000.0,C0130,2025-10-01 18:51:00,cash,offline,0.0,Hải Phòng,retail,2024-03-23,Nhãn dán phân loại,Hồ sơ và lưu trữ,Avery,xấp,35000.0,18,lecturer_sample,2025-10,35000.0,0.0,35000.0
ORD001187,P0018,23,36214.0,C0145,2025-02-24 21:27:00,e-wallet,website,0.0,Cần Thơ,wholesale,2024-04-29,Bút chì kim 0.5 mm,Bút viết,Pentel,cây,38000.0,20,lecturer_sample,2025-02,832922.0,0.0,832922.0
ORD001187,P0019,7,20244.0,C0145,2025-02-24 21:27:00,e-wallet,website,0.0,Cần Thơ,wholesale,2024-04-29,Ruột chì kim 0.5 mm,Bút viết,Pentel,hộp,22000.0,25,lecturer_sample,2025-02,141708.0,0.0,141708.0
ORD001187,P0035,17,16000.0,C0145,2025-02-24 21:27:00,e-wallet,website,0.0,Cần Thơ,wholesale,2024-04-29,Túi hồ sơ dây buộc,Hồ sơ và lưu trữ,Hồng Hà,chiếc,16000.0,25,lecturer_sample,2025-02,272000.0,0.0,272000.0
ORD001187,P0008,24,65000.0,C0145,2025-02-24 21:27:00,e-wallet,website,0.0,Cần Thơ,wholesale,2024-04-29,Giấy màu A4 100 tờ,Vở và giấy,IK Plus,xấp,65000.0,15,lecturer_sample,2025-02,1560000.0,0.0,1560000.0
ORD001188,P0084,1,745800.0,C0097,2025-11-20 04:27:00,cash,shopee,0.0,Biên Hòa,retail,2024-04-29,The Boys in the Boat: Nine Americans and Their Epic Quest for Gold at the 1936 Berlin Olympics,Sách,Unknown,quyển,745800.0,13,public_website,2025-11,745800.0,0.0,745800.0
ORD001188,P0006,5,82000.0,C0097,2025-11-20 04:27:00,cash,shopee,0.0,Biên Hòa,retail,2024-04-29,Giấy in A4 70 gsm,Vở và giấy,Double A,ram,82000.0,25,lecturer_sample,2025-11,410000.0,0.0,410000.0
ORD001189,P0022,3,18000.0,C0123,2025-04-28 01:01:00,transfer,offline,0.0,Đà Nẵng,office,2024-03-28,Thước ê ke 2 chiếc,Dụng cụ học tập,Deli,bộ,18000.0,20,lecturer_sample,2025-04,54000.0,0.0,54000.0
ORD001189,P0086,8,461670.0,C0123,2025-04-28 01:01:00,transfer,offline,0.0,Đà Nẵng,office,2024-03-28,"Starving Hearts (Triangular Trade Trilogy, #1)",Sách,Unknown,quyển,461670.0,19,public_website,2025-04,3693360.0,0.0,3693360.0
ORD001190,P0025,5,14287.0,C0075,2025-05-28 18:41:00,card,online,0.0,Cần Thơ,retail,2024-02-29,Gọt bút chì có hộp,Dụng cụ học tập,Deli,chiếc,15000.0,25,lecturer_sample,2025-05,71435.0,0.0,71435.0
ORD001190,P0086,4,461670.0,C0075,2025-05-28 18:41:00,card,online,0.0,Cần Thơ,retail,2024-02-29,"Starving Hearts (Triangular Trade Trilogy, #1)",Sách,Unknown,quyển,461670.0,19,public_website,2025-05,1846680.0,0.0,1846680.0
ORD001191,P0032,5,12000.0,C0095,2025-09-09 21:40:00,cash,offline,10000.0,Huế,retail,2024-03-11,Bìa nút A4,Hồ sơ và lưu trữ,Deli,chiếc,12000.0,35,lecturer_sample,2025-09,60000.0,7.884288810802601,59992.115711189195
ORD001191,P0006,5,82000.0,C0095,2025-09-09 21:40:00,cash,offline,10000.0,Huế,retail,2024-03-11,Giấy in A4 70 gsm,Vở và giấy,Double A,ram,82000.0,25,lecturer_sample,2025-09,410000.0,53.87597354048443,409946.1240264595
ORD001191,P0087,1,631963.0,C0095,2025-09-09 21:40:00,cash,offline,10000.0,Huế,retail,2024-03-11,Shakespeare's Sonnets,Sách,Unknown,quyển,681780.0,21,public_website,2025-09,631963.0,83.04298016235407,631879.9570198377
ORD001191,P0067,5,14999750.0,C0095,2025-09-09 21:40:00,cash,offline,10000.0,Huế,retail,2024-03-11,Samsung Galaxy Tab S8 Plus Grey,Thiết bị văn phòng,Samsung,chiếc,14999750.0,12,public_api,2025-09,74998750.0,9855.19675748636,74988894.80324252
ORD001192,P0029,3,24324.0,C0156,2025-08-20 17:29:00,card,website,0.0,Hải Phòng,retail,2024-03-22,Kéo học sinh 13 cm,Dụng cụ học tập,Deli,chiếc,25000.0,18,lecturer_sample,2025-08,72972.0,0.0,72972.0
ORD001193,P0045,1,1850000.0,C0203,2025-05-18 04:59:00,e-wallet,website,0.0,Cần Thơ,retail,2024-02-19,Máy hủy tài liệu,Thiết bị văn phòng,Silicon,chiếc,1850000.0,3,lecturer_sample,2025-05,1850000.0,0.0,1850000.0
ORD001194,P0045,5,1850000.0,C0186,2025-04-23 02:01:00,cash,shopee,0.0,Đà Nẵng,student,2024-06-22,Máy hủy tài liệu,Thiết bị văn phòng,Silicon,chiếc,1850000.0,3,lecturer_sample,2025-04,9250000.0,0.0,9250000.0
ORD001195,P0030,4,14000.0,C0126,2025-10-03 17:17:00,transfer,shopee,0.0,Hải Phòng,retail,2024-06-25,Hồ khô 15 g,Dụng cụ học tập,Thiên Long,thỏi,14000.0,28,lecturer_sample,2025-10,56000.0,0.0,56000.0
ORD001195,P0002,1,18000.0,C0126,2025-10-03 17:17:00,transfer,shopee,0.0,Hải Phòng,retail,2024-06-25,Vở kẻ ngang 120 trang,Vở và giấy,Campus,quyển,18000.0,30,lecturer_sample,2025-10,18000.0,0.0,18000.0
ORD001195,P0067,2,14999750.0,C0126,2025-10-03 17:17:00,transfer,shopee,0.0,Hải Phòng,retail,2024-06-25,Samsung Galaxy Tab S8 Plus Grey,Thiết bị văn phòng,Samsung,chiếc,14999750.0,12,public_api,2025-10,29999500.0,0.0,29999500.0
ORD001195,P0085,4,1639494.0,C0126,2025-10-03 17:17:00,transfer,shopee,0.0,Hải Phòng,retail,2024-06-25,The Black Maria,Sách,Unknown,quyển,1720950.0,16,public_website,2025-10,6557976.0,0.0,6557976.0
ORD001196,P0028,3,78000.0,C0057,2025-07-11 17:40:00,cash,shopee,0.0,Hải Phòng,student,2024-08-30,Bộ màu nước 12 màu,Dụng cụ học tập,Pentel,bộ,78000.0,12,lecturer_sample,2025-07,234000.0,0.0,234000.0
ORD001196,P0045,4,1850000.0,C0057,2025-07-11 17:40:00,cash,shopee,0.0,Hải Phòng,student,2024-08-30,Máy hủy tài liệu,Thiết bị văn phòng,Silicon,chiếc,1850000.0,3,lecturer_sample,2025-07,7400000.0,0.0,7400000.0
ORD001196,P0068,1,8749750.0,C0057,2025-07-11 17:40:00,cash,shopee,0.0,Hải Phòng,student,2024-08-30,Samsung Galaxy Tab White,Thiết bị văn phòng,Samsung,chiếc,8749750.0,18,public_api,2025-07,8749750.0,0.0,8749750.0
ORD001197,P0078,3,1653300.0,C0062,2025-10-27 17:00:00,e-wallet,offline,0.0,TP. Hồ Chí Minh,student,2023-12-01,Soumission,Sách,Unknown,quyển,1653300.0,22,public_website,2025-10,4959900.0,0.0,4959900.0
ORD001197,P0079,2,1426256.0,C0062,2025-10-27 17:00:00,e-wallet,offline,0.0,TP. Hồ Chí Minh,student,2023-12-01,Sharp Objects,Sách,Unknown,quyển,1578060.0,24,public_website,2025-10,2852512.0,0.0,2852512.0
ORD001198,P0074,27,499750.0,C0016,2025-12-21 00:20:00,transfer,offline,0.0,Huế,wholesale,2024-10-14,Apple iPhone Charger,Phụ kiện máy tính,Apple,cái,499750.0,6,public_api,2025-12,13493250.0,0.0,13493250.0
ORD001198,P0078,17,1653300.0,C0016,2025-12-21 00:20:00,transfer,offline,0.0,Huế,wholesale,2024-10-14,Soumission,Sách,Unknown,quyển,1653300.0,22,public_website,2025-12,28106100.0,0.0,28106100.0
ORD001198,P0005,15,76753.0,C0016,2025-12-21 00:20:00,transfer,offline,0.0,Huế,wholesale,2024-10-14,Sổ tay bìa da A5,Vở và giấy,OEM,quyển,79000.0,15,lecturer_sample,2025-12,1151295.0,0.0,1151295.0
ORD001199,P0013,2,5000.0,C0136,2025-09-12 19:24:00,e-wallet,online,0.0,Hà Nội,retail,2024-04-11,Bút bi đỏ 0.5 mm,Bút viết,Thiên Long,cây,5000.0,50,lecturer_sample,2025-09,10000.0,0.0,10000.0
ORD001199,P0039,5,28000.0,C0136,2025-09-12 19:24:00,e-wallet,online,0.0,Hà Nội,retail,2024-04-11,Kẹp bướm 25 mm,Hồ sơ và lưu trữ,Deli,hộp,28000.0,25,lecturer_sample,2025-09,140000.0,0.0,140000.0
ORD001199,P0019,1,22000.0,C0136,2025-09-12 19:24:00,e-wallet,online,0.0,Hà Nội,retail,2024-04-11,Ruột chì kim 0.5 mm,Bút viết,Pentel,hộp,22000.0,25,lecturer_sample,2025-09,22000.0,0.0,22000.0
ORD001200,P0008,2,65000.0,C0140,2025-06-15 04:53:00,e-wallet,shopee,0.0,Hải Phòng,retail,2024-09-18,Giấy màu A4 100 tờ,Vở và giấy,IK Plus,xấp,65000.0,15,lecturer_sample,2025-06,130000.0,0.0,130000.0
ORD001200,P0056,5,180000.0,C0140,2025-06-15 04:53:00,e-wallet,shopee,0.0,Hải Phòng,retail,2024-09-18,Cáp HDMI 2 m,Phụ kiện máy tính,Ugreen,sợi,180000.0,12,lecturer_sample,2025-06,900000.0,0.0,900000.0
ORD001200,P0026,3,59177.0,C0140,2025-06-15 04:53:00,e-wallet,shopee,0.0,Hải Phòng,retail,2024-09-18,Hộp bút vải,Dụng cụ học tập,OEM,chiếc,65000.0,15,lecturer_sample,2025-06,177531.0,0.0,177531.0
ORD001200,P0059,4,55000.0,C0140,2025-06-15 04:53:00,e-wallet,shopee,0.0,Hải Phòng,retail,2024-09-18,Tấm lót chuột,Phụ kiện máy tính,OEM,chiếc,55000.0,20,lecturer_sample,2025-06,220000.0,0.0,220000.0
