transaction_id,timestamp,transaction_type,product_id,quantity,performed_by,status,note
TX000001,2024-12-31T08:00:00,import,P0001,180,warehouse,success,opening_stock
TX000002,2024-12-31T08:00:00,import,P0002,150,warehouse,success,opening_stock
TX000003,2024-12-31T08:00:00,import,P0003,170,warehouse,success,opening_stock
TX000004,2024-12-31T08:00:00,import,P0004,90,warehouse,success,opening_stock
TX000005,2024-12-31T08:00:00,import,P0005,55,warehouse,success,opening_stock
TX000006,2024-12-31T08:00:00,import,P0006,120,warehouse,success,opening_stock
TX000007,2024-12-31T08:00:00,import,P0007,100,warehouse,success,opening_stock
TX000008,2024-12-31T08:00:00,import,P0008,60,warehouse,success,opening_stock
TX000009,2024-12-31T08:00:00,import,P0009,140,warehouse,success,opening_stock
TX000010,2024-12-31T08:00:00,import,P0010,45,warehouse,success,opening_stock
TX000011,2024-12-31T08:00:00,import,P0011,350,warehouse,success,opening_stock
TX000012,2024-12-31T08:00:00,import,P0012,300,warehouse,success,opening_stock
TX000013,2024-12-31T08:00:00,import,P0013,240,warehouse,success,opening_stock
TX000014,2024-12-31T08:00:00,import,P0014,180,warehouse,success,opening_stock
TX000015,2024-12-31T08:00:00,import,P0015,80,warehouse,success,opening_stock
TX000016,2024-12-31T08:00:00,import,P0016,100,warehouse,success,opening_stock
TX000017,2024-12-31T08:00:00,import,P0017,220,warehouse,success,opening_stock
TX000018,2024-12-31T08:00:00,import,P0018,90,warehouse,success,opening_stock
TX000019,2024-12-31T08:00:00,import,P0019,110,warehouse,success,opening_stock
TX000020,2024-12-31T08:00:00,import,P0020,70,warehouse,success,opening_stock
TX000021,2024-12-31T08:00:00,import,P0021,160,warehouse,success,opening_stock
TX000022,2024-12-31T08:00:00,import,P0022,90,warehouse,success,opening_stock
TX000023,2024-12-31T08:00:00,import,P0023,65,warehouse,success,opening_stock
TX000024,2024-12-31T08:00:00,import,P0024,180,warehouse,success,opening_stock
TX000025,2024-12-31T08:00:00,import,P0025,120,warehouse,success,opening_stock
TX000026,2024-12-31T08:00:00,import,P0026,60,warehouse,success,opening_stock
TX000027,2024-12-31T08:00:00,import,P0027,55,warehouse,success,opening_stock
TX000028,2024-12-31T08:00:00,import,P0028,50,warehouse,success,opening_stock
TX000029,2024-12-31T08:00:00,import,P0029,85,warehouse,success,opening_stock
TX000030,2024-12-31T08:00:00,import,P0030,130,warehouse,success,opening_stock
TX000031,2024-12-31T08:00:00,import,P0031,300,warehouse,success,opening_stock
TX000032,2024-12-31T08:00:00,import,P0032,160,warehouse,success,opening_stock
TX000033,2024-12-31T08:00:00,import,P0033,75,warehouse,success,opening_stock
TX000034,2024-12-31T08:00:00,import,P0034,60,warehouse,success,opening_stock
TX000035,2024-12-31T08:00:00,import,P0035,110,warehouse,success,opening_stock
TX000036,2024-12-31T08:00:00,import,P0036,35,warehouse,success,opening_stock
TX000037,2024-12-31T08:00:00,import,P0037,45,warehouse,success,opening_stock
TX000038,2024-12-31T08:00:00,import,P0038,80,warehouse,success,opening_stock
TX000039,2024-12-31T08:00:00,import,P0039,120,warehouse,success,opening_stock
TX000040,2024-12-31T08:00:00,import,P0040,140,warehouse,success,opening_stock
TX000041,2024-12-31T08:00:00,import,P0041,35,warehouse,success,opening_stock
TX000042,2024-12-31T08:00:00,import,P0042,100,warehouse,success,opening_stock
TX000043,2024-12-31T08:00:00,import,P0043,12,warehouse,success,opening_stock
TX000044,2024-12-31T08:00:00,import,P0044,20,warehouse,success,opening_stock
TX000045,2024-12-31T08:00:00,import,P0045,10,warehouse,success,opening_stock
TX000046,2024-12-31T08:00:00,import,P0046,15,warehouse,success,opening_stock
TX000047,2024-12-31T08:00:00,import,P0047,65,warehouse,success,opening_stock
TX000048,2024-12-31T08:00:00,import,P0048,160,warehouse,success,opening_stock
TX000049,2024-12-31T08:00:00,import,P0049,45,warehouse,success,opening_stock
TX000050,2024-12-31T08:00:00,import,P0050,18,warehouse,success,opening_stock
TX000051,2024-12-31T08:00:00,import,P0051,45,warehouse,success,opening_stock
TX000052,2024-12-31T08:00:00,import,P0052,35,warehouse,success,opening_stock
TX000053,2024-12-31T08:00:00,import,P0053,70,warehouse,success,opening_stock
TX000054,2024-12-31T08:00:00,import,P0054,55,warehouse,success,opening_stock
TX000055,2024-12-31T08:00:00,import,P0055,45,warehouse,success,opening_stock
TX000056,2024-12-31T08:00:00,import,P0056,50,warehouse,success,opening_stock
TX000057,2024-12-31T08:00:00,import,P0057,65,warehouse,success,opening_stock
TX000058,2024-12-31T08:00:00,import,P0058,30,warehouse,success,opening_stock
TX000059,2024-12-31T08:00:00,import,P0059,90,warehouse,success,opening_stock
TX000060,2024-12-31T08:00:00,import,P0060,32,warehouse,success,opening_stock
TX000061,2024-12-31T08:00:00,import,P0061,24,warehouse,success,opening_stock
TX000062,2024-12-31T08:00:00,import,P0062,45,warehouse,success,opening_stock
TX000063,2024-12-31T08:00:00,import,P0063,75,warehouse,success,opening_stock
TX000064,2024-12-31T08:00:00,import,P0064,40,warehouse,success,opening_stock
TX000065,2024-12-31T08:00:00,import,P0065,74,warehouse,success,opening_stock
TX000066,2024-12-31T08:00:00,import,P0066,47,warehouse,success,opening_stock
TX000067,2024-12-31T08:00:00,import,P0067,62,warehouse,success,opening_stock
TX000068,2024-12-31T08:00:00,import,P0068,92,warehouse,success,opening_stock
TX000069,2024-12-31T08:00:00,import,P0069,61,warehouse,success,opening_stock
TX000070,2024-12-31T08:00:00,import,P0070,67,warehouse,success,opening_stock
TX000071,2024-12-31T08:00:00,import,P0071,59,warehouse,success,opening_stock
TX000072,2024-12-31T08:00:00,import,P0072,1,warehouse,success,opening_stock
TX000073,2024-12-31T08:00:00,import,P0073,27,warehouse,success,opening_stock
TX000074,2024-12-31T08:00:00,import,P0074,31,warehouse,success,opening_stock
TX000075,2024-12-31T08:00:00,import,P0075,1,warehouse,success,opening_stock
TX000076,2024-12-31T08:00:00,import,P0076,66,warehouse,success,opening_stock
TX000077,2024-12-31T08:00:00,import,P0077,77,warehouse,success,opening_stock
TX000078,2024-12-31T08:00:00,import,P0078,88,warehouse,success,opening_stock
TX000079,2024-12-31T08:00:00,import,P0079,99,warehouse,success,opening_stock
TX000080,2024-12-31T08:00:00,import,P0080,110,warehouse,success,opening_stock
TX000081,2024-12-31T08:00:00,import,P0081,121,warehouse,success,opening_stock
TX000082,2024-12-31T08:00:00,import,P0082,32,warehouse,success,opening_stock
TX000083,2024-12-31T08:00:00,import,P0083,43,warehouse,success,opening_stock
TX000084,2024-12-31T08:00:00,import,P0084,54,warehouse,success,opening_stock
TX000085,2024-12-31T08:00:00,import,P0085,65,warehouse,success,opening_stock
TX000086,2024-12-31T08:00:00,import,P0086,76,warehouse,success,opening_stock
TX000087,2024-12-31T08:00:00,import,P0087,87,warehouse,success,opening_stock
TX000088,2024-12-31T08:00:00,import,P0088,98,warehouse,success,opening_stock
TX000089,2024-12-31T08:00:00,import,P0089,109,warehouse,success,opening_stock
TX000090,2024-12-31T08:00:00,import,P0090,120,warehouse,success,opening_stock
TX000091,2025-01-01T18:05:00,sale,P0072,3,cashier,success,order=ORD000228
TX000092,2025-01-01T18:05:00,sale,P0032,2,cashier,success,order=ORD000228
TX000093,2025-01-01T18:05:00,sale,P0006,4,cashier,success,order=ORD000228
TX000094,2025-01-01T18:05:00,sale,P0052,3,cashier,success,order=ORD000228
TX000095,2025-01-01T18:05:00,sale,P0059,5,cashier,success,order=ORD000228
TX000096,2025-01-01T18:05:00,sale,P0067,1,cashier,success,order=ORD000228
TX000097,2025-01-01T18:05:00,sale,P0064,3,cashier,success,order=ORD000228
TX000098,2025-01-01T18:05:00,sale,P0008,3,cashier,success,order=ORD000228
TX000099,2025-01-01T20:03:00,sale,P0018,24,cashier,success,order=ORD000503
TX000100,2025-01-01T20:03:00,sale,P0019,8,cashier,success,order=ORD000503
TX000101,2025-01-01T20:03:00,sale,P0038,22,cashier,success,order=ORD000503
TX000102,2025-01-02T04:40:00,sale,P0067,1,cashier,success,order=ORD000252
TX000103,2025-01-02T04:40:00,sale,P0055,5,cashier,success,order=ORD000252
TX000104,2025-01-02T20:46:00,sale,P0052,5,cashier,success,order=ORD000017
TX000105,2025-01-02T20:46:00,sale,P0044,3,cashier,success,order=ORD000017
TX000106,2025-01-03T17:01:00,sale,P0077,2,cashier,success,order=ORD000055
TX000107,2025-01-03T17:01:00,sale,P0083,1,cashier,success,order=ORD000055
TX000108,2025-01-03T17:01:00,sale,P0066,5,cashier,success,order=ORD000055
TX000109,2025-01-03T23:21:00,sale,P0075,5,cashier,success,order=ORD000419
TX000110,2025-01-03T23:21:00,sale,P0089,4,cashier,success,order=ORD000419
TX000111,2025-01-03T23:21:00,sale,P0082,2,cashier,success,order=ORD000419
TX000112,2025-01-03T23:21:00,sale,P0056,5,cashier,success,order=ORD000419
TX000113,2025-01-03T23:21:00,sale,P0048,3,cashier,success,order=ORD000419
TX000114,2025-01-04T01:38:00,sale,P0048,5,cashier,success,order=ORD000208
TX000115,2025-01-04T01:38:00,sale,P0008,2,cashier,success,order=ORD000208
TX000116,2025-01-04T02:48:00,sale,P0049,2,cashier,success,order=ORD001079
TX000117,2025-01-04T02:48:00,sale,P0037,1,cashier,success,order=ORD001079
TX000118,2025-01-04T02:48:00,sale,P0023,3,cashier,success,order=ORD001079
TX000119,2025-01-04T02:48:00,sale,P0002,4,cashier,success,order=ORD001079
TX000120,2025-01-04T02:48:00,sale,P0011,5,cashier,success,order=ORD001079
TX000121,2025-01-04T21:00:00,sale,P0004,5,cashier,success,order=ORD000449
TX000122,2025-01-05T01:33:00,sale,P0002,1,cashier,success,order=ORD000224
TX000123,2025-01-05T02:37:00,sale,P0005,4,cashier,success,order=ORD000494
TX000124,2025-01-05T02:37:00,sale,P0019,3,cashier,success,order=ORD000494
TX000125,2025-01-05T02:37:00,sale,P0073,3,cashier,success,order=ORD000494
TX000126,2025-01-05T02:37:00,sale,P0074,3,cashier,success,order=ORD000494
TX000127,2025-01-05T18:26:00,sale,P0089,5,cashier,success,order=ORD000235
TX000128,2025-01-05T18:26:00,sale,P0046,1,cashier,success,order=ORD000235
TX000129,2025-01-05T22:59:00,sale,P0023,4,cashier,success,order=ORD000382
TX000130,2025-01-05T22:59:00,sale,P0008,1,cashier,success,order=ORD000382
TX000131,2025-01-05T22:59:00,sale,P0076,4,cashier,success,order=ORD000382
TX000132,2025-01-05T22:59:00,sale,P0089,3,cashier,success,order=ORD000382
TX000133,2025-01-05T22:59:00,sale,P0019,1,cashier,success,order=ORD000382
TX000134,2025-01-05T22:59:00,sale,P0082,5,cashier,success,order=ORD000382
TX000135,2025-01-07T19:02:00,sale,P0035,2,cashier,success,order=ORD000140
TX000136,2025-01-07T19:02:00,sale,P0015,3,cashier,success,order=ORD000140
TX000137,2025-01-07T21:21:00,sale,P0076,13,cashier,success,order=ORD000695
TX000138,2025-01-07T21:21:00,sale,P0089,26,cashier,success,order=ORD000695
TX000139,2025-01-07T21:21:00,sale,P0078,25,cashier,success,order=ORD000695
TX000140,2025-01-07T21:21:00,sale,P0079,16,cashier,success,order=ORD000695
TX000141,2025-01-08T02:34:00,sale,P0078,3,cashier,success,order=ORD001042
TX000142,2025-01-08T04:17:00,sale,P0089,1,cashier,success,order=ORD001038
TX000143,2025-01-08T04:17:00,sale,P0086,5,cashier,success,order=ORD001038
TX000144,2025-01-08T04:17:00,sale,P0025,4,cashier,success,order=ORD001038
TX000145,2025-01-08T23:02:00,sale,P0076,1,cashier,success,order=ORD000599
TX000146,2025-01-08T23:02:00,sale,P0089,2,cashier,success,order=ORD000599
TX000147,2025-01-08T23:07:00,sale,P0009,5,cashier,success,order=ORD001111
TX000148,2025-01-09T17:44:00,sale,P0042,1,cashier,success,order=ORD001049
TX000149,2025-01-09T17:44:00,sale,P0035,1,cashier,success,order=ORD001049
TX000150,2025-01-09T17:47:00,sale,P0017,4,cashier,success,order=ORD000401
TX000151,2025-01-09T17:47:00,sale,P0035,3,cashier,success,order=ORD000401
TX000152,2025-01-10T04:12:00,sale,P0008,22,cashier,success,order=ORD000857
TX000153,2025-01-10T04:12:00,sale,P0071,9,cashier,success,order=ORD000857
TX000154,2025-01-10T04:12:00,sale,P0025,10,cashier,success,order=ORD000857
TX000155,2025-01-10T18:03:00,sale,P0003,4,cashier,success,order=ORD000246
TX000156,2025-01-10T18:03:00,sale,P0026,1,cashier,success,order=ORD000246
TX000157,2025-01-10T18:03:00,sale,P0012,2,cashier,success,order=ORD000246
TX000158,2025-01-10T18:03:00,sale,P0039,4,cashier,success,order=ORD000246
TX000159,2025-01-10T18:03:00,sale,P0002,4,cashier,success,order=ORD000246
TX000160,2025-01-10T18:03:00,sale,P0011,3,cashier,success,order=ORD000246
TX000161,2025-01-10T18:21:00,sale,P0062,3,cashier,success,order=ORD001071
TX000162,2025-01-10T18:21:00,sale,P0049,3,cashier,success,order=ORD001071
TX000163,2025-01-10T18:21:00,sale,P0035,1,cashier,success,order=ORD001071
TX000164,2025-01-10T18:21:00,sale,P0060,1,cashier,success,order=ORD001071
TX000165,2025-01-11T00:40:00,sale,P0052,5,cashier,success,order=ORD000213
TX000166,2025-01-11T00:40:00,sale,P0059,2,cashier,success,order=ORD000213
TX000167,2025-01-11T01:06:00,sale,P0012,2,cashier,success,order=ORD000470
TX000168,2025-01-11T16:01:00,sale,P0075,4,cashier,success,order=ORD000621
TX000169,2025-01-11T16:01:00,sale,P0048,4,cashier,success,order=ORD000621
TX000170,2025-01-11T16:01:00,sale,P0078,1,cashier,success,order=ORD000621
TX000171,2025-01-12T18:07:00,sale,P0038,5,cashier,success,order=ORD000723
TX000172,2025-01-12T18:07:00,sale,P0075,5,cashier,success,order=ORD000723
TX000173,2025-01-12T18:07:00,sale,P0074,1,cashier,success,order=ORD000723
TX000174,2025-01-12T18:38:00,sale,P0088,5,cashier,success,order=ORD000535
TX000175,2025-01-12T18:38:00,sale,P0084,2,cashier,success,order=ORD000535
TX000176,2025-01-12T18:38:00,sale,P0087,5,cashier,success,order=ORD000535
TX000177,2025-01-12T18:46:00,sale,P0023,4,cashier,success,order=ORD000239
TX000178,2025-01-12T21:13:00,sale,P0019,12,cashier,success,order=ORD000267
TX000179,2025-01-12T21:13:00,sale,P0048,11,cashier,success,order=ORD000267
TX000180,2025-01-12T21:13:00,sale,P0068,6,cashier,success,order=ORD000267
TX000181,2025-01-12T21:13:00,sale,P0043,6,cashier,success,order=ORD000267
TX000182,2025-01-13T02:05:00,sale,P0028,3,cashier,success,order=ORD000928
TX000183,2025-01-13T02:05:00,sale,P0073,10,cashier,success,order=ORD000928
TX000184,2025-01-13T22:59:00,sale,P0014,5,cashier,success,order=ORD000347
TX000185,2025-01-13T22:59:00,sale,P0040,3,cashier,success,order=ORD000347
TX000186,2025-01-14T00:10:00,sale,P0036,3,cashier,success,order=ORD000982
TX000187,2025-01-14T00:10:00,sale,P0063,3,cashier,success,order=ORD000982
TX000188,2025-01-14T00:10:00,sale,P0016,3,cashier,success,order=ORD000982
TX000189,2025-01-14T17:00:00,import,P0049,24,warehouse,success,restock
TX000190,2025-01-14T17:00:00,import,P0084,13,warehouse,success,restock
TX000191,2025-01-14T17:40:00,sale,P0068,4,cashier,success,order=ORD000469
TX000192,2025-01-14T17:40:00,sale,P0043,1,cashier,success,order=ORD000469
TX000193,2025-01-14T17:40:00,sale,P0078,2,cashier,success,order=ORD000469
TX000194,2025-01-14T17:40:00,sale,P0079,4,cashier,success,order=ORD000469
TX000195,2025-01-14T19:29:00,sale,P0042,4,cashier,success,order=ORD001013
TX000196,2025-01-14T19:30:00,sale,P0058,29,cashier,success,order=ORD000404
TX000197,2025-01-14T19:30:00,sale,P0039,20,cashier,success,order=ORD000404
TX000198,2025-01-14T19:30:00,sale,P0056,8,cashier,success,order=ORD000404
TX000199,2025-01-14T19:56:00,sale,P0070,2,cashier,success,order=ORD000683
TX000200,2025-01-14T19:56:00,sale,P0033,1,cashier,success,order=ORD000683
TX000201,2025-01-14T19:56:00,sale,P0006,4,cashier,success,order=ORD000683
TX000202,2025-01-14T19:56:00,sale,P0076,4,cashier,success,order=ORD000683
TX000203,2025-01-15T03:06:00,sale,P0050,4,cashier,success,order=ORD000912
TX000204,2025-01-15T03:06:00,sale,P0059,4,cashier,success,order=ORD000912
TX000205,2025-01-15T03:06:00,sale,P0018,2,cashier,success,order=ORD000912
TX000206,2025-01-15T03:06:00,sale,P0022,2,cashier,success,order=ORD000912
TX000207,2025-01-15T03:06:00,sale,P0005,3,cashier,success,order=ORD000912
TX000208,2025-01-15T19:03:00,sale,P0013,3,cashier,success,order=ORD000585
TX000209,2025-01-15T19:03:00,sale,P0089,1,cashier,success,order=ORD000585
TX000210,2025-01-15T19:03:00,sale,P0065,3,cashier,success,order=ORD000585
TX000211,2025-01-15T20:17:00,sale,P0082,18,cashier,success,order=ORD000651
TX000212,2025-01-15T20:17:00,sale,P0072,19,cashier,success,order=ORD000651
TX000213,2025-01-16T01:14:00,sale,P0055,3,cashier,success,order=ORD000700
TX000214,2025-01-16T03:29:00,sale,P0023,3,cashier,success,order=ORD000753
TX000215,2025-01-16T03:29:00,sale,P0076,5,cashier,success,order=ORD000753
TX000216,2025-01-16T03:29:00,sale,P0089,3,cashier,success,order=ORD000753
TX000217,2025-01-16T03:29:00,sale,P0088,2,cashier,success,order=ORD000753
TX000218,2025-01-16T03:29:00,sale,P0084,3,cashier,success,order=ORD000753
TX000219,2025-01-16T17:34:00,sale,P0082,2,cashier,success,order=ORD001016
TX000220,2025-01-16T17:34:00,sale,P0028,4,cashier,success,order=ORD001016
TX000221,2025-01-16T17:34:00,sale,P0013,1,cashier,success,order=ORD001016
TX000222,2025-01-16T17:34:00,sale,P0069,1,cashier,success,order=ORD001016
TX000223,2025-01-16T17:34:00,sale,P0051,1,cashier,success,order=ORD001016
TX000224,2025-01-16T19:27:00,sale,P0035,4,cashier,success,order=ORD000305
TX000225,2025-01-16T19:27:00,sale,P0028,5,cashier,success,order=ORD000305
TX000226,2025-01-16T22:58:00,sale,P0087,5,cashier,success,order=ORD001048
TX000227,2025-01-16T22:58:00,sale,P0050,1,cashier,success,order=ORD001048
TX000228,2025-01-16T22:58:00,sale,P0089,1,cashier,success,order=ORD001048
TX000229,2025-01-16T22:58:00,sale,P0086,2,cashier,success,order=ORD001048
TX000230,2025-01-17T18:18:00,sale,P0033,1,cashier,success,order=ORD000873
TX000231,2025-01-17T18:18:00,sale,P0076,2,cashier,success,order=ORD000873
TX000232,2025-01-17T18:18:00,sale,P0089,4,cashier,success,order=ORD000873
TX000233,2025-01-17T18:18:00,sale,P0050,5,cashier,success,order=ORD000873
TX000234,2025-01-17T18:18:00,sale,P0005,5,cashier,success,order=ORD000873
TX000235,2025-01-17T18:18:00,sale,P0082,5,cashier,success,order=ORD000873
TX000236,2025-01-17T20:26:00,sale,P0013,8,cashier,success,order=ORD000091
TX000237,2025-01-17T22:56:00,sale,P0035,2,cashier,success,order=ORD000367
TX000238,2025-01-17T22:56:00,sale,P0028,2,cashier,success,order=ORD000367
TX000239,2025-01-17T22:56:00,sale,P0034,4,cashier,success,order=ORD000367
TX000240,2025-01-17T22:56:00,sale,P0041,1,cashier,success,order=ORD000367
TX000241,2025-01-17T22:56:00,sale,P0042,4,cashier,success,order=ORD000367
TX000242,2025-01-18T03:36:00,sale,P0013,3,cashier,success,order=ORD000335
TX000243,2025-01-18T04:42:00,sale,P0070,4,cashier,success,order=ORD000093
TX000244,2025-01-18T04:42:00,sale,P0080,1,cashier,success,order=ORD000093
TX000245,2025-01-18T04:42:00,sale,P0077,1,cashier,success,order=ORD000093
TX000246,2025-01-18T16:39:00,sale,P0086,1,cashier,success,order=ORD000316
TX000247,2025-01-18T17:07:00,sale,P0033,1,cashier,success,order=ORD000512
TX000248,2025-01-18T17:07:00,sale,P0006,3,cashier,success,order=ORD000512
TX000249,2025-01-18T17:07:00,sale,P0038,4,cashier,success,order=ORD000512
TX000250,2025-01-18T20:01:00,sale,P0087,5,cashier,success,order=ORD000158
TX000251,2025-01-18T20:01:00,sale,P0008,3,cashier,success,order=ORD000158
TX000252,2025-01-20T22:44:00,sale,P0035,2,cashier,success,order=ORD000648
TX000253,2025-01-20T22:44:00,sale,P0052,4,cashier,success,order=ORD000648
TX000254,2025-01-21T19:52:00,sale,P0036,5,cashier,success,order=ORD000882
TX000255,2025-01-21T19:52:00,sale,P0038,3,cashier,success,order=ORD000882
TX000256,2025-01-21T21:41:00,sale,P0078,1,cashier,success,order=ORD000752
TX000257,2025-01-21T21:41:00,sale,P0046,2,cashier,success,order=ORD000752
TX000258,2025-01-21T21:41:00,sale,P0086,3,cashier,success,order=ORD000752
TX000259,2025-01-21T21:54:00,sale,P0037,5,cashier,success,order=ORD000561
TX000260,2025-01-21T21:54:00,sale,P0055,4,cashier,success,order=ORD000561
TX000261,2025-01-22T00:24:00,sale,P0056,3,cashier,success,order=ORD000277
TX000262,2025-01-22T00:24:00,sale,P0005,4,cashier,success,order=ORD000277
TX000263,2025-01-22T00:27:00,sale,P0005,12,cashier,success,order=ORD000921
TX000264,2025-01-22T21:49:00,sale,P0018,2,cashier,success,order=ORD000840
TX000265,2025-01-22T21:49:00,sale,P0034,5,cashier,success,order=ORD000840
TX000266,2025-01-22T21:59:00,sale,P0036,1,cashier,success,order=ORD000059
TX000267,2025-01-22T21:59:00,sale,P0076,1,cashier,success,order=ORD000059
TX000268,2025-01-22T21:59:00,sale,P0089,4,cashier,success,order=ORD000059
TX000269,2025-01-23T03:49:00,sale,P0058,4,cashier,success,order=ORD000774
TX000270,2025-01-23T03:49:00,sale,P0020,5,cashier,success,order=ORD000774
TX000271,2025-01-23T20:28:00,sale,P0020,10,cashier,success,order=ORD000162
TX000272,2025-01-23T20:28:00,sale,P0025,11,cashier,success,order=ORD000162
TX000273,2025-01-24T02:54:00,sale,P0008,3,cashier,success,order=ORD000293
TX000274,2025-01-24T02:54:00,sale,P0042,2,cashier,success,order=ORD000293
TX000275,2025-01-24T17:00:00,import,P0073,14,warehouse,success,restock
TX000276,2025-01-24T18:22:00,sale,P0058,3,cashier,success,order=ORD001066
TX000277,2025-01-24T18:22:00,sale,P0036,5,cashier,success,order=ORD001066
TX000278,2025-01-24T18:22:00,sale,P0060,3,cashier,success,order=ORD001066
TX000279,2025-01-25T00:44:00,sale,P0068,1,cashier,success,order=ORD000936
TX000280,2025-01-25T00:44:00,sale,P0043,2,cashier,success,order=ORD000936
TX000281,2025-01-25T16:06:00,sale,P0077,2,cashier,success,order=ORD000128
TX000282,2025-01-25T16:06:00,sale,P0083,3,cashier,success,order=ORD000128
TX000283,2025-01-25T16:06:00,sale,P0086,3,cashier,success,order=ORD000128
TX000284,2025-01-25T16:06:00,sale,P0015,3,cashier,success,order=ORD000128
TX000285,2025-01-25T16:06:00,sale,P0016,2,cashier,success,order=ORD000128
TX000286,2025-01-25T16:18:00,sale,P0079,3,cashier,success,order=ORD000073
TX000287,2025-01-25T16:18:00,sale,P0042,3,cashier,success,order=ORD000073
TX000288,2025-01-26T02:06:00,sale,P0003,11,cashier,success,order=ORD000179
TX000289,2025-01-26T02:06:00,sale,P0038,25,cashier,success,order=ORD000179
TX000290,2025-01-26T02:06:00,sale,P0035,18,cashier,success,order=ORD000179
TX000291,2025-01-26T18:59:00,sale,P0076,2,cashier,success,order=ORD000149
TX000292,2025-01-26T18:59:00,sale,P0089,4,cashier,success,order=ORD000149
TX000293,2025-01-26T18:59:00,sale,P0004,5,cashier,success,order=ORD000149
TX000294,2025-01-26T21:45:00,sale,P0033,2,cashier,success,order=ORD000168
TX000295,2025-01-26T21:45:00,sale,P0006,5,cashier,success,order=ORD000168
TX000296,2025-01-27T00:54:00,sale,P0080,5,cashier,success,order=ORD000917
TX000297,2025-01-27T00:54:00,sale,P0077,2,cashier,success,order=ORD000917
TX000298,2025-01-27T00:54:00,sale,P0049,4,cashier,success,order=ORD000917
TX000299,2025-01-27T00:54:00,sale,P0030,2,cashier,success,order=ORD000917
TX000300,2025-01-27T04:49:00,sale,P0022,4,cashier,success,order=ORD001084
TX000301,2025-01-27T04:49:00,sale,P0048,2,cashier,success,order=ORD001084
TX000302,2025-01-27T17:26:00,sale,P0042,4,cashier,success,order=ORD000082
TX000303,2025-01-27T17:26:00,sale,P0060,2,cashier,success,order=ORD000082
TX000304,2025-01-28T16:54:00,sale,P0010,4,cashier,success,order=ORD000847
TX000305,2025-01-28T17:19:00,sale,P0013,3,cashier,success,order=ORD000680
TX000306,2025-01-28T17:19:00,sale,P0032,2,cashier,success,order=ORD000680
TX000307,2025-01-28T17:19:00,sale,P0006,2,cashier,success,order=ORD000680
TX000308,2025-01-28T17:19:00,sale,P0042,2,cashier,success,order=ORD000680
TX000309,2025-01-28T20:31:00,sale,P0030,1,cashier,success,order=ORD000652
TX000310,2025-01-28T20:31:00,sale,P0076,3,cashier,success,order=ORD000652
TX000311,2025-01-28T20:31:00,sale,P0089,5,cashier,success,order=ORD000652
TX000312,2025-01-28T20:31:00,sale,P0037,1,cashier,success,order=ORD000652
TX000313,2025-01-29T02:23:00,sale,P0038,1,cashier,success,order=ORD000332
TX000314,2025-01-29T02:23:00,sale,P0029,1,cashier,success,order=ORD000332
TX000315,2025-01-29T17:20:00,sale,P0079,28,cashier,success,order=ORD000378
TX000316,2025-01-29T17:20:00,sale,P0036,8,cashier,success,order=ORD000378
TX000317,2025-01-29T17:20:00,sale,P0033,23,cashier,success,order=ORD000378
TX000318,2025-01-29T20:22:00,sale,P0014,7,cashier,success,order=ORD000021
TX000319,2025-01-29T20:22:00,sale,P0048,17,cashier,success,order=ORD000021
TX000320,2025-01-29T23:36:00,sale,P0058,1,cashier,success,order=ORD001101
TX000321,2025-01-29T23:36:00,sale,P0040,5,cashier,success,order=ORD001101
TX000322,2025-01-30T18:17:00,sale,P0019,2,cashier,success,order=ORD001140
TX000323,2025-01-30T18:17:00,sale,P0008,2,cashier,success,order=ORD001140
TX000324,2025-01-30T18:17:00,sale,P0083,2,cashier,success,order=ORD001140
TX000325,2025-01-30T20:24:00,sale,P0013,1,cashier,success,order=ORD000429
TX000326,2025-01-30T22:19:00,sale,P0068,21,cashier,success,order=ORD001155
TX000327,2025-01-30T22:19:00,sale,P0059,15,cashier,success,order=ORD001155
TX000328,2025-01-30T22:19:00,sale,P0005,29,cashier,success,order=ORD001155
TX000329,2025-01-30T22:19:00,sale,P0035,17,cashier,success,order=ORD001155
TX000330,2025-01-30T22:19:00,sale,P0050,17,cashier,success,order=ORD001155
TX000331,2025-01-31T18:13:00,sale,P0067,5,cashier,success,order=ORD000619
TX000332,2025-01-31T18:13:00,sale,P0058,1,cashier,success,order=ORD000619
TX000333,2025-01-31T21:06:00,sale,P0029,21,cashier,success,order=ORD000802
TX000334,2025-01-31T22:55:00,sale,P0048,2,cashier,success,order=ORD001067
TX000335,2025-01-31T22:55:00,sale,P0005,3,cashier,success,order=ORD001067
TX000336,2025-02-01T00:02:00,sale,P0008,1,cashier,success,order=ORD000101
TX000337,2025-02-01T00:02:00,sale,P0076,4,cashier,success,order=ORD000101
TX000338,2025-02-01T00:02:00,sale,P0089,5,cashier,success,order=ORD000101
TX000339,2025-02-01T00:02:00,sale,P0002,5,cashier,success,order=ORD000101
TX000340,2025-02-01T00:02:00,sale,P0011,1,cashier,success,order=ORD000101
TX000341,2025-02-01T01:48:00,sale,P0008,3,cashier,success,order=ORD000798
TX000342,2025-02-01T01:48:00,sale,P0070,5,cashier,success,order=ORD000798
TX000343,2025-02-01T01:48:00,sale,P0064,1,cashier,success,order=ORD000798
TX000344,2025-02-01T22:55:00,sale,P0022,4,cashier,success,order=ORD000961
TX000345,2025-02-01T22:55:00,sale,P0036,1,cashier,success,order=ORD000961
TX000346,2025-02-01T22:55:00,sale,P0072,2,cashier,success,order=ORD000961
TX000347,2025-02-01T22:55:00,sale,P0014,3,cashier,success,order=ORD000961
TX000348,2025-02-02T00:26:00,sale,P0036,5,cashier,success,order=ORD000812
TX000349,2025-02-02T00:26:00,sale,P0015,2,cashier,success,order=ORD000812
TX000350,2025-02-02T00:26:00,sale,P0076,1,cashier,success,order=ORD000812
TX000351,2025-02-02T00:26:00,sale,P0089,2,cashier,success,order=ORD000812
TX000352,2025-02-02T03:08:00,sale,P0049,2,cashier,success,order=ORD000078
TX000353,2025-02-02T03:08:00,sale,P0090,5,cashier,success,order=ORD000078
TX000354,2025-02-02T17:17:00,sale,P0038,5,cashier,success,order=ORD000328
TX000355,2025-02-02T18:30:00,sale,P0016,2,cashier,success,order=ORD000913
TX000356,2025-02-02T18:30:00,sale,P0005,2,cashier,success,order=ORD000913
TX000357,2025-02-02T22:13:00,sale,P0012,3,cashier,success,order=ORD001099
TX000358,2025-02-02T22:13:00,sale,P0016,4,cashier,success,order=ORD001099
TX000359,2025-02-02T22:13:00,sale,P0026,3,cashier,success,order=ORD001099
TX000360,2025-02-02T22:13:00,sale,P0003,4,cashier,success,order=ORD001099
TX000361,2025-02-02T23:53:00,sale,P0086,3,cashier,success,order=ORD000881
TX000362,2025-02-02T23:53:00,sale,P0084,2,cashier,success,order=ORD000881
TX000363,2025-02-02T23:53:00,sale,P0055,5,cashier,success,order=ORD000881
TX000364,2025-02-02T23:53:00,sale,P0021,3,cashier,success,order=ORD000881
TX000365,2025-02-03T01:56:00,sale,P0083,26,cashier,success,order=ORD000905
TX000366,2025-02-03T17:00:00,import,P0087,23,warehouse,success,restock
TX000367,2025-02-03T17:01:00,sale,P0078,3,cashier,success,order=ORD000785
TX000368,2025-02-03T17:01:00,sale,P0079,2,cashier,success,order=ORD000785
TX000369,2025-02-03T19:29:00,sale,P0015,3,cashier,success,order=ORD000868
TX000370,2025-02-03T19:29:00,sale,P0010,5,cashier,success,order=ORD000868
TX000371,2025-02-03T19:29:00,sale,P0059,3,cashier,success,order=ORD000868
TX000372,2025-02-03T19:29:00,sale,P0075,3,cashier,success,order=ORD000868
TX000373,2025-02-03T19:57:00,sale,P0008,2,cashier,success,order=ORD000342
TX000374,2025-02-03T19:57:00,sale,P0035,2,cashier,success,order=ORD000342
TX000375,2025-02-03T19:57:00,sale,P0016,1,cashier,success,order=ORD000342
TX000376,2025-02-03T19:57:00,sale,P0087,5,cashier,success,order=ORD000342
TX000377,2025-02-03T20:44:00,sale,P0087,5,cashier,success,order=ORD000137
TX000378,2025-02-03T20:44:00,sale,P0022,3,cashier,success,order=ORD000137
TX000379,2025-02-03T21:21:00,sale,P0043,11,cashier,success,order=ORD000563
TX000380,2025-02-03T21:21:00,sale,P0042,7,cashier,success,order=ORD000563
TX000381,2025-02-03T21:21:00,sale,P0025,5,cashier,success,order=ORD000563
TX000382,2025-02-03T21:21:00,sale,P0005,2,cashier,success,order=ORD000563
TX000383,2025-02-03T21:21:00,sale,P0015,6,cashier,success,order=ORD000563
TX000384,2025-02-03T21:21:00,sale,P0016,4,cashier,success,order=ORD000563
TX000385,2025-02-03T23:45:00,sale,P0035,6,cashier,success,order=ORD000853
TX000386,2025-02-03T23:45:00,sale,P0031,6,cashier,success,order=ORD000853
TX000387,2025-02-03T23:45:00,sale,P0006,6,cashier,success,order=ORD000853
TX000388,2025-02-03T23:45:00,sale,P0044,4,cashier,success,order=ORD000853
TX000389,2025-02-04T16:19:00,sale,P0018,10,cashier,success,order=ORD000664
TX000390,2025-02-04T16:19:00,sale,P0019,2,cashier,success,order=ORD000664
TX000391,2025-02-04T16:19:00,sale,P0041,8,cashier,success,order=ORD000664
TX000392,2025-02-04T16:19:00,sale,P0042,6,cashier,success,order=ORD000664
TX000393,2025-02-04T16:19:00,sale,P0055,8,cashier,success,order=ORD000664
TX000394,2025-02-05T03:46:00,sale,P0019,21,cashier,success,order=ORD000468
TX000395,2025-02-05T03:46:00,sale,P0045,19,cashier,success,order=ORD000468
TX000396,2025-02-05T03:46:00,sale,P0089,11,cashier,success,order=ORD000468
TX000397,2025-02-05T04:44:00,sale,P0028,2,cashier,success,order=ORD000722
TX000398,2025-02-05T04:44:00,sale,P0078,3,cashier,success,order=ORD000722
TX000399,2025-02-05T04:44:00,sale,P0039,3,cashier,success,order=ORD000722
TX000400,2025-02-05T21:12:00,sale,P0061,4,cashier,success,order=ORD000447
TX000401,2025-02-05T21:12:00,sale,P0089,1,cashier,success,order=ORD000447
TX000402,2025-02-05T21:12:00,sale,P0029,1,cashier,success,order=ORD000447
TX000403,2025-02-06T03:12:00,sale,P0058,1,cashier,success,order=ORD001185
TX000404,2025-02-06T17:00:00,import,P0010,69,warehouse,success,restock
TX000405,2025-02-06T19:46:00,sale,P0052,1,cashier,success,order=ORD000333
TX000406,2025-02-06T19:46:00,sale,P0059,4,cashier,success,order=ORD000333
TX000407,2025-02-06T19:46:00,sale,P0068,2,cashier,success,order=ORD000333
TX000408,2025-02-07T00:46:00,sale,P0062,2,cashier,success,order=ORD000506
TX000409,2025-02-07T00:46:00,sale,P0049,4,cashier,success,order=ORD000506
TX000410,2025-02-07T00:46:00,sale,P0078,3,cashier,success,order=ORD000506
TX000411,2025-02-07T00:46:00,sale,P0079,2,cashier,success,order=ORD000506
TX000412,2025-02-07T01:46:00,sale,P0039,3,cashier,success,order=ORD000320
TX000413,2025-02-07T01:46:00,sale,P0083,3,cashier,success,order=ORD000320
TX000414,2025-02-07T16:41:00,sale,P0042,2,cashier,success,order=ORD000779
TX000415,2025-02-07T16:41:00,sale,P0050,5,cashier,success,order=ORD000779
TX000416,2025-02-07T16:41:00,sale,P0035,4,cashier,success,order=ORD000779
TX000417,2025-02-07T20:49:00,sale,P0035,13,cashier,success,order=ORD000318
TX000418,2025-02-07T23:22:00,sale,P0027,5,cashier,success,order=ORD000023
TX000419,2025-02-07T23:22:00,sale,P0088,3,cashier,success,order=ORD000023
TX000420,2025-02-07T23:22:00,sale,P0040,4,cashier,success,order=ORD000023
TX000421,2025-02-07T23:22:00,sale,P0028,5,cashier,success,order=ORD000023
TX000422,2025-02-07T23:22:00,sale,P0090,1,cashier,success,order=ORD000023
TX000423,2025-02-07T23:48:00,sale,P0056,5,cashier,success,order=ORD000614
TX000424,2025-02-07T23:48:00,sale,P0004,2,cashier,success,order=ORD000614
TX000425,2025-02-07T23:57:00,sale,P0069,5,cashier,success,order=ORD000705
TX000426,2025-02-07T23:57:00,sale,P0030,1,cashier,success,order=ORD000705
TX000427,2025-02-07T23:57:00,sale,P0061,3,cashier,success,order=ORD000705
TX000428,2025-02-08T01:10:00,sale,P0069,4,cashier,success,order=ORD000839
TX000429,2025-02-08T04:43:00,sale,P0025,7,cashier,success,order=ORD000725
TX000430,2025-02-08T04:43:00,sale,P0040,23,cashier,success,order=ORD000725
TX000431,2025-02-08T16:04:00,sale,P0058,3,cashier,success,order=ORD000148
TX000432,2025-02-08T23:19:00,sale,P0036,3,cashier,success,order=ORD000892
TX000433,2025-02-08T23:19:00,sale,P0003,7,cashier,success,order=ORD000892
TX000434,2025-02-08T23:19:00,sale,P0017,5,cashier,success,order=ORD000892
TX000435,2025-02-09T02:59:00,sale,P0048,5,cashier,success,order=ORD000105
TX000436,2025-02-09T02:59:00,sale,P0058,4,cashier,success,order=ORD000105
TX000437,2025-02-09T16:08:00,sale,P0026,9,cashier,success,order=ORD000623
TX000438,2025-02-09T16:08:00,sale,P0028,20,cashier,success,order=ORD000623
TX000439,2025-02-09T17:16:00,sale,P0018,2,cashier,success,order=ORD000624
TX000440,2025-02-09T17:16:00,sale,P0076,3,cashier,success,order=ORD000624
TX000441,2025-02-09T17:16:00,sale,P0078,5,cashier,success,order=ORD000624
TX000442,2025-02-09T17:16:00,sale,P0079,1,cashier,success,order=ORD000624
TX000443,2025-02-09T17:16:00,sale,P0028,4,cashier,success,order=ORD000624
TX000444,2025-02-10T00:41:00,sale,P0015,3,cashier,success,order=ORD000217
TX000445,2025-02-10T00:41:00,sale,P0016,4,cashier,success,order=ORD000217
TX000446,2025-02-10T00:41:00,sale,P0053,5,cashier,success,order=ORD000217
TX000447,2025-02-10T02:55:00,sale,P0008,4,cashier,success,order=ORD000047
TX000448,2025-02-10T02:55:00,sale,P0053,1,cashier,success,order=ORD000047
TX000449,2025-02-10T02:55:00,sale,P0035,3,cashier,success,order=ORD000047
TX000450,2025-02-10T02:55:00,sale,P0052,2,cashier,success,order=ORD000047
TX000451,2025-02-10T02:55:00,sale,P0067,4,cashier,success,order=ORD000047
TX000452,2025-02-10T02:55:00,sale,P0064,5,cashier,success,order=ORD000047
TX000453,2025-02-10T04:11:00,sale,P0008,5,cashier,success,order=ORD001144
TX000454,2025-02-10T19:58:00,sale,P0088,2,cashier,success,order=ORD000625
TX000455,2025-02-10T19:58:00,sale,P0084,2,cashier,success,order=ORD000625
TX000456,2025-02-10T21:37:00,sale,P0022,6,cashier,success,order=ORD001007
TX000457,2025-02-10T22:44:00,sale,P0010,5,cashier,success,order=ORD000358
TX000458,2025-02-10T22:44:00,sale,P0003,4,cashier,success,order=ORD000358
TX000459,2025-02-10T22:44:00,sale,P0017,3,cashier,success,order=ORD000358
TX000460,2025-02-10T22:44:00,sale,P0038,3,cashier,success,order=ORD000358
TX000461,2025-02-11T04:48:00,sale,P0012,4,cashier,success,order=ORD000297
TX000462,2025-02-11T04:48:00,sale,P0076,2,cashier,success,order=ORD000297
TX000463,2025-02-12T00:58:00,sale,P0038,5,cashier,success,order=ORD000488
TX000464,2025-02-13T17:47:00,sale,P0087,3,cashier,success,order=ORD000266
TX000465,2025-02-13T19:35:00,sale,P0065,10,cashier,success,order=ORD000133
TX000466,2025-02-13T19:35:00,sale,P0026,8,cashier,success,order=ORD000133
TX000467,2025-02-13T19:35:00,sale,P0086,2,cashier,success,order=ORD000133
TX000468,2025-02-13T20:22:00,sale,P0048,9,cashier,success,order=ORD000965
TX000469,2025-02-13T20:22:00,sale,P0040,4,cashier,success,order=ORD000965
TX000470,2025-02-14T17:00:00,sale,P0067,15,cashier,success,order=ORD000794
TX000471,2025-02-14T17:00:00,sale,P0064,8,cashier,success,order=ORD000794
TX000472,2025-02-14T17:00:00,sale,P0084,9,cashier,success,order=ORD000794
TX000473,2025-02-14T17:00:00,sale,P0007,28,cashier,success,order=ORD000794
TX000474,2025-02-14T17:00:00,import,P0002,75,warehouse,success,restock
TX000475,2025-02-14T17:19:00,sale,P0064,7,cashier,success,order=ORD000066
TX000476,2025-02-14T17:19:00,sale,P0043,9,cashier,success,order=ORD000066
TX000477,2025-02-14T17:19:00,sale,P0006,10,cashier,success,order=ORD000066
TX000478,2025-02-14T22:43:00,sale,P0033,5,cashier,success,order=ORD000962
TX000479,2025-02-14T22:43:00,sale,P0048,2,cashier,success,order=ORD000962
TX000480,2025-02-14T22:43:00,sale,P0039,5,cashier,success,order=ORD000962
TX000481,2025-02-14T22:43:00,sale,P0009,5,cashier,success,order=ORD000962
TX000482,2025-02-14T23:16:00,sale,P0008,3,cashier,success,order=ORD000830
TX000483,2025-02-14T23:16:00,sale,P0065,4,cashier,success,order=ORD000830
TX000484,2025-02-15T22:52:00,sale,P0082,3,cashier,success,order=ORD001123
TX000485,2025-02-16T16:19:00,sale,P0069,3,cashier,success,order=ORD000108
TX000486,2025-02-16T16:19:00,sale,P0051,3,cashier,success,order=ORD000108
TX000487,2025-02-16T16:19:00,sale,P0008,7,cashier,success,order=ORD000108
TX000488,2025-02-16T16:24:00,sale,P0028,1,cashier,success,order=ORD000530
TX000489,2025-02-16T16:24:00,sale,P0056,1,cashier,success,order=ORD000530
TX000490,2025-02-16T16:27:00,sale,P0022,2,cashier,success,order=ORD000795
TX000491,2025-02-16T16:27:00,sale,P0005,2,cashier,success,order=ORD000795
TX000492,2025-02-16T16:27:00,sale,P0008,5,cashier,success,order=ORD000795
TX000493,2025-02-17T01:46:00,sale,P0089,1,cashier,success,order=ORD001117
TX000494,2025-02-17T01:46:00,sale,P0040,2,cashier,success,order=ORD001117
TX000495,2025-02-17T02:41:00,sale,P0047,4,cashier,success,order=ORD000768
TX000496,2025-02-17T02:41:00,sale,P0048,5,cashier,success,order=ORD000768
TX000497,2025-02-17T03:31:00,sale,P0048,23,cashier,success,order=ORD000843
TX000498,2025-02-17T03:31:00,sale,P0055,14,cashier,success,order=ORD000843
TX000499,2025-02-17T03:31:00,sale,P0006,15,cashier,success,order=ORD000843
TX000500,2025-02-17T03:31:00,sale,P0086,18,cashier,success,order=ORD000843
TX000501,2025-02-17T03:31:00,sale,P0079,24,cashier,success,order=ORD000843
TX000502,2025-02-17T04:44:00,sale,P0020,4,cashier,success,order=ORD000501
TX000503,2025-02-17T04:44:00,sale,P0052,5,cashier,success,order=ORD000501
TX000504,2025-02-17T20:03:00,sale,P0022,1,cashier,success,order=ORD001050
TX000505,2025-02-17T20:03:00,sale,P0049,5,cashier,success,order=ORD001050
TX000506,2025-02-17T20:03:00,sale,P0086,2,cashier,success,order=ORD001050
TX000507,2025-02-17T20:03:00,sale,P0058,4,cashier,success,order=ORD001050
TX000508,2025-02-17T20:14:00,sale,P0022,5,cashier,success,order=ORD000003
TX000509,2025-02-17T20:14:00,sale,P0058,4,cashier,success,order=ORD000003
TX000510,2025-02-18T17:00:00,import,P0078,14,warehouse,success,restock
TX000511,2025-02-18T18:00:00,sale,P0047,11,cashier,success,order=ORD000765
TX000512,2025-02-18T18:00:00,sale,P0048,26,cashier,success,order=ORD000765
TX000513,2025-02-18T18:00:00,sale,P0035,23,cashier,success,order=ORD000765
TX000514,2025-02-18T18:00:00,sale,P0003,19,cashier,success,order=ORD000765
TX000515,2025-02-18T18:00:00,sale,P0049,10,cashier,success,order=ORD000765
TX000516,2025-02-18T18:00:00,sale,P0078,19,cashier,success,order=ORD000765
TX000517,2025-02-18T22:06:00,sale,P0045,20,cashier,success,order=ORD001083
TX000518,2025-02-18T22:06:00,sale,P0019,27,cashier,success,order=ORD001083
TX000519,2025-02-18T22:06:00,sale,P0033,22,cashier,success,order=ORD001083
TX000520,2025-02-19T03:37:00,sale,P0018,9,cashier,success,order=ORD000656
TX000521,2025-02-19T03:37:00,sale,P0028,6,cashier,success,order=ORD000656
TX000522,2025-02-19T03:37:00,sale,P0029,8,cashier,success,order=ORD000656
TX000523,2025-02-19T04:56:00,sale,P0078,3,cashier,success,order=ORD000183
TX000524,2025-02-19T19:02:00,sale,P0082,2,cashier,success,order=ORD000616
TX000525,2025-02-19T19:02:00,sale,P0032,4,cashier,success,order=ORD000616
TX000526,2025-02-19T19:02:00,sale,P0006,3,cashier,success,order=ORD000616
TX000527,2025-02-19T19:02:00,sale,P0048,5,cashier,success,order=ORD000616
TX000528,2025-02-19T19:35:00,sale,P0069,5,cashier,success,order=ORD000644
TX000529,2025-02-19T19:35:00,sale,P0051,14,cashier,success,order=ORD000644
TX000530,2025-02-19T19:35:00,sale,P0083,28,cashier,success,order=ORD000644
TX000531,2025-02-19T19:35:00,sale,P0088,9,cashier,success,order=ORD000644
TX000532,2025-02-19T19:35:00,sale,P0084,8,cashier,success,order=ORD000644
TX000533,2025-02-19T23:11:00,sale,P0036,25,cashier,success,order=ORD000302
TX000534,2025-02-19T23:11:00,sale,P0053,7,cashier,success,order=ORD000302
TX000535,2025-02-20T04:07:00,sale,P0018,5,cashier,success,order=ORD000359
TX000536,2025-02-20T04:07:00,sale,P0017,5,cashier,success,order=ORD000359
TX000537,2025-02-20T04:07:00,sale,P0032,1,cashier,success,order=ORD000359
TX000538,2025-02-20T04:07:00,sale,P0006,5,cashier,success,order=ORD000359
TX000539,2025-02-20T04:07:00,sale,P0078,2,cashier,success,order=ORD000359
TX000540,2025-02-20T17:00:00,import,P0004,79,warehouse,success,restock
TX000541,2025-02-21T16:40:00,sale,P0048,28,cashier,success,order=ORD000720
TX000542,2025-02-21T16:40:00,sale,P0039,29,cashier,success,order=ORD000720
TX000543,2025-02-21T16:53:00,sale,P0035,3,cashier,success,order=ORD000451
TX000544,2025-02-21T16:53:00,sale,P0073,5,cashier,success,order=ORD000451
TX000545,2025-02-21T16:53:00,sale,P0074,4,cashier,success,order=ORD000451
TX000546,2025-02-21T16:53:00,sale,P0086,2,cashier,success,order=ORD000451
TX000547,2025-02-21T18:58:00,sale,P0015,9,cashier,success,order=ORD000678
TX000548,2025-02-21T18:58:00,sale,P0016,7,cashier,success,order=ORD000678
TX000549,2025-02-21T18:58:00,sale,P0068,9,cashier,success,order=ORD000678
TX000550,2025-02-21T18:58:00,sale,P0043,6,cashier,success,order=ORD000678
TX000551,2025-02-21T20:21:00,sale,P0003,3,cashier,success,order=ORD001008
TX000552,2025-02-21T20:21:00,sale,P0017,3,cashier,success,order=ORD001008
TX000553,2025-02-21T20:21:00,sale,P0011,5,cashier,success,order=ORD001008
TX000554,2025-02-21T20:21:00,sale,P0039,5,cashier,success,order=ORD001008
TX000555,2025-02-23T01:57:00,sale,P0037,1,cashier,success,order=ORD000908
TX000556,2025-02-23T17:00:00,import,P0055,39,warehouse,success,restock
TX000557,2025-02-23T18:54:00,sale,P0076,2,cashier,success,order=ORD000704
TX000558,2025-02-23T18:54:00,sale,P0010,1,cashier,success,order=ORD000704
TX000559,2025-02-23T23:47:00,sale,P0086,4,cashier,success,order=ORD000569
TX000560,2025-02-23T23:47:00,sale,P0009,4,cashier,success,order=ORD000569
TX000561,2025-02-23T23:47:00,sale,P0039,1,cashier,success,order=ORD000569
TX000562,2025-02-24T17:00:00,import,P0027,32,warehouse,success,restock
TX000563,2025-02-24T17:31:00,sale,P0055,5,cashier,success,order=ORD000327
TX000564,2025-02-24T17:31:00,sale,P0006,3,cashier,success,order=ORD000327
TX000565,2025-02-24T17:31:00,sale,P0043,1,cashier,success,order=ORD000327
TX000566,2025-02-24T18:53:00,sale,P0035,3,cashier,success,order=ORD000361
TX000567,2025-02-24T18:53:00,sale,P0019,1,cashier,success,order=ORD000361
TX000568,2025-02-24T21:09:00,sale,P0041,1,cashier,success,order=ORD000395
TX000569,2025-02-24T21:27:00,sale,P0018,23,cashier,success,order=ORD001187
TX000570,2025-02-24T21:27:00,sale,P0019,7,cashier,success,order=ORD001187
TX000571,2025-02-24T21:27:00,sale,P0035,17,cashier,success,order=ORD001187
TX000572,2025-02-24T21:27:00,sale,P0008,24,cashier,success,order=ORD001187
TX000573,2025-02-24T22:30:00,sale,P0039,3,cashier,success,order=ORD000834
TX000574,2025-02-25T17:00:00,import,P0007,76,warehouse,success,restock
TX000575,2025-02-25T17:00:00,import,P0070,57,warehouse,success,restock
TX000576,2025-02-25T21:45:00,sale,P0008,12,cashier,success,order=ORD001004
TX000577,2025-02-25T23:42:00,sale,P0015,2,cashier,success,order=ORD000526
TX000578,2025-02-25T23:42:00,sale,P0016,3,cashier,success,order=ORD000526
TX000579,2025-02-25T23:42:00,sale,P0038,2,cashier,success,order=ORD000526
TX000580,2025-02-25T23:42:00,sale,P0032,3,cashier,success,order=ORD000526
TX000581,2025-02-26T02:03:00,sale,P0088,5,cashier,success,order=ORD000592
TX000582,2025-02-26T02:03:00,sale,P0084,4,cashier,success,order=ORD000592
TX000583,2025-02-26T02:03:00,sale,P0006,1,cashier,success,order=ORD000592
TX000584,2025-02-26T02:03:00,sale,P0043,3,cashier,success,order=ORD000592
TX000585,2025-02-26T02:03:00,sale,P0025,2,cashier,success,order=ORD000592
TX000586,2025-02-26T16:58:00,sale,P0078,2,cashier,success,order=ORD000549
TX000587,2025-02-26T16:58:00,sale,P0076,2,cashier,success,order=ORD000549
TX000588,2025-02-26T16:58:00,sale,P0089,2,cashier,success,order=ORD000549
TX000589,2025-02-26T17:50:00,sale,P0072,2,cashier,success,order=ORD000412
TX000590,2025-02-26T17:50:00,sale,P0087,5,cashier,success,order=ORD000412
TX000591,2025-02-26T17:50:00,sale,P0076,1,cashier,success,order=ORD000412
TX000592,2025-02-26T17:50:00,sale,P0089,3,cashier,success,order=ORD000412
TX000593,2025-02-26T23:00:00,adjust,P0016,4,auditor,success,stocktake_shrinkage
TX000594,2025-02-27T04:10:00,sale,P0018,2,cashier,success,order=ORD000734
TX000595,2025-02-27T04:10:00,sale,P0019,9,cashier,success,order=ORD000734
TX000596,2025-02-27T17:42:00,sale,P0049,7,cashier,success,order=ORD000532
TX000597,2025-02-27T23:01:00,sale,P0074,3,cashier,success,order=ORD000731
TX000598,2025-02-27T23:10:00,sale,P0020,5,cashier,success,order=ORD000545
TX000599,2025-02-27T23:10:00,sale,P0087,4,cashier,success,order=ORD000545
TX000600,2025-02-27T23:10:00,sale,P0026,5,cashier,success,order=ORD000545
TX000601,2025-02-27T23:10:00,sale,P0008,4,cashier,success,order=ORD000545
TX000602,2025-02-27T23:10:00,sale,P0029,3,cashier,success,order=ORD000545
TX000603,2025-02-28T22:29:00,sale,P0011,3,cashier,success,order=ORD000357
TX000604,2025-02-28T22:29:00,sale,P0012,1,cashier,success,order=ORD000357
TX000605,2025-02-28T22:29:00,sale,P0002,2,cashier,success,order=ORD000357
TX000606,2025-02-28T22:29:00,sale,P0032,3,cashier,success,order=ORD000357
TX000607,2025-02-28T23:04:00,sale,P0088,30,cashier,success,order=ORD000026
TX000608,2025-03-02T03:09:00,sale,P0030,19,cashier,success,order=ORD000116
TX000609,2025-03-02T03:09:00,sale,P0072,7,cashier,success,order=ORD000116
TX000610,2025-03-02T04:24:00,sale,P0008,5,cashier,success,order=ORD000950
TX000611,2025-03-02T04:24:00,sale,P0059,7,cashier,success,order=ORD000950
TX000612,2025-03-02T18:17:00,sale,P0086,2,cashier,success,order=ORD000998
TX000613,2025-03-02T20:57:00,sale,P0073,5,cashier,success,order=ORD001019
TX000614,2025-03-02T20:57:00,sale,P0074,3,cashier,success,order=ORD001019
TX000615,2025-03-02T20:57:00,sale,P0032,4,cashier,success,order=ORD001019
TX000616,2025-03-02T20:57:00,sale,P0006,4,cashier,success,order=ORD001019
TX000617,2025-03-02T20:57:00,sale,P0083,1,cashier,success,order=ORD001019
TX000618,2025-03-03T03:54:00,sale,P0055,22,cashier,success,order=ORD000287
TX000619,2025-03-03T17:23:00,sale,P0039,26,cashier,success,order=ORD001102
TX000620,2025-03-03T17:23:00,sale,P0085,10,cashier,success,order=ORD001102
TX000621,2025-03-03T17:23:00,sale,P0049,21,cashier,success,order=ORD001102
TX000622,2025-03-04T00:22:00,sale,P0019,7,cashier,success,order=ORD000146
TX000623,2025-03-04T00:22:00,sale,P0028,5,cashier,success,order=ORD000146
TX000624,2025-03-04T00:22:00,sale,P0025,2,cashier,success,order=ORD000146
TX000625,2025-03-04T00:22:00,sale,P0012,6,cashier,success,order=ORD000146
TX000626,2025-03-04T00:22:00,sale,P0015,8,cashier,success,order=ORD000146
TX000627,2025-03-04T02:59:00,sale,P0088,5,cashier,success,order=ORD000427
TX000628,2025-03-04T02:59:00,sale,P0084,4,cashier,success,order=ORD000427
TX000629,2025-03-04T02:59:00,sale,P0018,4,cashier,success,order=ORD000427
TX000630,2025-03-04T16:15:00,sale,P0070,8,cashier,success,order=ORD000885
TX000631,2025-03-04T18:46:00,sale,P0025,7,cashier,success,order=ORD000433
TX000632,2025-03-04T18:46:00,sale,P0038,9,cashier,success,order=ORD000433
TX000633,2025-03-04T19:28:00,sale,P0070,2,cashier,success,order=ORD000413
TX000634,2025-03-04T19:28:00,sale,P0002,5,cashier,success,order=ORD000413
TX000635,2025-03-04T19:28:00,sale,P0042,2,cashier,success,order=ORD000413
TX000636,2025-03-04T19:28:00,sale,P0026,4,cashier,success,order=ORD000413
TX000637,2025-03-04T19:28:00,sale,P0016,4,cashier,success,order=ORD000413
TX000638,2025-03-05T00:51:00,sale,P0042,2,cashier,success,order=ORD000635
TX000639,2025-03-05T17:15:00,sale,P0020,3,cashier,success,order=ORD000850
TX000640,2025-03-05T17:15:00,sale,P0041,5,cashier,success,order=ORD000850
TX000641,2025-03-05T17:15:00,sale,P0042,2,cashier,success,order=ORD000850
TX000642,2025-03-05T17:15:00,sale,P0016,1,cashier,success,order=ORD000850
TX000643,2025-03-05T21:50:00,sale,P0037,12,cashier,success,order=ORD000570
TX000644,2025-03-05T21:50:00,sale,P0076,8,cashier,success,order=ORD000570
TX000645,2025-03-05T21:50:00,sale,P0067,2,cashier,success,order=ORD000570
TX000646,2025-03-05T21:50:00,sale,P0064,2,cashier,success,order=ORD000570
TX000647,2025-03-05T21:50:00,sale,P0034,7,cashier,success,order=ORD000570
TX000648,2025-03-05T22:01:00,sale,P0068,4,cashier,success,order=ORD000729
TX000649,2025-03-05T22:01:00,sale,P0035,1,cashier,success,order=ORD000729
TX000650,2025-03-06T03:47:00,sale,P0059,8,cashier,success,order=ORD000747
TX000651,2025-03-06T03:47:00,sale,P0018,21,cashier,success,order=ORD000747
TX000652,2025-03-06T03:47:00,sale,P0019,25,cashier,success,order=ORD000747
TX000653,2025-03-06T16:15:00,sale,P0028,7,cashier,success,order=ORD001131
TX000654,2025-03-06T17:00:00,import,P0072,32,warehouse,success,restock
TX000655,2025-03-07T02:55:00,sale,P0009,9,cashier,success,order=ORD000006
TX000656,2025-03-07T02:55:00,sale,P0002,3,cashier,success,order=ORD000006
TX000657,2025-03-07T02:55:00,sale,P0011,3,cashier,success,order=ORD000006
TX000658,2025-03-07T02:55:00,sale,P0043,12,cashier,success,order=ORD000006
TX000659,2025-03-07T02:55:00,sale,P0006,4,cashier,success,order=ORD000006
TX000660,2025-03-07T23:50:00,sale,P0077,19,cashier,success,order=ORD000498
TX000661,2025-03-07T23:55:00,sale,P0025,2,cashier,success,order=ORD000391
TX000662,2025-03-07T23:55:00,sale,P0032,4,cashier,success,order=ORD000391
TX000663,2025-03-07T23:55:00,sale,P0006,4,cashier,success,order=ORD000391
TX000664,2025-03-07T23:55:00,sale,P0083,2,cashier,success,order=ORD000391
TX000665,2025-03-07T23:55:00,sale,P0077,2,cashier,success,order=ORD000391
TX000666,2025-03-08T03:23:00,sale,P0032,5,cashier,success,order=ORD001109
TX000667,2025-03-08T03:23:00,sale,P0058,5,cashier,success,order=ORD001109
TX000668,2025-03-08T03:23:00,sale,P0019,2,cashier,success,order=ORD001109
TX000669,2025-03-08T03:23:00,sale,P0022,3,cashier,success,order=ORD001109
TX000670,2025-03-08T03:23:00,sale,P0016,2,cashier,success,order=ORD001109
TX000671,2025-03-08T04:00:00,sale,P0068,4,cashier,success,order=ORD000661
TX000672,2025-03-08T04:00:00,sale,P0043,5,cashier,success,order=ORD000661
TX000673,2025-03-08T18:55:00,sale,P0010,4,cashier,success,order=ORD000254
TX000674,2025-03-08T18:55:00,sale,P0058,2,cashier,success,order=ORD001000
TX000675,2025-03-08T18:55:00,sale,P0083,1,cashier,success,order=ORD001000
TX000676,2025-03-08T19:19:00,sale,P0063,12,cashier,success,order=ORD000465
TX000677,2025-03-08T19:19:00,sale,P0045,5,cashier,success,order=ORD000465
TX000678,2025-03-08T19:19:00,sale,P0054,4,cashier,success,order=ORD000465
TX000679,2025-03-08T21:54:00,sale,P0067,2,cashier,success,order=ORD000980
TX000680,2025-03-08T21:54:00,sale,P0064,1,cashier,success,order=ORD000980
TX000681,2025-03-08T21:54:00,sale,P0033,1,cashier,success,order=ORD000980
TX000682,2025-03-08T21:54:00,sale,P0006,5,cashier,success,order=ORD000980
TX000683,2025-03-09T03:32:00,sale,P0012,4,cashier,success,order=ORD000422
TX000684,2025-03-09T03:32:00,sale,P0019,3,cashier,success,order=ORD000422
TX000685,2025-03-09T03:32:00,sale,P0042,1,cashier,success,order=ORD000422
TX000686,2025-03-09T03:32:00,sale,P0068,1,cashier,success,order=ORD000422
TX000687,2025-03-09T17:01:00,sale,P0078,2,cashier,success,order=ORD000221
TX000688,2025-03-09T17:01:00,sale,P0079,5,cashier,success,order=ORD000221
TX000689,2025-03-09T19:46:00,sale,P0045,3,cashier,success,order=ORD000178
TX000690,2025-03-10T16:22:00,sale,P0076,2,cashier,success,order=ORD000058
TX000691,2025-03-10T16:22:00,sale,P0089,4,cashier,success,order=ORD000058
TX000692,2025-03-10T16:22:00,sale,P0072,2,cashier,success,order=ORD000058
TX000693,2025-03-10T19:26:00,sale,P0038,11,cashier,success,order=ORD000867
TX000694,2025-03-10T19:26:00,sale,P0076,7,cashier,success,order=ORD000867
TX000695,2025-03-10T19:26:00,sale,P0089,6,cashier,success,order=ORD000867
TX000696,2025-03-10T20:11:00,sale,P0076,2,cashier,success,order=ORD000385
TX000697,2025-03-10T20:11:00,sale,P0018,12,cashier,success,order=ORD000385
TX000698,2025-03-10T20:11:00,sale,P0019,3,cashier,success,order=ORD000385
TX000699,2025-03-10T20:11:00,sale,P0017,4,cashier,success,order=ORD000385
TX000700,2025-03-10T21:55:00,sale,P0062,1,cashier,success,order=ORD000759
TX000701,2025-03-10T21:55:00,sale,P0052,3,cashier,success,order=ORD000759
TX000702,2025-03-10T21:55:00,sale,P0059,5,cashier,success,order=ORD000759
TX000703,2025-03-10T21:55:00,sale,P0085,3,cashier,success,order=ORD000759
TX000704,2025-03-11T02:43:00,sale,P0048,11,cashier,success,order=ORD000131
TX000705,2025-03-11T20:20:00,sale,P0061,30,cashier,success,order=ORD000111
TX000706,2025-03-11T20:20:00,sale,P0043,17,cashier,success,order=ORD000111
TX000707,2025-03-11T20:20:00,sale,P0006,30,cashier,success,order=ORD000111
TX000708,2025-03-11T20:20:00,sale,P0036,8,cashier,success,order=ORD000111
TX000709,2025-03-11T23:31:00,sale,P0090,1,cashier,success,order=ORD000521
TX000710,2025-03-11T23:31:00,sale,P0081,3,cashier,success,order=ORD000521
TX000711,2025-03-12T21:01:00,sale,P0009,10,cashier,success,order=ORD000954
TX000712,2025-03-12T21:01:00,sale,P0079,24,cashier,success,order=ORD000954
TX000713,2025-03-12T21:11:00,sale,P0032,6,cashier,success,order=ORD000763
TX000714,2025-03-12T21:59:00,sale,P0042,25,cashier,success,order=ORD000824
TX000715,2025-03-12T21:59:00,sale,P0069,15,cashier,success,order=ORD000824
TX000716,2025-03-13T18:06:00,sale,P0086,8,cashier,success,order=ORD000811
TX000717,2025-03-13T18:06:00,sale,P0022,3,cashier,success,order=ORD000811
TX000718,2025-03-13T18:30:00,sale,P0070,4,cashier,success,order=ORD000746
TX000719,2025-03-13T18:30:00,sale,P0075,2,cashier,success,order=ORD000746
TX000720,2025-03-13T18:30:00,sale,P0087,3,cashier,success,order=ORD000746
TX000721,2025-03-13T19:32:00,sale,P0087,3,cashier,success,order=ORD000879
TX000722,2025-03-13T19:32:00,sale,P0084,1,cashier,success,order=ORD000879
TX000723,2025-03-13T19:32:00,sale,P0064,5,cashier,success,order=ORD000879
TX000724,2025-03-14T01:58:00,sale,P0022,4,cashier,success,order=ORD000604
TX000725,2025-03-14T01:58:00,sale,P0046,1,cashier,success,order=ORD000604
TX000726,2025-03-14T17:15:00,sale,P0050,9,cashier,success,order=ORD000551
TX000727,2025-03-14T20:17:00,sale,P0070,3,cashier,success,order=ORD000903
TX000728,2025-03-14T20:33:00,sale,P0074,2,cashier,success,order=ORD000663
TX000729,2025-03-14T20:33:00,sale,P0087,4,cashier,success,order=ORD000663
TX000730,2025-03-14T20:33:00,sale,P0033,4,cashier,success,order=ORD000663
TX000731,2025-03-14T22:39:00,sale,P0047,6,cashier,success,order=ORD000659
TX000732,2025-03-14T22:39:00,sale,P0069,23,cashier,success,order=ORD000659
TX000733,2025-03-14T22:39:00,sale,P0051,5,cashier,success,order=ORD000659
TX000734,2025-03-14T22:39:00,sale,P0045,11,cashier,success,order=ORD000659
TX000735,2025-03-16T04:29:00,sale,P0049,3,cashier,success,order=ORD000096
TX000736,2025-03-16T04:29:00,sale,P0088,2,cashier,success,order=ORD000096
TX000737,2025-03-16T04:29:00,sale,P0013,4,cashier,success,order=ORD000096
TX000738,2025-03-16T04:29:00,sale,P0022,5,cashier,success,order=ORD000096
TX000739,2025-03-16T17:00:00,import,P0048,22,warehouse,success,restock
TX000740,2025-03-16T17:17:00,sale,P0025,3,cashier,success,order=ORD001027
TX000741,2025-03-16T18:30:00,sale,P0030,5,cashier,success,order=ORD000446
TX000742,2025-03-16T18:30:00,sale,P0033,1,cashier,success,order=ORD000446
TX000743,2025-03-16T18:30:00,sale,P0006,2,cashier,success,order=ORD000446
TX000744,2025-03-17T03:45:00,sale,P0006,5,cashier,success,order=ORD000864
TX000745,2025-03-17T03:45:00,sale,P0043,5,cashier,success,order=ORD000864
TX000746,2025-03-17T03:45:00,sale,P0056,3,cashier,success,order=ORD000864
TX000747,2025-03-17T19:19:00,sale,P0003,1,cashier,success,order=ORD000727
TX000748,2025-03-17T21:18:00,sale,P0015,1,cashier,success,order=ORD000345
TX000749,2025-03-17T21:18:00,sale,P0063,3,cashier,success,order=ORD000345
TX000750,2025-03-17T21:18:00,sale,P0045,4,cashier,success,order=ORD000345
TX000751,2025-03-18T03:25:00,sale,P0018,6,cashier,success,order=ORD000416
TX000752,2025-03-18T03:25:00,sale,P0019,10,cashier,success,order=ORD000416
TX000753,2025-03-18T03:25:00,sale,P0073,4,cashier,success,order=ORD000416
TX000754,2025-03-18T16:37:00,sale,P0042,2,cashier,success,order=ORD000558
TX000755,2025-03-18T16:37:00,sale,P0079,5,cashier,success,order=ORD000558
TX000756,2025-03-18T16:37:00,sale,P0089,5,cashier,success,order=ORD000558
TX000757,2025-03-18T16:37:00,sale,P0015,3,cashier,success,order=ORD000558
TX000758,2025-03-18T17:00:00,import,P0019,44,warehouse,success,restock
TX000759,2025-03-19T01:36:00,sale,P0045,1,cashier,success,order=ORD000967
TX000760,2025-03-19T01:36:00,sale,P0064,5,cashier,success,order=ORD000967
TX000761,2025-03-19T01:36:00,sale,P0015,2,cashier,success,order=ORD000967
TX000762,2025-03-19T01:36:00,sale,P0028,2,cashier,success,order=ORD000967
TX000763,2025-03-19T20:19:00,sale,P0076,3,cashier,success,order=ORD000684
TX000764,2025-03-19T20:19:00,sale,P0089,1,cashier,success,order=ORD000684
TX000765,2025-03-19T20:19:00,sale,P0088,4,cashier,success,order=ORD000684
TX000766,2025-03-19T20:19:00,sale,P0084,3,cashier,success,order=ORD000684
TX000767,2025-03-19T21:06:00,sale,P0055,1,cashier,success,order=ORD001146
TX000768,2025-03-19T21:06:00,sale,P0023,2,cashier,success,order=ORD001146
TX000769,2025-03-20T01:20:00,sale,P0059,2,cashier,success,order=ORD001152
TX000770,2025-03-20T01:20:00,sale,P0052,2,cashier,success,order=ORD001152
TX000771,2025-03-20T01:55:00,sale,P0005,8,cashier,success,order=ORD000743
TX000772,2025-03-20T01:55:00,sale,P0048,25,cashier,success,order=ORD000743
TX000773,2025-03-20T21:50:00,sale,P0003,1,cashier,success,order=ORD000515
TX000774,2025-03-20T21:50:00,sale,P0008,3,cashier,success,order=ORD000515
TX000775,2025-03-20T21:55:00,sale,P0085,28,cashier,success,order=ORD000777
TX000776,2025-03-20T21:55:00,sale,P0032,19,cashier,success,order=ORD000777
TX000777,2025-03-20T21:55:00,sale,P0006,12,cashier,success,order=ORD000777
TX000778,2025-03-20T21:55:00,sale,P0058,14,cashier,success,order=ORD000777
TX000779,2025-03-20T21:55:00,sale,P0035,9,cashier,success,order=ORD000777
TX000780,2025-03-20T21:55:00,sale,P0015,15,cashier,success,order=ORD000777
TX000781,2025-03-20T21:55:00,sale,P0016,26,cashier,success,order=ORD000777
TX000782,2025-03-22T01:02:00,sale,P0055,5,cashier,success,order=ORD000983
TX000783,2025-03-22T01:02:00,sale,P0046,1,cashier,success,order=ORD000983
TX000784,2025-03-23T02:24:00,sale,P0038,2,cashier,success,order=ORD000784
TX000785,2025-03-23T02:24:00,sale,P0087,3,cashier,success,order=ORD000784
TX000786,2025-03-23T02:24:00,sale,P0003,2,cashier,success,order=ORD000784
TX000787,2025-03-23T02:24:00,sale,P0017,5,cashier,success,order=ORD000784
TX000788,2025-03-23T02:24:00,sale,P0050,1,cashier,success,order=ORD000784
TX000789,2025-03-23T17:00:00,import,P0058,18,warehouse,success,restock
TX000790,2025-03-23T19:06:00,sale,P0045,2,cashier,success,order=ORD000613
TX000791,2025-03-23T19:06:00,sale,P0060,4,cashier,success,order=ORD000613
TX000792,2025-03-23T19:06:00,sale,P0029,3,cashier,success,order=ORD000613
TX000793,2025-03-23T23:24:00,sale,P0019,4,cashier,success,order=ORD000300
TX000794,2025-03-24T04:36:00,sale,P0076,1,cashier,success,order=ORD000825
TX000795,2025-03-24T04:36:00,sale,P0089,5,cashier,success,order=ORD000825
TX000796,2025-03-24T18:19:00,sale,P0016,3,cashier,success,order=ORD000576
TX000797,2025-03-24T20:28:00,sale,P0014,4,cashier,success,order=ORD000053
TX000798,2025-03-24T20:28:00,sale,P0039,5,cashier,success,order=ORD000053
TX000799,2025-03-24T20:28:00,sale,P0087,4,cashier,success,order=ORD000053
TX000800,2025-03-24T20:28:00,sale,P0020,1,cashier,success,order=ORD000053
TX000801,2025-03-24T23:26:00,sale,P0038,5,cashier,success,order=ORD001126
TX000802,2025-03-24T23:26:00,sale,P0022,3,cashier,success,order=ORD001126
TX000803,2025-03-24T23:26:00,sale,P0008,3,cashier,success,order=ORD001126
TX000804,2025-03-25T18:38:00,sale,P0029,2,cashier,success,order=ORD001059
TX000805,2025-03-25T18:38:00,sale,P0052,5,cashier,success,order=ORD001059
TX000806,2025-03-25T18:38:00,sale,P0059,3,cashier,success,order=ORD001059
TX000807,2025-03-25T18:38:00,sale,P0075,1,cashier,success,order=ORD001059
TX000808,2025-03-25T18:38:00,sale,P0079,5,cashier,success,order=ORD001059
TX000809,2025-03-25T19:14:00,sale,P0070,2,cashier,success,order=ORD000274
TX000810,2025-03-26T01:30:00,sale,P0058,1,cashier,success,order=ORD000871
TX000811,2025-03-26T01:30:00,sale,P0071,3,cashier,success,order=ORD000871
TX000812,2025-03-26T01:30:00,sale,P0085,2,cashier,success,order=ORD000871
TX000813,2025-03-26T01:30:00,sale,P0006,4,cashier,success,order=ORD000871
TX000814,2025-03-26T01:30:00,sale,P0043,2,cashier,success,order=ORD000871
TX000815,2025-03-26T03:29:00,sale,P0089,1,cashier,success,order=ORD000392
TX000816,2025-03-26T03:29:00,sale,P0005,1,cashier,success,order=ORD000392
TX000817,2025-03-28T02:56:00,sale,P0076,1,cashier,success,order=ORD000157
TX000818,2025-03-28T02:56:00,sale,P0066,4,cashier,success,order=ORD000157
TX000819,2025-03-28T02:56:00,sale,P0030,4,cashier,success,order=ORD000157
TX000820,2025-03-28T02:56:00,sale,P0002,4,cashier,success,order=ORD000157
TX000821,2025-03-28T02:56:00,sale,P0011,4,cashier,success,order=ORD000157
TX000822,2025-03-28T02:56:00,sale,P0061,2,cashier,success,order=ORD000157
TX000823,2025-03-28T23:00:00,sale,P0071,4,cashier,success,order=ORD000490
TX000824,2025-03-29T17:53:00,sale,P0004,5,cashier,success,order=ORD001171
TX000825,2025-03-29T17:53:00,sale,P0036,5,cashier,success,order=ORD001171
TX000826,2025-03-29T17:53:00,sale,P0088,1,cashier,success,order=ORD001171
TX000827,2025-03-29T17:53:00,sale,P0084,5,cashier,success,order=ORD001171
TX000828,2025-03-29T18:58:00,sale,P0015,23,cashier,success,order=ORD001151
TX000829,2025-03-29T18:58:00,sale,P0016,23,cashier,success,order=ORD001151
TX000830,2025-03-29T18:58:00,sale,P0081,7,cashier,success,order=ORD001151
TX000831,2025-03-29T18:58:00,sale,P0082,29,cashier,success,order=ORD001151
TX000832,2025-03-30T17:00:00,import,P0041,36,warehouse,success,restock
TX000833,2025-03-30T17:55:00,sale,P0005,4,cashier,success,order=ORD001130
TX000834,2025-03-30T17:55:00,sale,P0029,4,cashier,success,order=ORD001130
TX000835,2025-03-30T19:43:00,sale,P0064,19,cashier,success,order=ORD000579
TX000836,2025-03-30T19:43:00,sale,P0088,28,cashier,success,order=ORD000579
TX000837,2025-03-30T19:43:00,sale,P0084,15,cashier,success,order=ORD000579
TX000838,2025-03-30T19:43:00,sale,P0073,24,cashier,success,order=ORD000579
TX000839,2025-03-31T17:00:00,sale,P0062,3,cashier,success,order=ORD000138
TX000840,2025-03-31T17:00:00,sale,P0049,1,cashier,success,order=ORD000138
TX000841,2025-03-31T17:00:00,sale,P0087,4,cashier,success,order=ORD000138
TX000842,2025-03-31T17:00:00,sale,P0047,1,cashier,success,order=ORD000138
TX000843,2025-03-31T19:17:00,sale,P0023,8,cashier,success,order=ORD000380
TX000844,2025-03-31T19:17:00,sale,P0052,5,cashier,success,order=ORD000380
TX000845,2025-03-31T19:17:00,sale,P0059,4,cashier,success,order=ORD000380
TX000846,2025-03-31T20:03:00,sale,P0038,3,cashier,success,order=ORD000032
TX000847,2025-03-31T23:07:00,sale,P0041,3,cashier,success,order=ORD000233
TX000848,2025-03-31T23:07:00,sale,P0002,4,cashier,success,order=ORD000233
TX000849,2025-03-31T23:07:00,sale,P0011,2,cashier,success,order=ORD000233
TX000850,2025-03-31T23:07:00,sale,P0052,2,cashier,success,order=ORD000233
TX000851,2025-03-31T23:07:00,sale,P0059,3,cashier,success,order=ORD000233
TX000852,2025-03-31T23:18:00,sale,P0005,4,cashier,success,order=ORD000832
TX000853,2025-03-31T23:18:00,sale,P0053,4,cashier,success,order=ORD000832
TX000854,2025-03-31T23:18:00,sale,P0038,2,cashier,success,order=ORD000832
TX000855,2025-03-31T23:18:00,sale,P0060,2,cashier,success,order=ORD000832
TX000856,2025-03-31T23:33:00,sale,P0085,4,cashier,success,order=ORD000012
TX000857,2025-03-31T23:33:00,sale,P0017,1,cashier,success,order=ORD000012
TX000858,2025-03-31T23:33:00,sale,P0052,4,cashier,success,order=ORD000012
TX000859,2025-04-01T02:38:00,sale,P0025,12,cashier,success,order=ORD000212
TX000860,2025-04-01T03:07:00,sale,P0015,4,cashier,success,order=ORD000859
TX000861,2025-04-01T03:07:00,sale,P0005,4,cashier,success,order=ORD000859
TX000862,2025-04-01T03:07:00,sale,P0089,5,cashier,success,order=ORD000859
TX000863,2025-04-01T03:07:00,sale,P0086,5,cashier,success,order=ORD000859
TX000864,2025-04-02T03:37:00,sale,P0076,4,cashier,success,order=ORD000192
TX000865,2025-04-02T03:37:00,sale,P0089,5,cashier,success,order=ORD000192
TX000866,2025-04-02T20:21:00,sale,P0013,6,cashier,success,order=ORD000929
TX000867,2025-04-02T20:21:00,sale,P0055,11,cashier,success,order=ORD000929
TX000868,2025-04-02T20:21:00,sale,P0062,29,cashier,success,order=ORD000929
TX000869,2025-04-03T01:36:00,sale,P0088,2,cashier,success,order=ORD000215
TX000870,2025-04-03T01:36:00,sale,P0043,2,cashier,success,order=ORD000215
TX000871,2025-04-03T01:36:00,sale,P0006,3,cashier,success,order=ORD000215
TX000872,2025-04-03T01:36:00,sale,P0019,4,cashier,success,order=ORD000215
TX000873,2025-04-03T03:08:00,sale,P0018,5,cashier,success,order=ORD001106
TX000874,2025-04-03T03:08:00,sale,P0019,12,cashier,success,order=ORD001106
TX000875,2025-04-03T16:27:00,sale,P0029,11,cashier,success,order=ORD001153
TX000876,2025-04-03T16:27:00,sale,P0024,22,cashier,success,order=ORD001153
TX000877,2025-04-03T19:21:00,sale,P0043,5,cashier,success,order=ORD000050
TX000878,2025-04-03T19:21:00,sale,P0006,4,cashier,success,order=ORD000050
TX000879,2025-04-03T19:21:00,sale,P0013,2,cashier,success,order=ORD000050
TX000880,2025-04-03T19:21:00,sale,P0008,2,cashier,success,order=ORD000050
TX000881,2025-04-03T19:21:00,sale,P0078,3,cashier,success,order=ORD000050
TX000882,2025-04-03T19:21:00,sale,P0079,2,cashier,success,order=ORD000050
TX000883,2025-04-03T22:01:00,sale,P0028,7,cashier,success,order=ORD000428
TX000884,2025-04-03T22:01:00,sale,P0023,18,cashier,success,order=ORD000428
TX000885,2025-04-03T22:01:00,sale,P0011,6,cashier,success,order=ORD000428
TX000886,2025-04-03T22:01:00,sale,P0009,15,cashier,success,order=ORD000428
TX000887,2025-04-03T22:58:00,sale,P0070,1,cashier,success,order=ORD000394
TX000888,2025-04-04T02:49:00,sale,P0087,1,cashier,success,order=ORD000112
TX000889,2025-04-04T02:49:00,sale,P0042,4,cashier,success,order=ORD000112
TX000890,2025-04-04T16:19:00,sale,P0005,5,cashier,success,order=ORD001157
TX000891,2025-04-04T16:19:00,sale,P0015,1,cashier,success,order=ORD001157
TX000892,2025-04-04T16:19:00,sale,P0016,5,cashier,success,order=ORD001157
TX000893,2025-04-04T16:19:00,sale,P0019,4,cashier,success,order=ORD001157
TX000894,2025-04-04T23:00:00,sale,P0088,4,cashier,success,order=ORD000715
TX000895,2025-04-04T23:00:00,sale,P0084,5,cashier,success,order=ORD000715
TX000896,2025-04-04T23:00:00,sale,P0015,1,cashier,success,order=ORD000715
TX000897,2025-04-04T23:00:00,sale,P0016,5,cashier,success,order=ORD000715
TX000898,2025-04-05T03:05:00,sale,P0045,3,cashier,success,order=ORD001112
TX000899,2025-04-05T03:05:00,sale,P0073,2,cashier,success,order=ORD001112
TX000900,2025-04-05T03:05:00,sale,P0085,2,cashier,success,order=ORD001112
TX000901,2025-04-05T03:05:00,sale,P0069,2,cashier,success,order=ORD001112
TX000902,2025-04-05T03:05:00,sale,P0051,1,cashier,success,order=ORD001112
TX000903,2025-04-05T03:05:00,sale,P0023,2,cashier,success,order=ORD001112
TX000904,2025-04-05T03:28:00,sale,P0058,5,cashier,success,order=ORD000984
TX000905,2025-04-05T03:28:00,sale,P0016,1,cashier,success,order=ORD000984
TX000906,2025-04-05T03:28:00,sale,P0040,2,cashier,success,order=ORD000984
TX000907,2025-04-05T03:28:00,sale,P0019,5,cashier,success,order=ORD000984
TX000908,2025-04-05T03:28:00,sale,P0039,4,cashier,success,order=ORD000984
TX000909,2025-04-05T03:59:00,sale,P0022,2,cashier,success,order=ORD000711
TX000910,2025-04-05T03:59:00,sale,P0061,2,cashier,success,order=ORD000711
TX000911,2025-04-05T03:59:00,sale,P0040,1,cashier,success,order=ORD000711
TX000912,2025-04-05T04:48:00,sale,P0089,10,cashier,success,order=ORD000492
TX000913,2025-04-05T19:53:00,sale,P0024,1,cashier,success,order=ORD000608
TX000914,2025-04-05T19:53:00,sale,P0055,2,cashier,success,order=ORD000608
TX000915,2025-04-05T19:53:00,sale,P0039,5,cashier,success,order=ORD000608
TX000916,2025-04-06T02:32:00,sale,P0052,1,cashier,success,order=ORD000632
TX000917,2025-04-06T02:32:00,sale,P0059,3,cashier,success,order=ORD000632
TX000918,2025-04-06T02:32:00,sale,P0064,5,cashier,success,order=ORD000632
TX000919,2025-04-06T02:32:00,sale,P0006,5,cashier,success,order=ORD000632
TX000920,2025-04-06T02:32:00,sale,P0024,2,cashier,success,order=ORD000632
TX000921,2025-04-06T17:00:00,sale,P0057,8,cashier,success,order=ORD000959
TX000922,2025-04-06T17:00:00,sale,P0079,10,cashier,success,order=ORD000959
TX000923,2025-04-06T17:00:00,sale,P0052,9,cashier,success,order=ORD000959
TX000924,2025-04-06T19:11:00,sale,P0089,1,cashier,success,order=ORD000402
TX000925,2025-04-06T19:11:00,sale,P0086,1,cashier,success,order=ORD000402
TX000926,2025-04-07T03:08:00,sale,P0017,11,cashier,success,order=ORD000491
TX000927,2025-04-07T17:00:00,import,P0082,69,warehouse,success,restock
TX000928,2025-04-07T19:44:00,sale,P0001,1,cashier,success,order=ORD000821
TX000929,2025-04-07T19:44:00,sale,P0079,1,cashier,success,order=ORD000821
TX000930,2025-04-07T23:13:00,sale,P0036,5,cashier,success,order=ORD000167
TX000931,2025-04-07T23:13:00,sale,P0043,5,cashier,success,order=ORD000167
TX000932,2025-04-07T23:13:00,sale,P0006,2,cashier,success,order=ORD000167
TX000933,2025-04-07T23:13:00,sale,P0034,1,cashier,success,order=ORD000167
TX000934,2025-04-08T00:16:00,sale,P0084,3,cashier,success,order=ORD000887
TX000935,2025-04-08T00:16:00,sale,P0055,5,cashier,success,order=ORD000887
TX000936,2025-04-08T00:16:00,sale,P0088,3,cashier,success,order=ORD000887
TX000937,2025-04-08T00:23:00,sale,P0045,4,cashier,success,order=ORD000014
TX000938,2025-04-08T00:23:00,sale,P0039,1,cashier,success,order=ORD000014
TX000939,2025-04-08T00:23:00,sale,P0005,2,cashier,success,order=ORD000014
TX000940,2025-04-08T03:14:00,sale,P0031,17,cashier,success,order=ORD001093
TX000941,2025-04-08T03:14:00,sale,P0006,8,cashier,success,order=ORD001093
TX000942,2025-04-08T03:14:00,sale,P0054,9,cashier,success,order=ORD001093
TX000943,2025-04-08T04:39:00,sale,P0013,4,cashier,success,order=ORD000844
TX000944,2025-04-08T04:39:00,sale,P0070,2,cashier,success,order=ORD000844
TX000945,2025-04-08T04:39:00,sale,P0027,3,cashier,success,order=ORD000844
TX000946,2025-04-08T04:39:00,sale,P0060,2,cashier,success,order=ORD000844
TX000947,2025-04-08T04:48:00,sale,P0059,1,cashier,success,order=ORD000097
TX000948,2025-04-08T04:48:00,sale,P0019,2,cashier,success,order=ORD000097
TX000949,2025-04-08T21:22:00,sale,P0003,19,cashier,success,order=ORD000265
TX000950,2025-04-08T21:22:00,sale,P0017,12,cashier,success,order=ORD000265
TX000951,2025-04-08T21:22:00,sale,P0089,16,cashier,success,order=ORD000265
TX000952,2025-04-08T22:10:00,sale,P0067,1,cashier,success,order=ORD001135
TX000953,2025-04-08T22:10:00,sale,P0064,4,cashier,success,order=ORD001135
TX000954,2025-04-08T22:10:00,sale,P0023,4,cashier,success,order=ORD001135
TX000955,2025-04-08T22:10:00,sale,P0028,1,cashier,success,order=ORD001135
TX000956,2025-04-08T22:10:00,sale,P0026,3,cashier,success,order=ORD001135
TX000957,2025-04-09T04:43:00,sale,P0023,5,cashier,success,order=ORD001150
TX000958,2025-04-09T04:43:00,sale,P0062,3,cashier,success,order=ORD001150
TX000959,2025-04-09T04:43:00,sale,P0049,4,cashier,success,order=ORD001150
TX000960,2025-04-10T00:17:00,sale,P0084,28,cashier,success,order=ORD000791
TX000961,2025-04-10T00:17:00,sale,P0003,26,cashier,success,order=ORD000791
TX000962,2025-04-10T00:17:00,sale,P0017,22,cashier,success,order=ORD000791
TX000963,2025-04-10T00:17:00,sale,P0016,24,cashier,success,order=ORD000791
TX000964,2025-04-10T00:17:00,sale,P0058,23,cashier,success,order=ORD000791
TX000965,2025-04-10T00:17:00,sale,P0062,17,cashier,success,order=ORD000791
TX000966,2025-04-10T00:17:00,sale,P0049,20,cashier,success,order=ORD000791
TX000967,2025-04-10T00:24:00,sale,P0028,14,cashier,success,order=ORD000452
TX000968,2025-04-10T00:24:00,sale,P0038,6,cashier,success,order=ORD000452
TX000969,2025-04-10T00:24:00,sale,P0056,13,cashier,success,order=ORD000452
TX000970,2025-04-10T16:24:00,sale,P0073,3,cashier,success,order=ORD001043
TX000971,2025-04-10T16:24:00,sale,P0074,1,cashier,success,order=ORD001043
TX000972,2025-04-10T16:24:00,sale,P0064,4,cashier,success,order=ORD001043
TX000973,2025-04-10T16:24:00,sale,P0045,5,cashier,success,order=ORD001043
TX000974,2025-04-11T02:39:00,sale,P0029,5,cashier,success,order=ORD000671
TX000975,2025-04-11T02:39:00,sale,P0059,1,cashier,success,order=ORD000671
TX000976,2025-04-11T02:39:00,sale,P0083,1,cashier,success,order=ORD000671
TX000977,2025-04-12T02:21:00,sale,P0068,5,cashier,success,order=ORD000458
TX000978,2025-04-12T02:21:00,sale,P0078,3,cashier,success,order=ORD000458
TX000979,2025-04-12T02:21:00,sale,P0079,3,cashier,success,order=ORD000458
TX000980,2025-04-12T03:57:00,sale,P0074,5,cashier,success,order=ORD000143
TX000981,2025-04-12T03:57:00,sale,P0015,28,cashier,success,order=ORD000143
TX000982,2025-04-12T19:18:00,sale,P0080,1,cashier,success,order=ORD000450
TX000983,2025-04-12T23:45:00,sale,P0009,2,cashier,success,order=ORD000529
TX000984,2025-04-12T23:45:00,sale,P0066,3,cashier,success,order=ORD000529
TX000985,2025-04-12T23:45:00,sale,P0055,4,cashier,success,order=ORD000529
TX000986,2025-04-13T20:08:00,sale,P0018,4,cashier,success,order=ORD000602
TX000987,2025-04-13T20:08:00,sale,P0019,1,cashier,success,order=ORD000602
TX000988,2025-04-13T20:08:00,sale,P0027,4,cashier,success,order=ORD000602
TX000989,2025-04-14T01:25:00,sale,P0075,4,cashier,success,order=ORD001006
TX000990,2025-04-14T04:13:00,sale,P0039,1,cashier,success,order=ORD000719
TX000991,2025-04-14T04:13:00,sale,P0025,4,cashier,success,order=ORD000719
TX000992,2025-04-14T04:13:00,sale,P0008,5,cashier,success,order=ORD000719
TX000993,2025-04-14T18:17:00,sale,P0024,1,cashier,success,order=ORD000377
TX000994,2025-04-15T03:18:00,sale,P0007,3,cashier,success,order=ORD000288
TX000995,2025-04-15T03:18:00,sale,P0043,5,cashier,success,order=ORD000288
TX000996,2025-04-15T03:18:00,sale,P0048,1,cashier,success,order=ORD000288
TX000997,2025-04-15T16:21:00,sale,P0046,18,cashier,success,order=ORD001184
TX000998,2025-04-16T02:02:00,sale,P0065,3,cashier,success,order=ORD000478
TX000999,2025-04-16T04:34:00,sale,P0076,5,cashier,success,order=ORD000196
TX001000,2025-04-16T04:34:00,sale,P0089,5,cashier,success,order=ORD000196
TX001001,2025-04-16T20:41:00,sale,P0003,1,cashier,success,order=ORD000170
TX001002,2025-04-16T20:41:00,sale,P0070,5,cashier,success,order=ORD000170
TX001003,2025-04-16T23:00:00,adjust,P0078,2,auditor,success,stocktake_shrinkage
TX001004,2025-04-17T00:45:00,sale,P0028,2,cashier,success,order=ORD000346
TX001005,2025-04-17T01:13:00,sale,P0026,4,cashier,success,order=ORD000388
TX001006,2025-04-17T01:13:00,sale,P0059,4,cashier,success,order=ORD000388
TX001007,2025-04-17T01:13:00,sale,P0038,4,cashier,success,order=ORD000388
TX001008,2025-04-17T01:13:00,sale,P0037,3,cashier,success,order=ORD000388
TX001009,2025-04-17T01:13:00,sale,P0014,2,cashier,success,order=ORD000388
TX001010,2025-04-17T01:29:00,sale,P0060,5,cashier,success,order=ORD000702
TX001011,2025-04-17T01:29:00,sale,P0039,5,cashier,success,order=ORD000702
TX001012,2025-04-17T03:07:00,sale,P0002,2,cashier,success,order=ORD000772
TX001013,2025-04-17T03:07:00,sale,P0011,5,cashier,success,order=ORD000772
TX001014,2025-04-17T03:07:00,sale,P0076,4,cashier,success,order=ORD000772
TX001015,2025-04-17T03:07:00,sale,P0089,3,cashier,success,order=ORD000772
TX001016,2025-04-17T03:37:00,sale,P0083,6,cashier,success,order=ORD000089
TX001017,2025-04-17T03:37:00,sale,P0039,26,cashier,success,order=ORD000089
TX001018,2025-04-17T16:51:00,sale,P0073,5,cashier,success,order=ORD001003
TX001019,2025-04-17T16:51:00,sale,P0009,1,cashier,success,order=ORD001003
TX001020,2025-04-17T16:51:00,sale,P0036,4,cashier,success,order=ORD001003
TX001021,2025-04-17T16:51:00,sale,P0070,5,cashier,success,order=ORD001003
TX001022,2025-04-17T19:37:00,sale,P0032,5,cashier,success,order=ORD000814
TX001023,2025-04-17T19:37:00,sale,P0006,5,cashier,success,order=ORD000814
TX001024,2025-04-17T19:37:00,sale,P0079,5,cashier,success,order=ORD000814
TX001025,2025-04-17T19:37:00,sale,P0089,4,cashier,success,order=ORD000814
TX001026,2025-04-18T23:14:00,sale,P0073,2,cashier,success,order=ORD000460
TX001027,2025-04-18T23:14:00,sale,P0065,4,cashier,success,order=ORD000460
TX001028,2025-04-19T00:07:00,sale,P0032,5,cashier,success,order=ORD000538
TX001029,2025-04-19T01:45:00,sale,P0031,3,cashier,success,order=ORD000194
TX001030,2025-04-19T01:45:00,sale,P0089,5,cashier,success,order=ORD000194
TX001031,2025-04-19T18:25:00,sale,P0045,2,cashier,success,order=ORD000591
TX001032,2025-04-19T18:25:00,sale,P0006,5,cashier,success,order=ORD000591
TX001033,2025-04-19T18:25:00,sale,P0043,5,cashier,success,order=ORD000591
TX001034,2025-04-20T17:00:00,import,P0090,73,warehouse,success,restock
TX001035,2025-04-20T23:26:00,sale,P0008,9,cashier,success,order=ORD001162
TX001036,2025-04-20T23:26:00,sale,P0030,8,cashier,success,order=ORD001162
TX001037,2025-04-20T23:26:00,sale,P0010,3,cashier,success,order=ORD001162
TX001038,2025-04-20T23:26:00,sale,P0056,3,cashier,success,order=ORD001162
TX001039,2025-04-21T02:21:00,sale,P0026,1,cashier,success,order=ORD000201
TX001040,2025-04-21T02:21:00,sale,P0087,3,cashier,success,order=ORD000201
TX001041,2025-04-21T20:30:00,sale,P0009,8,cashier,success,order=ORD000236
TX001042,2025-04-21T20:30:00,sale,P0068,26,cashier,success,order=ORD000236
TX001043,2025-04-21T20:30:00,sale,P0043,23,cashier,success,order=ORD000236
TX001044,2025-04-21T20:30:00,sale,P0032,22,cashier,success,order=ORD000236
TX001045,2025-04-21T21:07:00,sale,P0004,7,cashier,success,order=ORD000578
TX001046,2025-04-21T21:07:00,sale,P0013,22,cashier,success,order=ORD000578
TX001047,2025-04-21T21:07:00,sale,P0008,19,cashier,success,order=ORD000578
TX001048,2025-04-21T21:07:00,sale,P0061,21,cashier,success,order=ORD000578
TX001049,2025-04-21T22:26:00,sale,P0015,2,cashier,success,order=ORD000039
TX001050,2025-04-21T22:26:00,sale,P0016,5,cashier,success,order=ORD000039
TX001051,2025-04-21T22:26:00,sale,P0029,1,cashier,success,order=ORD000039
TX001052,2025-04-21T23:18:00,sale,P0034,1,cashier,success,order=ORD000505
TX001053,2025-04-21T23:18:00,sale,P0089,4,cashier,success,order=ORD000505
TX001054,2025-04-21T23:18:00,sale,P0086,2,cashier,success,order=ORD000505
TX001055,2025-04-21T23:18:00,sale,P0077,3,cashier,success,order=ORD000505
TX001056,2025-04-21T23:18:00,sale,P0083,4,cashier,success,order=ORD000505
TX001057,2025-04-22T02:12:00,sale,P0067,2,cashier,success,order=ORD000819
TX001058,2025-04-22T02:12:00,sale,P0064,1,cashier,success,order=ORD000819
TX001059,2025-04-22T02:12:00,sale,P0025,2,cashier,success,order=ORD000819
TX001060,2025-04-22T02:12:00,sale,P0058,1,cashier,success,order=ORD000819
TX001061,2025-04-22T02:12:00,sale,P0027,5,cashier,success,order=ORD000819
TX001062,2025-04-22T02:12:00,sale,P0005,3,cashier,success,order=ORD000819
TX001063,2025-04-22T18:22:00,sale,P0058,9,cashier,success,order=ORD000338
TX001064,2025-04-22T18:22:00,sale,P0008,2,cashier,success,order=ORD000338
TX001065,2025-04-22T23:04:00,sale,P0048,17,cashier,success,order=ORD000957
TX001066,2025-04-22T23:04:00,sale,P0028,6,cashier,success,order=ORD000957
TX001067,2025-04-22T23:04:00,sale,P0053,13,cashier,success,order=ORD000957
TX001068,2025-04-22T23:04:00,sale,P0065,6,cashier,success,order=ORD000957
TX001069,2025-04-23T01:17:00,sale,P0068,2,cashier,success,order=ORD000230
TX001070,2025-04-23T02:01:00,sale,P0045,5,cashier,success,order=ORD001194
TX001071,2025-04-23T04:25:00,sale,P0056,2,cashier,success,order=ORD001107
TX001072,2025-04-23T04:25:00,sale,P0008,3,cashier,success,order=ORD001107
TX001073,2025-04-23T18:47:00,sale,P0074,3,cashier,success,order=ORD000207
TX001074,2025-04-23T18:47:00,sale,P0048,5,cashier,success,order=ORD000207
TX001075,2025-04-23T19:28:00,sale,P0036,1,cashier,success,order=ORD000455
TX001076,2025-04-23T19:28:00,sale,P0028,5,cashier,success,order=ORD000455
TX001077,2025-04-23T19:28:00,sale,P0081,5,cashier,success,order=ORD000455
TX001078,2025-04-23T19:28:00,sale,P0086,5,cashier,success,order=ORD000455
TX001079,2025-04-23T23:00:00,adjust,P0080,2,auditor,success,stocktake_shrinkage
TX001080,2025-04-24T02:12:00,sale,P0015,2,cashier,success,order=ORD000647
TX001081,2025-04-24T02:12:00,sale,P0067,1,cashier,success,order=ORD000647
TX001082,2025-04-24T02:12:00,sale,P0064,5,cashier,success,order=ORD000647
TX001083,2025-04-24T19:31:00,sale,P0005,2,cashier,success,order=ORD000437
TX001084,2025-04-24T19:31:00,sale,P0045,5,cashier,success,order=ORD000437
TX001085,2025-04-24T19:31:00,sale,P0062,5,cashier,success,order=ORD000437
TX001086,2025-04-24T19:31:00,sale,P0002,1,cashier,success,order=ORD000437
TX001087,2025-04-24T19:31:00,sale,P0057,1,cashier,success,order=ORD000437
TX001088,2025-04-24T21:33:00,sale,P0060,4,cashier,success,order=ORD000971
TX001089,2025-04-24T21:33:00,sale,P0009,4,cashier,success,order=ORD000971
TX001090,2025-04-24T21:33:00,sale,P0078,1,cashier,success,order=ORD000971
TX001091,2025-04-24T22:35:00,sale,P0026,7,cashier,success,order=ORD000657
TX001092,2025-04-24T22:35:00,sale,P0062,9,cashier,success,order=ORD000657
TX001093,2025-04-24T22:35:00,sale,P0049,2,cashier,success,order=ORD000657
TX001094,2025-04-25T16:34:00,sale,P0005,2,cashier,success,order=ORD000537
TX001095,2025-04-25T19:24:00,sale,P0038,3,cashier,success,order=ORD000627
TX001096,2025-04-25T20:07:00,sale,P0010,1,cashier,success,order=ORD000502
TX001097,2025-04-25T20:07:00,sale,P0030,2,cashier,success,order=ORD000502
TX001098,2025-04-26T01:03:00,sale,P0013,7,cashier,success,order=ORD001132
TX001099,2025-04-26T01:03:00,sale,P0067,11,cashier,success,order=ORD001132
TX001100,2025-04-26T01:03:00,sale,P0064,7,cashier,success,order=ORD001132
TX001101,2025-04-26T02:00:00,sale,P0076,3,cashier,success,order=ORD000807
TX001102,2025-04-26T02:00:00,sale,P0089,5,cashier,success,order=ORD000807
TX001103,2025-04-26T02:00:00,sale,P0014,2,cashier,success,order=ORD000807
TX001104,2025-04-26T20:00:00,sale,P0089,6,cashier,success,order=ORD000516
TX001105,2025-04-26T20:00:00,sale,P0086,9,cashier,success,order=ORD000516
TX001106,2025-04-26T21:33:00,sale,P0078,2,cashier,success,order=ORD000068
TX001107,2025-04-26T21:33:00,sale,P0079,5,cashier,success,order=ORD000068
TX001108,2025-04-26T21:33:00,sale,P0056,5,cashier,success,order=ORD000068
TX001109,2025-04-26T21:33:00,sale,P0049,5,cashier,success,order=ORD000068
TX001110,2025-04-26T21:33:00,sale,P0012,1,cashier,success,order=ORD000068
TX001111,2025-04-26T23:00:00,adjust,P0014,1,auditor,success,stocktake_shrinkage
TX001112,2025-04-27T04:45:00,sale,P0087,4,cashier,success,order=ORD000744
TX001113,2025-04-27T21:53:00,sale,P0084,29,cashier,success,order=ORD000754
TX001114,2025-04-27T21:53:00,sale,P0008,13,cashier,success,order=ORD000754
TX001115,2025-04-27T22:59:00,sale,P0088,4,cashier,success,order=ORD000553
TX001116,2025-04-27T22:59:00,sale,P0084,2,cashier,success,order=ORD000553
TX001117,2025-04-28T00:46:00,sale,P0018,18,cashier,success,order=ORD000438
TX001118,2025-04-28T00:46:00,sale,P0089,25,cashier,success,order=ORD000438
TX001119,2025-04-28T00:46:00,sale,P0048,15,cashier,success,order=ORD000438
TX001120,2025-04-28T01:01:00,sale,P0022,3,cashier,success,order=ORD001189
TX001121,2025-04-28T01:01:00,sale,P0086,8,cashier,success,order=ORD001189
TX001122,2025-04-28T20:40:00,sale,P0087,1,cashier,success,order=ORD000520
TX001123,2025-04-28T20:40:00,sale,P0036,3,cashier,success,order=ORD000520
TX001124,2025-04-28T20:40:00,sale,P0028,4,cashier,success,order=ORD000520
TX001125,2025-04-28T20:40:00,sale,P0008,4,cashier,success,order=ORD000520
TX001126,2025-04-28T21:05:00,sale,P0076,2,cashier,success,order=ORD001005
TX001127,2025-04-28T21:05:00,sale,P0089,5,cashier,success,order=ORD001005
TX001128,2025-04-28T21:05:00,sale,P0088,4,cashier,success,order=ORD001005
TX001129,2025-04-28T21:05:00,sale,P0045,4,cashier,success,order=ORD001005
TX001130,2025-04-28T21:05:00,sale,P0018,4,cashier,success,order=ORD001005
TX001131,2025-04-28T21:05:00,sale,P0019,1,cashier,success,order=ORD001005
TX001132,2025-04-28T21:05:00,sale,P0010,3,cashier,success,order=ORD001005
TX001133,2025-04-29T01:41:00,sale,P0008,1,cashier,success,order=ORD000978
TX001134,2025-04-29T01:41:00,sale,P0022,4,cashier,success,order=ORD000978
TX001135,2025-04-29T01:41:00,sale,P0057,2,cashier,success,order=ORD000978
TX001136,2025-04-29T01:41:00,sale,P0076,4,cashier,success,order=ORD000978
TX001137,2025-04-29T02:13:00,sale,P0015,1,cashier,success,order=ORD000728
TX001138,2025-04-29T03:52:00,sale,P0063,10,cashier,success,order=ORD000914
TX001139,2025-04-29T04:30:00,sale,P0035,2,cashier,success,order=ORD000223
TX001140,2025-04-29T04:30:00,sale,P0052,5,cashier,success,order=ORD000223
TX001141,2025-04-29T04:30:00,sale,P0069,2,cashier,success,order=ORD000223
TX001142,2025-04-29T16:17:00,sale,P0069,17,cashier,success,order=ORD000893
TX001143,2025-04-29T16:17:00,sale,P0084,18,cashier,success,order=ORD000893
TX001144,2025-04-29T17:39:00,sale,P0058,9,cashier,success,order=ORD000856
TX001145,2025-04-29T17:46:00,sale,P0012,28,cashier,success,order=ORD000004
TX001146,2025-04-29T20:45:00,sale,P0078,22,cashier,success,order=ORD000009
TX001147,2025-04-29T20:45:00,sale,P0079,9,cashier,success,order=ORD000009
TX001148,2025-04-29T20:45:00,sale,P0022,7,cashier,success,order=ORD000009
TX001149,2025-04-30T00:14:00,sale,P0044,2,cashier,success,order=ORD001179
TX001150,2025-04-30T00:14:00,sale,P0008,5,cashier,success,order=ORD001179
TX001151,2025-04-30T17:02:00,sale,P0044,1,cashier,success,order=ORD000326
TX001152,2025-04-30T17:02:00,sale,P0003,1,cashier,success,order=ORD000326
TX001153,2025-04-30T17:02:00,sale,P0055,2,cashier,success,order=ORD000326
TX001154,2025-04-30T20:42:00,sale,P0040,3,cashier,success,order=ORD000464
TX001155,2025-04-30T20:42:00,sale,P0033,8,cashier,success,order=ORD000464
TX001156,2025-04-30T20:42:00,sale,P0006,3,cashier,success,order=ORD000464
TX001157,2025-05-01T04:27:00,sale,P0022,3,cashier,success,order=ORD000960
TX001158,2025-05-01T04:27:00,sale,P0076,4,cashier,success,order=ORD000960
TX001159,2025-05-01T04:27:00,sale,P0089,5,cashier,success,order=ORD000960
TX001160,2025-05-01T04:27:00,sale,P0011,4,cashier,success,order=ORD000960
TX001161,2025-05-01T04:27:00,sale,P0046,1,cashier,success,order=ORD000960
TX001162,2025-05-01T17:09:00,sale,P0016,29,cashier,success,order=ORD000045
TX001163,2025-05-01T17:09:00,sale,P0015,19,cashier,success,order=ORD000045
TX001164,2025-05-01T20:15:00,sale,P0015,1,cashier,success,order=ORD000872
TX001165,2025-05-01T20:15:00,sale,P0016,4,cashier,success,order=ORD000872
TX001166,2025-05-01T20:15:00,sale,P0029,1,cashier,success,order=ORD000872
TX001167,2025-05-01T20:15:00,sale,P0034,2,cashier,success,order=ORD000872
TX001168,2025-05-01T22:58:00,sale,P0035,1,cashier,success,order=ORD000697
TX001169,2025-05-01T22:58:00,sale,P0087,2,cashier,success,order=ORD000697
TX001170,2025-05-02T00:17:00,sale,P0056,7,cashier,success,order=ORD000270
TX001171,2025-05-02T00:17:00,sale,P0079,3,cashier,success,order=ORD000270
TX001172,2025-05-02T00:17:00,sale,P0076,12,cashier,success,order=ORD000270
TX001173,2025-05-02T00:17:00,sale,P0089,12,cashier,success,order=ORD000270
TX001174,2025-05-02T02:19:00,sale,P0084,1,cashier,success,order=ORD000370
TX001175,2025-05-02T02:19:00,sale,P0007,4,cashier,success,order=ORD000370
TX001176,2025-05-02T02:19:00,sale,P0043,4,cashier,success,order=ORD000370
TX001177,2025-05-02T16:27:00,sale,P0059,4,cashier,success,order=ORD000897
TX001178,2025-05-02T18:25:00,sale,P0050,11,cashier,success,order=ORD000739
TX001179,2025-05-02T18:25:00,sale,P0043,13,cashier,success,order=ORD000739
TX001180,2025-05-02T18:25:00,sale,P0006,8,cashier,success,order=ORD000739
TX001181,2025-05-02T19:51:00,sale,P0061,1,cashier,success,order=ORD000124
TX001182,2025-05-02T19:51:00,sale,P0078,5,cashier,success,order=ORD000124
TX001183,2025-05-02T19:51:00,sale,P0038,5,cashier,success,order=ORD000124
TX001184,2025-05-02T22:31:00,sale,P0088,1,cashier,success,order=ORD000144
TX001185,2025-05-02T22:31:00,sale,P0084,5,cashier,success,order=ORD000144
TX001186,2025-05-02T22:31:00,sale,P0025,4,cashier,success,order=ORD000144
TX001187,2025-05-02T22:31:00,sale,P0005,5,cashier,success,order=ORD000144
TX001188,2025-05-02T22:31:00,sale,P0022,2,cashier,success,order=ORD000144
TX001189,2025-05-02T22:31:00,sale,P0078,3,cashier,success,order=ORD000144
TX001190,2025-05-02T22:31:00,sale,P0079,4,cashier,success,order=ORD000144
TX001191,2025-05-03T03:32:00,sale,P0085,4,cashier,success,order=ORD000307
TX001192,2025-05-03T03:32:00,sale,P0052,5,cashier,success,order=ORD000307
TX001193,2025-05-03T03:32:00,sale,P0059,3,cashier,success,order=ORD000307
TX001194,2025-05-03T18:39:00,sale,P0053,5,cashier,success,order=ORD000330
TX001195,2025-05-03T18:39:00,sale,P0064,1,cashier,success,order=ORD000330
TX001196,2025-05-03T18:39:00,sale,P0055,5,cashier,success,order=ORD000330
TX001197,2025-05-03T23:24:00,sale,P0048,1,cashier,success,order=ORD000324
TX001198,2025-05-04T19:13:00,sale,P0087,1,cashier,success,order=ORD000499
TX001199,2025-05-05T00:59:00,sale,P0028,13,cashier,success,order=ORD000618
TX001200,2025-05-05T00:59:00,sale,P0055,6,cashier,success,order=ORD000618
TX001201,2025-05-05T00:59:00,sale,P0048,13,cashier,success,order=ORD000618
TX001202,2025-05-05T01:09:00,sale,P0028,2,cashier,success,order=ORD000271
TX001203,2025-05-05T01:09:00,sale,P0054,2,cashier,success,order=ORD000271
TX001204,2025-05-05T01:53:00,sale,P0059,16,cashier,success,order=ORD000106
TX001205,2025-05-05T01:53:00,sale,P0048,18,cashier,success,order=ORD000106
TX001206,2025-05-05T01:53:00,sale,P0035,7,cashier,success,order=ORD000106
TX001207,2025-05-05T04:25:00,sale,P0019,1,cashier,success,order=ORD000827
TX001208,2025-05-05T04:25:00,sale,P0057,2,cashier,success,order=ORD000827
TX001209,2025-05-06T04:23:00,sale,P0036,3,cashier,success,order=ORD001035
TX001210,2025-05-06T04:23:00,sale,P0035,4,cashier,success,order=ORD001035
TX001211,2025-05-06T16:07:00,sale,P0044,17,cashier,success,order=ORD000508
TX001212,2025-05-06T21:20:00,sale,P0042,9,cashier,success,order=ORD001124
TX001213,2025-05-06T21:20:00,sale,P0005,12,cashier,success,order=ORD001124
TX001214,2025-05-06T21:20:00,sale,P0067,7,cashier,success,order=ORD001124
TX001215,2025-05-06T23:35:00,sale,P0060,28,cashier,success,order=ORD000100
TX001216,2025-05-06T23:35:00,sale,P0023,28,cashier,success,order=ORD000100
TX001217,2025-05-06T23:35:00,sale,P0076,10,cashier,success,order=ORD000100
TX001218,2025-05-06T23:46:00,sale,P0002,5,cashier,success,order=ORD000703
TX001219,2025-05-06T23:46:00,sale,P0011,5,cashier,success,order=ORD000703
TX001220,2025-05-06T23:46:00,sale,P0059,1,cashier,success,order=ORD000703
TX001221,2025-05-06T23:46:00,sale,P0079,4,cashier,success,order=ORD000703
TX001222,2025-05-06T23:46:00,sale,P0078,1,cashier,success,order=ORD000703
TX001223,2025-05-06T23:46:00,sale,P0007,5,cashier,success,order=ORD000703
TX001224,2025-05-06T23:46:00,sale,P0043,4,cashier,success,order=ORD000703
TX001225,2025-05-07T00:27:00,sale,P0049,6,cashier,success,order=ORD000432
TX001226,2025-05-07T00:27:00,sale,P0005,7,cashier,success,order=ORD000432
TX001227,2025-05-07T00:27:00,sale,P0076,10,cashier,success,order=ORD000432
TX001228,2025-05-07T00:27:00,sale,P0055,4,cashier,success,order=ORD000432
TX001229,2025-05-07T00:27:00,sale,P0058,6,cashier,success,order=ORD000432
TX001230,2025-05-07T20:21:00,sale,P0079,14,cashier,success,order=ORD001127
TX001231,2025-05-07T20:21:00,sale,P0026,17,cashier,success,order=ORD001127
TX001232,2025-05-07T20:21:00,sale,P0020,24,cashier,success,order=ORD001127
TX001233,2025-05-07T20:53:00,sale,P0087,2,cashier,success,order=ORD000674
TX001234,2025-05-07T20:53:00,sale,P0079,4,cashier,success,order=ORD000674
TX001235,2025-05-07T20:53:00,sale,P0067,2,cashier,success,order=ORD000674
TX001236,2025-05-07T20:53:00,sale,P0064,2,cashier,success,order=ORD000674
TX001237,2025-05-08T02:15:00,sale,P0076,2,cashier,success,order=ORD000152
TX001238,2025-05-08T02:15:00,sale,P0006,5,cashier,success,order=ORD000152
TX001239,2025-05-08T17:29:00,sale,P0073,4,cashier,success,order=ORD000147
TX001240,2025-05-08T17:29:00,sale,P0074,1,cashier,success,order=ORD000147
TX001241,2025-05-08T17:35:00,sale,P0055,23,cashier,success,order=ORD000007
TX001242,2025-05-08T17:35:00,sale,P0073,24,cashier,success,order=ORD000007
TX001243,2025-05-08T17:35:00,sale,P0074,28,cashier,success,order=ORD000007
TX001244,2025-05-08T17:35:00,sale,P0046,29,cashier,success,order=ORD000007
TX001245,2025-05-08T18:45:00,sale,P0090,2,cashier,success,order=ORD000899
TX001246,2025-05-08T22:08:00,sale,P0087,4,cashier,success,order=ORD001180
TX001247,2025-05-08T22:08:00,sale,P0086,4,cashier,success,order=ORD001180
TX001248,2025-05-08T22:08:00,sale,P0007,5,cashier,success,order=ORD001180
TX001249,2025-05-08T22:49:00,sale,P0022,2,cashier,success,order=ORD000247
TX001250,2025-05-08T22:49:00,sale,P0089,1,cashier,success,order=ORD000247
TX001251,2025-05-08T22:49:00,sale,P0086,1,cashier,success,order=ORD000247
TX001252,2025-05-08T22:49:00,sale,P0067,3,cashier,success,order=ORD000247
TX001253,2025-05-08T22:49:00,sale,P0064,1,cashier,success,order=ORD000247
TX001254,2025-05-08T22:49:00,sale,P0059,1,cashier,success,order=ORD000247
TX001255,2025-05-08T22:49:00,sale,P0019,4,cashier,success,order=ORD000247
TX001256,2025-05-09T00:54:00,sale,P0012,3,cashier,success,order=ORD000523
TX001257,2025-05-09T00:54:00,sale,P0027,5,cashier,success,order=ORD000523
TX001258,2025-05-09T00:54:00,sale,P0026,4,cashier,success,order=ORD000523
TX001259,2025-05-09T01:22:00,sale,P0010,5,cashier,success,order=ORD000231
TX001260,2025-05-09T04:43:00,sale,P0020,7,cashier,success,order=ORD000480
TX001261,2025-05-09T04:43:00,sale,P0079,9,cashier,success,order=ORD000480
TX001262,2025-05-09T04:43:00,sale,P0089,10,cashier,success,order=ORD000480
TX001263,2025-05-09T04:43:00,sale,P0017,30,cashier,success,order=ORD000480
TX001264,2025-05-09T16:05:00,sale,P0059,26,cashier,success,order=ORD000011
TX001265,2025-05-09T17:00:00,import,P0085,21,warehouse,success,restock
TX001266,2025-05-09T17:12:00,sale,P0043,9,cashier,success,order=ORD000210
TX001267,2025-05-09T17:12:00,sale,P0006,12,cashier,success,order=ORD000210
TX001268,2025-05-09T17:12:00,sale,P0012,11,cashier,success,order=ORD000210
TX001269,2025-05-09T17:12:00,sale,P0058,11,cashier,success,order=ORD000210
TX001270,2025-05-09T17:29:00,sale,P0076,30,cashier,success,order=ORD000927
TX001271,2025-05-09T17:29:00,sale,P0089,26,cashier,success,order=ORD000927
TX001272,2025-05-09T17:29:00,sale,P0035,22,cashier,success,order=ORD000927
TX001273,2025-05-09T17:29:00,sale,P0032,14,cashier,success,order=ORD000927
TX001274,2025-05-09T23:00:00,adjust,P0036,5,auditor,success,stocktake_shrinkage
TX001275,2025-05-10T03:28:00,sale,P0049,12,cashier,success,order=ORD000229
TX001276,2025-05-10T03:28:00,sale,P0070,12,cashier,success,order=ORD000229
TX001277,2025-05-10T03:28:00,sale,P0069,16,cashier,success,order=ORD000229
TX001278,2025-05-10T03:28:00,sale,P0041,5,cashier,success,order=ORD000229
TX001279,2025-05-10T03:28:00,sale,P0042,14,cashier,success,order=ORD000229
TX001280,2025-05-10T03:28:00,sale,P0052,26,cashier,success,order=ORD000229
TX001281,2025-05-10T03:28:00,sale,P0059,22,cashier,success,order=ORD000229
TX001282,2025-05-10T19:07:00,sale,P0074,1,cashier,success,order=ORD000209
TX001283,2025-05-10T21:17:00,sale,P0008,1,cashier,success,order=ORD000103
TX001284,2025-05-10T21:17:00,sale,P0088,1,cashier,success,order=ORD000103
TX001285,2025-05-10T21:17:00,sale,P0084,4,cashier,success,order=ORD000103
TX001286,2025-05-10T21:17:00,sale,P0022,4,cashier,success,order=ORD000103
TX001287,2025-05-11T16:44:00,sale,P0066,12,cashier,success,order=ORD000935
TX001288,2025-05-11T16:44:00,sale,P0012,7,cashier,success,order=ORD000935
TX001289,2025-05-11T16:44:00,sale,P0048,8,cashier,success,order=ORD000935
TX001290,2025-05-11T16:47:00,sale,P0008,1,cashier,success,order=ORD000090
TX001291,2025-05-11T20:24:00,sale,P0015,1,cashier,success,order=ORD000514
TX001292,2025-05-11T20:24:00,sale,P0016,3,cashier,success,order=ORD000514
TX001293,2025-05-11T20:24:00,sale,P0087,2,cashier,success,order=ORD000514
TX001294,2025-05-11T20:24:00,sale,P0059,5,cashier,success,order=ORD000514
TX001295,2025-05-12T00:42:00,sale,P0067,3,cashier,success,order=ORD000826
TX001296,2025-05-12T00:42:00,sale,P0073,1,cashier,success,order=ORD000826
TX001297,2025-05-12T00:42:00,sale,P0074,4,cashier,success,order=ORD000826
TX001298,2025-05-12T00:42:00,sale,P0029,2,cashier,success,order=ORD000826
TX001299,2025-05-12T00:42:00,sale,P0077,5,cashier,success,order=ORD000826
TX001300,2025-05-12T00:42:00,sale,P0083,1,cashier,success,order=ORD000826
TX001301,2025-05-13T01:20:00,sale,P0012,1,cashier,success,order=ORD000930
TX001302,2025-05-13T01:20:00,sale,P0066,5,cashier,success,order=ORD000930
TX001303,2025-05-13T01:20:00,sale,P0075,1,cashier,success,order=ORD000930
TX001304,2025-05-13T02:45:00,sale,P0036,2,cashier,success,order=ORD000775
TX001305,2025-05-13T02:45:00,sale,P0048,4,cashier,success,order=ORD000775
TX001306,2025-05-13T02:45:00,sale,P0026,5,cashier,success,order=ORD000775
TX001307,2025-05-13T02:45:00,sale,P0050,1,cashier,success,order=ORD000775
TX001308,2025-05-13T17:56:00,sale,P0015,4,cashier,success,order=ORD000999
TX001309,2025-05-13T17:56:00,sale,P0016,2,cashier,success,order=ORD000999
TX001310,2025-05-13T17:56:00,sale,P0043,1,cashier,success,order=ORD000999
TX001311,2025-05-13T17:56:00,sale,P0006,1,cashier,success,order=ORD000999
TX001312,2025-05-13T17:56:00,sale,P0012,5,cashier,success,order=ORD000999
TX001313,2025-05-13T18:42:00,sale,P0023,3,cashier,success,order=ORD000884
TX001314,2025-05-13T18:42:00,sale,P0015,5,cashier,success,order=ORD000884
TX001315,2025-05-13T18:42:00,sale,P0016,1,cashier,success,order=ORD000884
TX001316,2025-05-13T21:25:00,sale,P0085,1,cashier,success,order=ORD000298
TX001317,2025-05-13T23:19:00,sale,P0035,2,cashier,success,order=ORD001178
TX001318,2025-05-13T23:19:00,sale,P0048,3,cashier,success,order=ORD001178
TX001319,2025-05-14T03:28:00,sale,P0044,2,cashier,success,order=ORD000675
TX001320,2025-05-14T03:28:00,sale,P0052,5,cashier,success,order=ORD000675
TX001321,2025-05-14T03:28:00,sale,P0059,5,cashier,success,order=ORD000675
TX001322,2025-05-14T17:00:00,import,P0063,49,warehouse,success,restock
TX001323,2025-05-14T17:43:00,sale,P0029,3,cashier,success,order=ORD000970
TX001324,2025-05-14T17:43:00,sale,P0048,5,cashier,success,order=ORD000970
TX001325,2025-05-14T17:43:00,sale,P0030,5,cashier,success,order=ORD000970
TX001326,2025-05-14T20:39:00,sale,P0078,4,cashier,success,order=ORD000692
TX001327,2025-05-14T20:39:00,sale,P0079,2,cashier,success,order=ORD000692
TX001328,2025-05-14T20:39:00,sale,P0074,1,cashier,success,order=ORD000692
TX001329,2025-05-15T02:45:00,sale,P0058,1,cashier,success,order=ORD000172
TX001330,2025-05-15T02:45:00,sale,P0018,3,cashier,success,order=ORD000172
TX001331,2025-05-15T02:45:00,sale,P0019,4,cashier,success,order=ORD000172
TX001332,2025-05-15T02:45:00,sale,P0022,1,cashier,success,order=ORD000172
TX001333,2025-05-15T02:45:00,sale,P0006,5,cashier,success,order=ORD000172
TX001334,2025-05-15T02:45:00,sale,P0075,2,cashier,success,order=ORD000172
TX001335,2025-05-15T16:25:00,sale,P0059,10,cashier,success,order=ORD000955
TX001336,2025-05-15T16:25:00,sale,P0025,17,cashier,success,order=ORD000955
TX001337,2025-05-15T16:25:00,sale,P0088,22,cashier,success,order=ORD000955
TX001338,2025-05-15T16:25:00,sale,P0084,11,cashier,success,order=ORD000955
TX001339,2025-05-15T16:25:00,sale,P0040,10,cashier,success,order=ORD000955
TX001340,2025-05-16T17:10:00,sale,P0078,1,cashier,success,order=ORD000594
TX001341,2025-05-16T17:10:00,sale,P0088,3,cashier,success,order=ORD000594
TX001342,2025-05-16T17:10:00,sale,P0044,2,cashier,success,order=ORD000594
TX001343,2025-05-17T02:05:00,sale,P0016,5,cashier,success,order=ORD000008
TX001344,2025-05-17T21:19:00,sale,P0050,1,cashier,success,order=ORD000086
TX001345,2025-05-17T21:19:00,sale,P0024,2,cashier,success,order=ORD000086
TX001346,2025-05-17T22:07:00,sale,P0058,1,cashier,success,order=ORD000986
TX001347,2025-05-17T22:07:00,sale,P0067,3,cashier,success,order=ORD000986
TX001348,2025-05-17T22:34:00,sale,P0052,1,cashier,success,order=ORD000948
TX001349,2025-05-18T00:22:00,sale,P0015,5,cashier,success,order=ORD000849
TX001350,2025-05-18T00:22:00,sale,P0028,2,cashier,success,order=ORD000849
TX001351,2025-05-18T00:22:00,sale,P0019,5,cashier,success,order=ORD000849
TX001352,2025-05-18T04:59:00,sale,P0045,1,cashier,success,order=ORD001193
TX001353,2025-05-18T16:42:00,sale,P0032,4,cashier,success,order=ORD000968
TX001354,2025-05-18T16:42:00,sale,P0035,10,cashier,success,order=ORD000968
TX001355,2025-05-18T16:42:00,sale,P0055,7,cashier,success,order=ORD000968
TX001356,2025-05-18T16:42:00,sale,P0060,4,cashier,success,order=ORD000968
TX001357,2025-05-19T03:03:00,sale,P0009,4,cashier,success,order=ORD000894
TX001358,2025-05-19T04:02:00,sale,P0033,15,cashier,success,order=ORD000973
TX001359,2025-05-19T04:02:00,sale,P0006,11,cashier,success,order=ORD000973
TX001360,2025-05-19T17:04:00,sale,P0065,5,cashier,success,order=ORD000655
TX001361,2025-05-20T21:17:00,sale,P0009,5,cashier,success,order=ORD000314
TX001362,2025-05-20T21:17:00,sale,P0058,2,cashier,success,order=ORD000314
TX001363,2025-05-20T22:44:00,sale,P0076,4,cashier,success,order=ORD000773
TX001364,2025-05-20T22:44:00,sale,P0089,1,cashier,success,order=ORD000773
TX001365,2025-05-21T01:12:00,sale,P0059,7,cashier,success,order=ORD000907
TX001366,2025-05-21T01:12:00,sale,P0088,5,cashier,success,order=ORD000907
TX001367,2025-05-21T01:12:00,sale,P0032,9,cashier,success,order=ORD000907
TX001368,2025-05-21T01:12:00,sale,P0006,10,cashier,success,order=ORD000907
TX001369,2025-05-21T17:43:00,sale,P0045,8,cashier,success,order=ORD000439
TX001370,2025-05-21T17:43:00,sale,P0046,7,cashier,success,order=ORD000439
TX001371,2025-05-21T21:33:00,sale,P0019,5,cashier,success,order=ORD000285
TX001372,2025-05-21T22:05:00,sale,P0063,8,cashier,success,order=ORD000564
TX001373,2025-05-21T22:05:00,sale,P0047,6,cashier,success,order=ORD000564
TX001374,2025-05-23T00:10:00,sale,P0062,5,cashier,success,order=ORD000911
TX001375,2025-05-23T00:10:00,sale,P0049,5,cashier,success,order=ORD000911
TX001376,2025-05-23T00:10:00,sale,P0077,4,cashier,success,order=ORD000911
TX001377,2025-05-23T00:10:00,sale,P0019,3,cashier,success,order=ORD000911
TX001378,2025-05-23T01:07:00,sale,P0022,1,cashier,success,order=ORD000248
TX001379,2025-05-23T01:07:00,sale,P0088,4,cashier,success,order=ORD000248
TX001380,2025-05-23T01:16:00,sale,P0066,14,cashier,success,order=ORD000761
TX001381,2025-05-23T01:16:00,sale,P0063,26,cashier,success,order=ORD000761
TX001382,2025-05-23T01:16:00,sale,P0045,12,cashier,success,order=ORD000761
TX001383,2025-05-23T01:16:00,sale,P0087,21,cashier,success,order=ORD000761
TX001384,2025-05-23T20:31:00,sale,P0058,2,cashier,success,order=ORD001087
TX001385,2025-05-23T20:31:00,sale,P0066,2,cashier,success,order=ORD001087
TX001386,2025-05-23T20:31:00,sale,P0085,2,cashier,success,order=ORD001087
TX001387,2025-05-23T20:31:00,sale,P0078,2,cashier,success,order=ORD001087
TX001388,2025-05-23T20:31:00,sale,P0007,2,cashier,success,order=ORD001087
TX001389,2025-05-24T01:40:00,sale,P0076,1,cashier,success,order=ORD000283
TX001390,2025-05-24T01:40:00,sale,P0089,4,cashier,success,order=ORD000283
TX001391,2025-05-24T01:40:00,sale,P0015,3,cashier,success,order=ORD000283
TX001392,2025-05-24T01:56:00,sale,P0009,10,cashier,success,order=ORD000643
TX001393,2025-05-24T01:56:00,sale,P0026,13,cashier,success,order=ORD000643
TX001394,2025-05-24T01:56:00,sale,P0012,12,cashier,success,order=ORD000643
TX001395,2025-05-24T03:59:00,sale,P0040,5,cashier,success,order=ORD000127
TX001396,2025-05-24T03:59:00,sale,P0044,4,cashier,success,order=ORD000127
TX001397,2025-05-24T03:59:00,sale,P0052,3,cashier,success,order=ORD000127
TX001398,2025-05-24T03:59:00,sale,P0078,5,cashier,success,order=ORD000127
TX001399,2025-05-24T03:59:00,sale,P0079,4,cashier,success,order=ORD000127
TX001400,2025-05-24T22:48:00,sale,P0005,14,cashier,success,order=ORD001136
TX001401,2025-05-24T22:48:00,sale,P0081,13,cashier,success,order=ORD001136
TX001402,2025-05-24T23:11:00,sale,P0089,17,cashier,success,order=ORD000234
TX001403,2025-05-24T23:11:00,sale,P0076,30,cashier,success,order=ORD000234
TX001404,2025-05-25T21:49:00,sale,P0030,30,cashier,success,order=ORD000356
TX001405,2025-05-25T21:49:00,sale,P0084,21,cashier,success,order=ORD000356
TX001406,2025-05-25T22:10:00,sale,P0087,4,cashier,success,order=ORD000953
TX001407,2025-05-25T22:26:00,sale,P0059,28,cashier,success,order=ORD000048
TX001408,2025-05-25T22:26:00,sale,P0006,24,cashier,success,order=ORD000048
TX001409,2025-05-25T22:26:00,sale,P0029,23,cashier,success,order=ORD000048
TX001410,2025-05-26T16:50:00,sale,P0035,4,cashier,success,order=ORD000996
TX001411,2025-05-26T16:50:00,sale,P0047,8,cashier,success,order=ORD000996
TX001412,2025-05-26T18:53:00,sale,P0045,2,cashier,success,order=ORD000393
TX001413,2025-05-26T19:05:00,sale,P0028,5,cashier,success,order=ORD000417
TX001414,2025-05-26T19:05:00,sale,P0030,2,cashier,success,order=ORD000417
TX001415,2025-05-26T21:20:00,sale,P0043,25,cashier,success,order=ORD000237
TX001416,2025-05-26T21:20:00,sale,P0082,25,cashier,success,order=ORD000237
TX001417,2025-05-26T21:20:00,sale,P0035,17,cashier,success,order=ORD000237
TX001418,2025-05-27T16:15:00,sale,P0002,4,cashier,success,order=ORD001001
TX001419,2025-05-27T16:15:00,sale,P0011,3,cashier,success,order=ORD001001
TX001420,2025-05-27T20:34:00,sale,P0039,5,cashier,success,order=ORD000294
TX001421,2025-05-27T20:34:00,sale,P0012,1,cashier,success,order=ORD000294
TX001422,2025-05-27T23:00:00,adjust,P0023,4,auditor,success,stocktake_shrinkage
TX001423,2025-05-27T23:00:00,adjust,P0058,5,auditor,success,stocktake_shrinkage
TX001424,2025-05-27T23:00:00,adjust,P0070,3,auditor,success,stocktake_shrinkage
TX001425,2025-05-27T23:00:00,adjust,P0083,2,auditor,success,stocktake_shrinkage
TX001426,2025-05-28T00:56:00,sale,P0037,3,cashier,success,order=ORD000165
TX001427,2025-05-28T00:56:00,sale,P0035,5,cashier,success,order=ORD000165
TX001428,2025-05-28T04:42:00,sale,P0023,14,cashier,success,order=ORD000818
TX001429,2025-05-28T04:42:00,sale,P0055,28,cashier,success,order=ORD000818
TX001430,2025-05-28T04:42:00,sale,P0080,10,cashier,success,order=ORD000818
TX001431,2025-05-28T04:51:00,sale,P0074,2,cashier,success,order=ORD000024
TX001432,2025-05-28T18:41:00,sale,P0025,5,cashier,success,order=ORD001190
TX001433,2025-05-28T18:41:00,sale,P0086,4,cashier,success,order=ORD001190
TX001434,2025-05-28T20:15:00,sale,P0081,3,cashier,success,order=ORD000898
TX001435,2025-05-28T20:15:00,sale,P0023,5,cashier,success,order=ORD000898
TX001436,2025-05-28T20:15:00,sale,P0054,5,cashier,success,order=ORD000898
TX001437,2025-05-29T02:56:00,sale,P0032,12,cashier,success,order=ORD000467
TX001438,2025-05-29T02:56:00,sale,P0073,11,cashier,success,order=ORD000467
TX001439,2025-05-29T02:56:00,sale,P0074,2,cashier,success,order=ORD000467
TX001440,2025-05-29T02:56:00,sale,P0076,4,cashier,success,order=ORD000467
TX001441,2025-05-29T02:56:00,sale,P0038,12,cashier,success,order=ORD000467
TX001442,2025-05-29T03:12:00,sale,P0039,4,cashier,success,order=ORD000408
TX001443,2025-05-29T03:12:00,sale,P0045,3,cashier,success,order=ORD000408
TX001444,2025-05-29T04:43:00,sale,P0047,1,cashier,success,order=ORD000770
TX001445,2025-05-29T04:43:00,sale,P0048,1,cashier,success,order=ORD000770
TX001446,2025-05-29T04:43:00,sale,P0087,3,cashier,success,order=ORD000770
TX001447,2025-05-29T04:43:00,sale,P0028,4,cashier,success,order=ORD000770
TX001448,2025-05-29T20:42:00,sale,P0052,3,cashier,success,order=ORD000609
TX001449,2025-05-29T20:42:00,sale,P0059,8,cashier,success,order=ORD000609
TX001450,2025-05-29T22:12:00,sale,P0082,10,cashier,success,order=ORD000363
TX001451,2025-05-29T22:12:00,sale,P0074,3,cashier,success,order=ORD000363
TX001452,2025-05-29T22:12:00,sale,P0086,8,cashier,success,order=ORD000363
TX001453,2025-05-29T22:12:00,sale,P0033,11,cashier,success,order=ORD000363
TX001454,2025-05-29T22:12:00,sale,P0006,4,cashier,success,order=ORD000363
TX001455,2025-05-30T17:00:00,import,P0015,10,warehouse,success,restock
TX001456,2025-05-30T17:00:00,import,P0052,26,warehouse,success,restock
TX001457,2025-05-30T20:36:00,sale,P0078,2,cashier,success,order=ORD000125
TX001458,2025-05-30T20:36:00,sale,P0060,2,cashier,success,order=ORD000125
TX001459,2025-05-31T22:24:00,sale,P0025,4,cashier,success,order=ORD001033
TX001460,2025-05-31T22:24:00,sale,P0083,1,cashier,success,order=ORD001033
TX001461,2025-05-31T22:24:00,sale,P0078,3,cashier,success,order=ORD001033
TX001462,2025-06-01T00:09:00,sale,P0065,1,cashier,success,order=ORD001054
TX001463,2025-06-01T00:09:00,sale,P0050,5,cashier,success,order=ORD001054
TX001464,2025-06-01T01:36:00,sale,P0029,2,cashier,success,order=ORD000757
TX001465,2025-06-01T01:36:00,sale,P0020,2,cashier,success,order=ORD000757
TX001466,2025-06-01T01:36:00,sale,P0076,3,cashier,success,order=ORD000757
TX001467,2025-06-01T01:36:00,sale,P0089,1,cashier,success,order=ORD000757
TX001468,2025-06-01T01:36:00,sale,P0015,4,cashier,success,order=ORD000757
TX001469,2025-06-01T01:36:00,sale,P0003,5,cashier,success,order=ORD000757
TX001470,2025-06-01T01:36:00,sale,P0017,2,cashier,success,order=ORD000757
TX001471,2025-06-01T02:40:00,sale,P0018,4,cashier,success,order=ORD000161
TX001472,2025-06-01T02:40:00,sale,P0019,3,cashier,success,order=ORD000161
TX001473,2025-06-01T02:40:00,sale,P0016,5,cashier,success,order=ORD000161
TX001474,2025-06-01T02:40:00,sale,P0026,3,cashier,success,order=ORD000161
TX001475,2025-06-01T19:31:00,sale,P0014,3,cashier,success,order=ORD000504
TX001476,2025-06-01T19:31:00,sale,P0026,1,cashier,success,order=ORD000504
TX001477,2025-06-01T19:31:00,sale,P0068,5,cashier,success,order=ORD000504
TX001478,2025-06-01T20:16:00,sale,P0053,4,cashier,success,order=ORD001176
TX001479,2025-06-01T20:29:00,sale,P0076,3,cashier,success,order=ORD000182
TX001480,2025-06-01T23:04:00,sale,P0074,2,cashier,success,order=ORD001141
TX001481,2025-06-01T23:04:00,sale,P0075,3,cashier,success,order=ORD001141
TX001482,2025-06-01T23:04:00,sale,P0085,4,cashier,success,order=ORD001141
TX001483,2025-06-01T23:26:00,sale,P0043,10,cashier,success,order=ORD000150
TX001484,2025-06-01T23:26:00,sale,P0006,7,cashier,success,order=ORD000150
TX001485,2025-06-01T23:26:00,sale,P0035,9,cashier,success,order=ORD000150
TX001486,2025-06-01T23:26:00,sale,P0038,11,cashier,success,order=ORD000150
TX001487,2025-06-01T23:26:00,sale,P0057,8,cashier,success,order=ORD000150
TX001488,2025-06-02T03:03:00,sale,P0018,2,cashier,success,order=ORD000808
TX001489,2025-06-02T03:03:00,sale,P0026,1,cashier,success,order=ORD000808
TX001490,2025-06-02T03:03:00,sale,P0073,4,cashier,success,order=ORD000808
TX001491,2025-06-02T03:03:00,sale,P0074,4,cashier,success,order=ORD000808
TX001492,2025-06-02T04:52:00,sale,P0025,3,cashier,success,order=ORD000688
TX001493,2025-06-03T17:36:00,sale,P0085,5,cashier,success,order=ORD000260
TX001494,2025-06-03T17:36:00,sale,P0067,3,cashier,success,order=ORD000260
TX001495,2025-06-03T23:26:00,sale,P0039,2,cashier,success,order=ORD000552
TX001496,2025-06-03T23:26:00,sale,P0058,8,cashier,success,order=ORD000552
TX001497,2025-06-03T23:26:00,sale,P0002,9,cashier,success,order=ORD000552
TX001498,2025-06-03T23:26:00,sale,P0011,6,cashier,success,order=ORD000552
TX001499,2025-06-04T01:34:00,sale,P0065,14,cashier,success,order=ORD000483
TX001500,2025-06-04T19:33:00,sale,P0010,1,cashier,success,order=ORD000291
TX001501,2025-06-04T19:33:00,sale,P0072,2,cashier,success,order=ORD000291
TX001502,2025-06-04T19:49:00,sale,P0023,8,cashier,success,order=ORD000041
TX001503,2025-06-04T19:53:00,sale,P0015,3,cashier,success,order=ORD001137
TX001504,2025-06-04T19:53:00,sale,P0016,3,cashier,success,order=ORD001137
TX001505,2025-06-04T19:53:00,sale,P0073,2,cashier,success,order=ORD001137
TX001506,2025-06-04T19:53:00,sale,P0074,2,cashier,success,order=ORD001137
TX001507,2025-06-04T22:25:00,sale,P0087,4,cashier,success,order=ORD000691
TX001508,2025-06-05T17:16:00,sale,P0055,5,cashier,success,order=ORD000586
TX001509,2025-06-05T17:16:00,sale,P0075,2,cashier,success,order=ORD000586
TX001510,2025-06-05T18:20:00,sale,P0035,1,cashier,success,order=ORD001068
TX001511,2025-06-05T18:20:00,sale,P0089,4,cashier,success,order=ORD001068
TX001512,2025-06-05T18:20:00,sale,P0088,4,cashier,success,order=ORD001068
TX001513,2025-06-05T18:20:00,sale,P0084,5,cashier,success,order=ORD001068
TX001514,2025-06-05T19:13:00,sale,P0090,5,cashier,success,order=ORD000410
TX001515,2025-06-05T19:13:00,sale,P0032,1,cashier,success,order=ORD000410
TX001516,2025-06-05T19:13:00,sale,P0006,1,cashier,success,order=ORD000410
TX001517,2025-06-05T19:30:00,sale,P0079,3,cashier,success,order=ORD000992
TX001518,2025-06-05T19:30:00,sale,P0089,11,cashier,success,order=ORD000992
TX001519,2025-06-05T19:30:00,sale,P0006,11,cashier,success,order=ORD000992
TX001520,2025-06-05T20:31:00,sale,P0013,14,cashier,success,order=ORD000423
TX001521,2025-06-06T04:47:00,sale,P0044,1,cashier,success,order=ORD000595
TX001522,2025-06-06T04:47:00,sale,P0032,3,cashier,success,order=ORD000595
TX001523,2025-06-06T04:47:00,sale,P0006,5,cashier,success,order=ORD000595
TX001524,2025-06-07T03:44:00,sale,P0038,2,cashier,success,order=ORD000129
TX001525,2025-06-07T03:44:00,sale,P0008,4,cashier,success,order=ORD000129
TX001526,2025-06-07T03:44:00,sale,P0009,3,cashier,success,order=ORD000129
TX001527,2025-06-07T22:50:00,sale,P0033,2,cashier,success,order=ORD000174
TX001528,2025-06-07T22:50:00,sale,P0042,4,cashier,success,order=ORD000174
TX001529,2025-06-07T22:50:00,sale,P0012,4,cashier,success,order=ORD000174
TX001530,2025-06-07T22:50:00,sale,P0006,2,cashier,success,order=ORD000174
TX001531,2025-06-07T23:27:00,sale,P0086,2,cashier,success,order=ORD000742
TX001532,2025-06-07T23:27:00,sale,P0088,3,cashier,success,order=ORD000742
TX001533,2025-06-08T01:44:00,sale,P0034,3,cashier,success,order=ORD001077
TX001534,2025-06-08T01:44:00,sale,P0020,2,cashier,success,order=ORD001077
TX001535,2025-06-08T01:44:00,sale,P0002,2,cashier,success,order=ORD001077
TX001536,2025-06-08T01:44:00,sale,P0011,1,cashier,success,order=ORD001077
TX001537,2025-06-08T01:44:00,sale,P0078,3,cashier,success,order=ORD001077
TX001538,2025-06-08T01:44:00,sale,P0079,1,cashier,success,order=ORD001077
TX001539,2025-06-08T01:47:00,sale,P0085,5,cashier,success,order=ORD000010
TX001540,2025-06-08T01:47:00,sale,P0039,4,cashier,success,order=ORD000010
TX001541,2025-06-08T01:47:00,sale,P0042,1,cashier,success,order=ORD000010
TX001542,2025-06-08T19:35:00,sale,P0086,5,cashier,success,order=ORD000556
TX001543,2025-06-08T21:22:00,sale,P0079,1,cashier,success,order=ORD000038
TX001544,2025-06-09T02:44:00,sale,P0012,26,cashier,success,order=ORD000049
TX001545,2025-06-09T02:44:00,sale,P0063,26,cashier,success,order=ORD000049
TX001546,2025-06-09T02:44:00,sale,P0045,26,cashier,success,order=ORD000049
TX001547,2025-06-09T02:44:00,sale,P0049,16,cashier,success,order=ORD000049
TX001548,2025-06-09T18:06:00,sale,P0052,2,cashier,success,order=ORD000177
TX001549,2025-06-09T18:06:00,sale,P0059,4,cashier,success,order=ORD000177
TX001550,2025-06-09T18:06:00,sale,P0076,2,cashier,success,order=ORD000177
TX001551,2025-06-09T18:06:00,sale,P0089,4,cashier,success,order=ORD000177
TX001552,2025-06-10T17:00:00,sale,P0002,17,cashier,success,order=ORD000581
TX001553,2025-06-10T17:00:00,sale,P0011,11,cashier,success,order=ORD000581
TX001554,2025-06-10T17:00:00,sale,P0042,8,cashier,success,order=ORD000581
TX001555,2025-06-10T19:48:00,sale,P0089,17,cashier,success,order=ORD000072
TX001556,2025-06-10T19:48:00,sale,P0086,12,cashier,success,order=ORD000072
TX001557,2025-06-12T16:09:00,sale,P0086,2,cashier,success,order=ORD000566
TX001558,2025-06-12T16:09:00,sale,P0045,5,cashier,success,order=ORD000566
TX001559,2025-06-12T16:09:00,sale,P0028,2,cashier,success,order=ORD000566
TX001560,2025-06-12T16:09:00,sale,P0073,5,cashier,success,order=ORD000566
TX001561,2025-06-12T17:14:00,sale,P0063,5,cashier,success,order=ORD000694
TX001562,2025-06-12T17:14:00,sale,P0045,4,cashier,success,order=ORD000694
TX001563,2025-06-12T19:19:00,sale,P0038,4,cashier,success,order=ORD000891
TX001564,2025-06-12T19:19:00,sale,P0005,4,cashier,success,order=ORD000891
TX001565,2025-06-13T02:45:00,sale,P0044,1,cashier,success,order=ORD000020
TX001566,2025-06-13T02:45:00,sale,P0048,1,cashier,success,order=ORD000020
TX001567,2025-06-13T02:45:00,sale,P0055,1,cashier,success,order=ORD000020
TX001568,2025-06-13T02:45:00,sale,P0022,3,cashier,success,order=ORD000020
TX001569,2025-06-13T04:39:00,sale,P0050,7,cashier,success,order=ORD000156
TX001570,2025-06-13T23:22:00,sale,P0043,4,cashier,success,order=ORD000799
TX001571,2025-06-13T23:22:00,sale,P0006,7,cashier,success,order=ORD000799
TX001572,2025-06-13T23:22:00,sale,P0070,9,cashier,success,order=ORD000799
TX001573,2025-06-13T23:22:00,sale,P0028,8,cashier,success,order=ORD000799
TX001574,2025-06-14T01:14:00,sale,P0075,5,cashier,success,order=ORD000151
TX001575,2025-06-14T16:40:00,sale,P0005,4,cashier,success,order=ORD000496
TX001576,2025-06-14T16:40:00,sale,P0075,5,cashier,success,order=ORD000496
TX001577,2025-06-14T19:21:00,sale,P0005,4,cashier,success,order=ORD000188
TX001578,2025-06-14T19:21:00,sale,P0020,1,cashier,success,order=ORD000188
TX001579,2025-06-14T19:21:00,sale,P0057,1,cashier,success,order=ORD000188
TX001580,2025-06-14T19:21:00,sale,P0036,4,cashier,success,order=ORD000188
TX001581,2025-06-14T19:21:00,sale,P0022,5,cashier,success,order=ORD000188
TX001582,2025-06-14T21:13:00,sale,P0053,1,cashier,success,order=ORD000434
TX001583,2025-06-14T21:13:00,sale,P0002,4,cashier,success,order=ORD000434
TX001584,2025-06-15T00:32:00,sale,P0029,3,cashier,success,order=ORD001024
TX001585,2025-06-15T03:43:00,sale,P0029,16,cashier,success,order=ORD001181
TX001586,2025-06-15T03:43:00,sale,P0017,15,cashier,success,order=ORD001181
TX001587,2025-06-15T04:53:00,sale,P0008,2,cashier,success,order=ORD001200
TX001588,2025-06-15T04:53:00,sale,P0056,5,cashier,success,order=ORD001200
TX001589,2025-06-15T04:53:00,sale,P0026,3,cashier,success,order=ORD001200
TX001590,2025-06-15T04:53:00,sale,P0059,4,cashier,success,order=ORD001200
TX001591,2025-06-15T17:45:00,sale,P0056,4,cashier,success,order=ORD000216
TX001592,2025-06-15T17:45:00,sale,P0025,4,cashier,success,order=ORD000216
TX001593,2025-06-15T17:45:00,sale,P0067,3,cashier,success,order=ORD000216
TX001594,2025-06-15T17:45:00,sale,P0050,4,cashier,success,order=ORD000216
TX001595,2025-06-15T17:45:00,sale,P0034,2,cashier,success,order=ORD000216
TX001596,2025-06-16T18:49:00,sale,P0076,9,cashier,success,order=ORD000858
TX001597,2025-06-16T18:49:00,sale,P0089,24,cashier,success,order=ORD000858
TX001598,2025-06-16T18:49:00,sale,P0082,13,cashier,success,order=ORD000858
TX001599,2025-06-17T16:38:00,sale,P0052,8,cashier,success,order=ORD000349
TX001600,2025-06-17T16:38:00,sale,P0059,7,cashier,success,order=ORD000349
TX001601,2025-06-17T16:38:00,sale,P0086,10,cashier,success,order=ORD000349
TX001602,2025-06-17T16:38:00,sale,P0025,7,cashier,success,order=ORD000349
TX001603,2025-06-17T18:19:00,sale,P0009,4,cashier,success,order=ORD000366
TX001604,2025-06-17T18:19:00,sale,P0008,3,cashier,success,order=ORD000366
TX001605,2025-06-17T18:19:00,sale,P0068,5,cashier,success,order=ORD000366
TX001606,2025-06-18T01:24:00,sale,P0003,3,cashier,success,order=ORD000583
TX001607,2025-06-18T01:24:00,sale,P0017,4,cashier,success,order=ORD000583
TX001608,2025-06-18T04:11:00,sale,P0081,5,cashier,success,order=ORD001160
TX001609,2025-06-18T04:11:00,sale,P0048,5,cashier,success,order=ORD001160
TX001610,2025-06-18T19:51:00,sale,P0032,3,cashier,success,order=ORD000636
TX001611,2025-06-18T19:51:00,sale,P0006,1,cashier,success,order=ORD000636
TX001612,2025-06-18T19:51:00,sale,P0068,5,cashier,success,order=ORD000636
TX001613,2025-06-18T19:51:00,sale,P0043,4,cashier,success,order=ORD000636
TX001614,2025-06-18T19:51:00,sale,P0022,2,cashier,success,order=ORD000636
TX001615,2025-06-19T16:05:00,sale,P0016,2,cashier,success,order=ORD000204
TX001616,2025-06-19T16:07:00,sale,P0059,2,cashier,success,order=ORD000606
TX001617,2025-06-19T16:07:00,sale,P0067,3,cashier,success,order=ORD000606
TX001618,2025-06-19T16:07:00,sale,P0064,4,cashier,success,order=ORD000606
TX001619,2025-06-19T16:07:00,sale,P0018,2,cashier,success,order=ORD000606
TX001620,2025-06-19T16:07:00,sale,P0019,1,cashier,success,order=ORD000606
TX001621,2025-06-20T00:51:00,sale,P0071,3,cashier,success,order=ORD000976
TX001622,2025-06-20T00:51:00,sale,P0038,2,cashier,success,order=ORD000976
TX001623,2025-06-20T00:51:00,sale,P0087,3,cashier,success,order=ORD000976
TX001624,2025-06-20T00:51:00,sale,P0079,3,cashier,success,order=ORD000976
TX001625,2025-06-20T03:12:00,sale,P0088,20,cashier,success,order=ORD000805
TX001626,2025-06-20T03:12:00,sale,P0050,8,cashier,success,order=ORD000805
TX001627,2025-06-20T03:12:00,sale,P0084,9,cashier,success,order=ORD000805
TX001628,2025-06-20T03:12:00,sale,P0063,7,cashier,success,order=ORD000805
TX001629,2025-06-20T04:58:00,sale,P0032,1,cashier,success,order=ORD000290
TX001630,2025-06-20T04:58:00,sale,P0025,3,cashier,success,order=ORD000290
TX001631,2025-06-20T04:58:00,sale,P0004,1,cashier,success,order=ORD000290
TX001632,2025-06-20T04:58:00,sale,P0089,2,cashier,success,order=ORD000290
TX001633,2025-06-20T21:49:00,sale,P0006,2,cashier,success,order=ORD000653
TX001634,2025-06-20T21:49:00,sale,P0043,2,cashier,success,order=ORD000653
TX001635,2025-06-20T21:49:00,sale,P0019,2,cashier,success,order=ORD000653
TX001636,2025-06-20T21:49:00,sale,P0048,2,cashier,success,order=ORD000653
TX001637,2025-06-21T02:42:00,sale,P0068,28,cashier,success,order=ORD000880
TX001638,2025-06-21T02:42:00,sale,P0043,14,cashier,success,order=ORD000880
TX001639,2025-06-21T02:42:00,sale,P0035,29,cashier,success,order=ORD000880
TX001640,2025-06-21T02:42:00,sale,P0047,14,cashier,success,order=ORD000880
TX001641,2025-06-21T02:42:00,sale,P0085,18,cashier,success,order=ORD000880
TX001642,2025-06-21T17:56:00,sale,P0003,3,cashier,success,order=ORD000440
TX001643,2025-06-21T17:56:00,sale,P0089,1,cashier,success,order=ORD000440
TX001644,2025-06-21T17:56:00,sale,P0086,4,cashier,success,order=ORD000440
TX001645,2025-06-21T20:15:00,sale,P0022,5,cashier,success,order=ORD000441
TX001646,2025-06-22T18:56:00,sale,P0045,5,cashier,success,order=ORD000845
TX001647,2025-06-22T18:56:00,sale,P0022,1,cashier,success,order=ORD000845
TX001648,2025-06-22T18:56:00,sale,P0043,4,cashier,success,order=ORD000845
TX001649,2025-06-22T18:56:00,sale,P0006,2,cashier,success,order=ORD000845
TX001650,2025-06-22T20:51:00,sale,P0019,5,cashier,success,order=ORD000628
TX001651,2025-06-22T20:51:00,sale,P0003,3,cashier,success,order=ORD000628
TX001652,2025-06-22T20:51:00,sale,P0055,4,cashier,success,order=ORD000628
TX001653,2025-06-22T21:57:00,sale,P0030,3,cashier,success,order=ORD000740
TX001654,2025-06-23T01:39:00,sale,P0088,1,cashier,success,order=ORD001075
TX001655,2025-06-23T01:39:00,sale,P0084,4,cashier,success,order=ORD001075
TX001656,2025-06-23T01:39:00,sale,P0069,5,cashier,success,order=ORD001075
TX001657,2025-06-23T01:39:00,sale,P0051,1,cashier,success,order=ORD001075
TX001658,2025-06-23T01:39:00,sale,P0034,4,cashier,success,order=ORD001075
TX001659,2025-06-23T01:39:00,sale,P0050,5,cashier,success,order=ORD001075
TX001660,2025-06-23T04:46:00,sale,P0012,22,cashier,success,order=ORD000325
TX001661,2025-06-23T18:31:00,sale,P0033,2,cashier,success,order=ORD000060
TX001662,2025-06-23T18:31:00,sale,P0025,3,cashier,success,order=ORD000060
TX001663,2025-06-23T18:31:00,sale,P0008,3,cashier,success,order=ORD000060
TX001664,2025-06-23T19:23:00,sale,P0088,4,cashier,success,order=ORD000767
TX001665,2025-06-23T19:23:00,sale,P0084,5,cashier,success,order=ORD000767
TX001666,2025-06-23T19:38:00,sale,P0036,4,cashier,success,order=ORD000364
TX001667,2025-06-23T19:38:00,sale,P0022,5,cashier,success,order=ORD000364
TX001668,2025-06-23T19:38:00,sale,P0038,5,cashier,success,order=ORD000364
TX001669,2025-06-23T20:23:00,sale,P0086,5,cashier,success,order=ORD000559
TX001670,2025-06-23T20:23:00,sale,P0005,4,cashier,success,order=ORD000559
TX001671,2025-06-23T20:23:00,sale,P0063,1,cashier,success,order=ORD000559
TX001672,2025-06-24T02:30:00,sale,P0074,4,cashier,success,order=ORD000289
TX001673,2025-06-24T02:30:00,sale,P0058,5,cashier,success,order=ORD000289
TX001674,2025-06-24T02:30:00,sale,P0043,3,cashier,success,order=ORD000289
TX001675,2025-06-24T02:30:00,sale,P0082,1,cashier,success,order=ORD000289
TX001676,2025-06-24T03:05:00,sale,P0043,4,cashier,success,order=ORD000543
TX001677,2025-06-24T04:40:00,sale,P0032,2,cashier,success,order=ORD000249
TX001678,2025-06-24T04:40:00,sale,P0006,5,cashier,success,order=ORD000249
TX001679,2025-06-25T18:07:00,sale,P0088,2,cashier,success,order=ORD000184
TX001680,2025-06-25T18:07:00,sale,P0084,1,cashier,success,order=ORD000184
TX001681,2025-06-25T18:07:00,sale,P0035,1,cashier,success,order=ORD000184
TX001682,2025-06-25T19:20:00,sale,P0026,3,cashier,success,order=ORD000238
TX001683,2025-06-25T19:20:00,sale,P0025,4,cashier,success,order=ORD000238
TX001684,2025-06-25T19:25:00,sale,P0048,3,cashier,success,order=ORD001170
TX001685,2025-06-25T19:25:00,sale,P0089,5,cashier,success,order=ORD001170
TX001686,2025-06-25T19:25:00,sale,P0086,5,cashier,success,order=ORD001170
TX001687,2025-06-25T22:36:00,sale,P0089,1,cashier,success,order=ORD000175
TX001688,2025-06-25T22:36:00,sale,P0086,2,cashier,success,order=ORD000175
TX001689,2025-06-25T22:36:00,sale,P0078,2,cashier,success,order=ORD000175
TX001690,2025-06-25T22:36:00,sale,P0079,1,cashier,success,order=ORD000175
TX001691,2025-06-25T22:36:00,sale,P0008,4,cashier,success,order=ORD000175
TX001692,2025-06-25T22:36:00,sale,P0029,4,cashier,success,order=ORD000175
TX001693,2025-06-25T22:38:00,sale,P0038,2,cashier,success,order=ORD000528
TX001694,2025-06-25T22:38:00,sale,P0026,1,cashier,success,order=ORD000528
TX001695,2025-06-25T22:38:00,sale,P0043,2,cashier,success,order=ORD000528
TX001696,2025-06-26T00:49:00,sale,P0040,3,cashier,success,order=ORD000309
TX001697,2025-06-26T02:47:00,sale,P0069,2,cashier,success,order=ORD000995
TX001698,2025-06-26T02:47:00,sale,P0018,2,cashier,success,order=ORD000995
TX001699,2025-06-26T02:47:00,sale,P0066,3,cashier,success,order=ORD000995
TX001700,2025-06-26T02:47:00,sale,P0005,3,cashier,success,order=ORD000995
TX001701,2025-06-26T17:03:00,sale,P0078,4,cashier,success,order=ORD000877
TX001702,2025-06-26T17:03:00,sale,P0079,4,cashier,success,order=ORD000877
TX001703,2025-06-27T02:42:00,sale,P0047,4,cashier,success,order=ORD000095
TX001704,2025-06-27T02:42:00,sale,P0036,2,cashier,success,order=ORD000095
TX001705,2025-06-28T03:35:00,sale,P0085,2,cashier,success,order=ORD001145
TX001706,2025-06-28T03:35:00,sale,P0055,2,cashier,success,order=ORD001145
TX001707,2025-06-28T03:37:00,sale,P0079,1,cashier,success,order=ORD001039
TX001708,2025-06-28T03:37:00,sale,P0089,2,cashier,success,order=ORD001039
TX001709,2025-06-28T03:37:00,sale,P0042,3,cashier,success,order=ORD001039
TX001710,2025-06-28T03:37:00,sale,P0032,3,cashier,success,order=ORD001039
TX001711,2025-06-28T04:18:00,sale,P0059,4,cashier,success,order=ORD000823
TX001712,2025-06-28T17:17:00,sale,P0058,4,cashier,success,order=ORD000546
TX001713,2025-06-28T17:17:00,sale,P0086,4,cashier,success,order=ORD000546
TX001714,2025-06-28T17:17:00,sale,P0075,4,cashier,success,order=ORD000546
TX001715,2025-06-28T17:17:00,sale,P0063,1,cashier,success,order=ORD000546
TX001716,2025-06-28T17:17:00,sale,P0045,2,cashier,success,order=ORD000546
TX001717,2025-06-28T19:12:00,sale,P0052,7,cashier,success,order=ORD000567
TX001718,2025-06-28T19:12:00,sale,P0059,10,cashier,success,order=ORD000567
TX001719,2025-06-28T19:12:00,sale,P0076,7,cashier,success,order=ORD000567
TX001720,2025-06-28T19:12:00,sale,P0089,4,cashier,success,order=ORD000567
TX001721,2025-06-28T19:12:00,sale,P0083,7,cashier,success,order=ORD000567
TX001722,2025-06-28T19:12:00,sale,P0045,11,cashier,success,order=ORD000567
TX001723,2025-06-28T19:12:00,sale,P0079,8,cashier,success,order=ORD000567
TX001724,2025-06-28T19:47:00,sale,P0030,1,cashier,success,order=ORD001159
TX001725,2025-06-29T04:47:00,sale,P0070,7,cashier,success,order=ORD000369
TX001726,2025-06-29T04:47:00,sale,P0056,2,cashier,success,order=ORD000369
TX001727,2025-06-29T23:29:00,sale,P0026,1,cashier,success,order=ORD000299
TX001728,2025-06-29T23:29:00,sale,P0032,4,cashier,success,order=ORD000299
TX001729,2025-06-29T23:29:00,sale,P0045,2,cashier,success,order=ORD000299
TX001730,2025-06-30T02:40:00,sale,P0040,1,cashier,success,order=ORD000764
TX001731,2025-06-30T21:24:00,sale,P0073,10,cashier,success,order=ORD000920
TX001732,2025-06-30T21:24:00,sale,P0074,4,cashier,success,order=ORD000920
TX001733,2025-06-30T21:24:00,sale,P0026,11,cashier,success,order=ORD000920
TX001734,2025-06-30T21:31:00,sale,P0061,2,cashier,success,order=ORD000547
TX001735,2025-06-30T21:31:00,sale,P0037,5,cashier,success,order=ORD000547
TX001736,2025-07-02T04:01:00,sale,P0072,1,cashier,success,order=ORD000924
TX001737,2025-07-02T04:01:00,sale,P0087,5,cashier,success,order=ORD000924
TX001738,2025-07-02T04:01:00,sale,P0078,5,cashier,success,order=ORD000924
TX001739,2025-07-02T04:01:00,sale,P0079,3,cashier,success,order=ORD000924
TX001740,2025-07-02T16:39:00,sale,P0027,5,cashier,success,order=ORD000524
TX001741,2025-07-02T16:39:00,sale,P0010,20,cashier,success,order=ORD000524
TX001742,2025-07-02T21:55:00,sale,P0088,4,cashier,success,order=ORD000242
TX001743,2025-07-02T21:55:00,sale,P0084,5,cashier,success,order=ORD000242
TX001744,2025-07-02T21:55:00,sale,P0025,5,cashier,success,order=ORD000242
TX001745,2025-07-03T21:43:00,sale,P0006,19,cashier,success,order=ORD000322
TX001746,2025-07-03T21:43:00,sale,P0058,11,cashier,success,order=ORD000322
TX001747,2025-07-04T20:15:00,sale,P0045,5,cashier,success,order=ORD000110
TX001748,2025-07-04T20:15:00,sale,P0055,3,cashier,success,order=ORD000110
TX001749,2025-07-04T20:15:00,sale,P0040,4,cashier,success,order=ORD000110
TX001750,2025-07-04T22:34:00,sale,P0015,2,cashier,success,order=ORD000895
TX001751,2025-07-05T03:18:00,sale,P0005,3,cashier,success,order=ORD000362
TX001752,2025-07-05T03:18:00,sale,P0029,4,cashier,success,order=ORD000362
TX001753,2025-07-05T19:25:00,sale,P0073,4,cashier,success,order=ORD000575
TX001754,2025-07-05T19:25:00,sale,P0074,3,cashier,success,order=ORD000575
TX001755,2025-07-05T19:52:00,sale,P0039,1,cashier,success,order=ORD001063
TX001756,2025-07-05T19:52:00,sale,P0076,1,cashier,success,order=ORD001063
TX001757,2025-07-05T19:52:00,sale,P0089,3,cashier,success,order=ORD001063
TX001758,2025-07-05T19:52:00,sale,P0005,3,cashier,success,order=ORD001063
TX001759,2025-07-05T19:52:00,sale,P0042,2,cashier,success,order=ORD001063
TX001760,2025-07-06T01:58:00,sale,P0084,1,cashier,success,order=ORD000786
TX001761,2025-07-06T01:58:00,sale,P0039,2,cashier,success,order=ORD000786
TX001762,2025-07-06T16:07:00,sale,P0042,2,cashier,success,order=ORD000340
TX001763,2025-07-06T16:07:00,sale,P0005,3,cashier,success,order=ORD000340
TX001764,2025-07-06T20:22:00,sale,P0022,3,cashier,success,order=ORD000531
TX001765,2025-07-06T20:22:00,sale,P0082,2,cashier,success,order=ORD000531
TX001766,2025-07-06T20:22:00,sale,P0017,4,cashier,success,order=ORD000531
TX001767,2025-07-06T22:10:00,sale,P0017,15,cashier,success,order=ORD001069
TX001768,2025-07-07T22:41:00,sale,P0048,3,cashier,success,order=ORD000741
TX001769,2025-07-08T02:03:00,sale,P0022,2,cashier,success,order=ORD001096
TX001770,2025-07-08T02:33:00,sale,P0003,5,cashier,success,order=ORD001097
TX001771,2025-07-08T02:33:00,sale,P0025,4,cashier,success,order=ORD001097
TX001772,2025-07-08T17:48:00,sale,P0020,26,cashier,success,order=ORD000037
TX001773,2025-07-08T17:48:00,sale,P0038,10,cashier,success,order=ORD000037
TX001774,2025-07-08T20:01:00,sale,P0084,3,cashier,success,order=ORD000381
TX001775,2025-07-08T20:01:00,sale,P0005,3,cashier,success,order=ORD000381
TX001776,2025-07-08T20:01:00,sale,P0067,5,cashier,success,order=ORD000381
TX001777,2025-07-08T21:12:00,sale,P0085,5,cashier,success,order=ORD000622
TX001778,2025-07-08T21:12:00,sale,P0022,1,cashier,success,order=ORD000622
TX001779,2025-07-09T21:26:00,sale,P0079,7,cashier,success,order=ORD000099
TX001780,2025-07-09T22:15:00,sale,P0029,9,cashier,success,order=ORD000804
TX001781,2025-07-10T02:03:00,sale,P0076,2,cashier,success,order=ORD000923
TX001782,2025-07-10T02:03:00,sale,P0034,5,cashier,success,order=ORD000923
TX001783,2025-07-10T02:44:00,sale,P0050,7,cashier,success,order=ORD001015
TX001784,2025-07-10T02:44:00,sale,P0053,28,cashier,success,order=ORD001015
TX001785,2025-07-10T02:44:00,sale,P0080,23,cashier,success,order=ORD001015
TX001786,2025-07-10T02:47:00,sale,P0048,3,cashier,success,order=ORD000029
TX001787,2025-07-10T02:47:00,sale,P0052,3,cashier,success,order=ORD000029
TX001788,2025-07-10T02:47:00,sale,P0080,4,cashier,success,order=ORD000029
TX001789,2025-07-10T16:39:00,sale,P0042,18,cashier,success,order=ORD001062
TX001790,2025-07-10T19:41:00,sale,P0052,25,cashier,success,order=ORD000533
TX001791,2025-07-10T19:41:00,sale,P0059,19,cashier,success,order=ORD000533
TX001792,2025-07-10T19:41:00,sale,P0010,22,cashier,success,order=ORD000533
TX001793,2025-07-11T02:21:00,sale,P0077,20,cashier,success,order=ORD000890
TX001794,2025-07-11T02:21:00,sale,P0078,22,cashier,success,order=ORD000890
TX001795,2025-07-11T02:21:00,sale,P0079,24,cashier,success,order=ORD000890
TX001796,2025-07-11T16:30:00,sale,P0009,20,cashier,success,order=ORD000681
TX001797,2025-07-11T17:40:00,sale,P0028,3,cashier,success,order=ORD001196
TX001798,2025-07-11T17:40:00,sale,P0045,4,cashier,success,order=ORD001196
TX001799,2025-07-11T17:40:00,sale,P0068,1,cashier,success,order=ORD001196
TX001800,2025-07-11T18:19:00,sale,P0035,18,cashier,success,order=ORD001177
TX001801,2025-07-11T18:19:00,sale,P0073,10,cashier,success,order=ORD001177
TX001802,2025-07-11T18:19:00,sale,P0074,5,cashier,success,order=ORD001177
TX001803,2025-07-11T18:19:00,sale,P0029,11,cashier,success,order=ORD001177
TX001804,2025-07-11T18:19:00,sale,P0031,14,cashier,success,order=ORD001177
TX001805,2025-07-11T23:33:00,sale,P0029,5,cashier,success,order=ORD000454
TX001806,2025-07-11T23:33:00,sale,P0034,5,cashier,success,order=ORD000454
TX001807,2025-07-12T01:46:00,sale,P0009,2,cashier,success,order=ORD000939
TX001808,2025-07-12T17:43:00,sale,P0079,3,cashier,success,order=ORD000092
TX001809,2025-07-12T17:43:00,sale,P0089,5,cashier,success,order=ORD000092
TX001810,2025-07-12T17:43:00,sale,P0078,4,cashier,success,order=ORD000092
TX001811,2025-07-12T17:43:00,sale,P0012,3,cashier,success,order=ORD000092
TX001812,2025-07-12T17:43:00,sale,P0035,2,cashier,success,order=ORD000092
TX001813,2025-07-12T18:24:00,sale,P0060,1,cashier,success,order=ORD001148
TX001814,2025-07-12T18:24:00,sale,P0024,2,cashier,success,order=ORD001148
TX001815,2025-07-12T18:24:00,sale,P0079,3,cashier,success,order=ORD001148
TX001816,2025-07-12T18:24:00,sale,P0089,4,cashier,success,order=ORD001148
TX001817,2025-07-13T17:17:00,sale,P0004,8,cashier,success,order=ORD000493
TX001818,2025-07-14T04:16:00,sale,P0025,5,cashier,success,order=ORD000574
TX001819,2025-07-14T04:16:00,sale,P0086,2,cashier,success,order=ORD000574
TX001820,2025-07-14T04:16:00,sale,P0056,2,cashier,success,order=ORD000574
TX001821,2025-07-14T04:24:00,sale,P0032,3,cashier,success,order=ORD000667
TX001822,2025-07-14T04:24:00,sale,P0028,5,cashier,success,order=ORD000667
TX001823,2025-07-14T04:24:00,sale,P0008,3,cashier,success,order=ORD000667
TX001824,2025-07-14T16:42:00,sale,P0030,3,cashier,success,order=ORD000709
TX001825,2025-07-14T16:42:00,sale,P0028,5,cashier,success,order=ORD000709
TX001826,2025-07-14T16:42:00,sale,P0020,5,cashier,success,order=ORD000709
TX001827,2025-07-14T16:42:00,sale,P0025,3,cashier,success,order=ORD000709
TX001828,2025-07-14T19:20:00,sale,P0061,7,cashier,success,order=ORD001125
TX001829,2025-07-14T21:28:00,sale,P0065,4,cashier,success,order=ORD000641
TX001830,2025-07-14T23:53:00,sale,P0003,1,cashier,success,order=ORD001052
TX001831,2025-07-15T17:25:00,sale,P0022,10,cashier,success,order=ORD000397
TX001832,2025-07-15T17:25:00,sale,P0071,17,cashier,success,order=ORD000397
TX001833,2025-07-15T20:25:00,sale,P0012,4,cashier,success,order=ORD000390
TX001834,2025-07-15T20:25:00,sale,P0082,3,cashier,success,order=ORD000390
TX001835,2025-07-15T20:25:00,sale,P0005,3,cashier,success,order=ORD000390
TX001836,2025-07-15T21:11:00,sale,P0089,6,cashier,success,order=ORD000669
TX001837,2025-07-15T21:11:00,sale,P0086,25,cashier,success,order=ORD000669
TX001838,2025-07-15T21:11:00,sale,P0032,6,cashier,success,order=ORD000669
TX001839,2025-07-15T21:11:00,sale,P0006,13,cashier,success,order=ORD000669
TX001840,2025-07-15T21:11:00,sale,P0052,23,cashier,success,order=ORD000669
TX001841,2025-07-15T21:11:00,sale,P0059,20,cashier,success,order=ORD000669
TX001842,2025-07-15T21:11:00,sale,P0084,20,cashier,success,order=ORD000669
TX001843,2025-07-15T22:19:00,sale,P0028,5,cashier,success,order=ORD000861
TX001844,2025-07-15T22:19:00,sale,P0018,3,cashier,success,order=ORD000861
TX001845,2025-07-15T22:19:00,sale,P0019,2,cashier,success,order=ORD000861
TX001846,2025-07-16T00:33:00,sale,P0015,3,cashier,success,order=ORD000052
TX001847,2025-07-16T00:33:00,sale,P0016,1,cashier,success,order=ORD000052
TX001848,2025-07-16T00:33:00,sale,P0054,1,cashier,success,order=ORD000052
TX001849,2025-07-16T01:35:00,sale,P0009,4,cashier,success,order=ORD001011
TX001850,2025-07-16T01:35:00,sale,P0084,3,cashier,success,order=ORD001011
TX001851,2025-07-16T01:35:00,sale,P0087,2,cashier,success,order=ORD001011
TX001852,2025-07-16T16:02:00,sale,P0066,2,cashier,success,order=ORD000176
TX001853,2025-07-16T16:02:00,sale,P0087,5,cashier,success,order=ORD000176
TX001854,2025-07-16T20:40:00,sale,P0078,5,cashier,success,order=ORD000707
TX001855,2025-07-16T22:39:00,sale,P0026,5,cashier,success,order=ORD000227
TX001856,2025-07-16T22:39:00,sale,P0088,1,cashier,success,order=ORD000227
TX001857,2025-07-16T22:39:00,sale,P0084,2,cashier,success,order=ORD000227
TX001858,2025-07-16T22:39:00,sale,P0071,1,cashier,success,order=ORD000227
TX001859,2025-07-17T02:12:00,sale,P0035,4,cashier,success,order=ORD000323
TX001860,2025-07-17T02:12:00,sale,P0010,2,cashier,success,order=ORD000323
TX001861,2025-07-17T02:29:00,sale,P0058,3,cashier,success,order=ORD000685
TX001862,2025-07-17T04:17:00,sale,P0023,5,cashier,success,order=ORD000500
TX001863,2025-07-17T18:10:00,sale,P0032,4,cashier,success,order=ORD001021
TX001864,2025-07-17T18:10:00,sale,P0076,5,cashier,success,order=ORD001021
TX001865,2025-07-17T18:10:00,sale,P0089,1,cashier,success,order=ORD001021
TX001866,2025-07-17T18:10:00,sale,P0048,3,cashier,success,order=ORD001021
TX001867,2025-07-17T18:10:00,sale,P0012,2,cashier,success,order=ORD001021
TX001868,2025-07-17T18:10:00,sale,P0045,4,cashier,success,order=ORD001021
TX001869,2025-07-18T18:05:00,sale,P0075,1,cashier,success,order=ORD000776
TX001870,2025-07-18T18:05:00,sale,P0022,5,cashier,success,order=ORD000776
TX001871,2025-07-18T18:05:00,sale,P0055,2,cashier,success,order=ORD000776
TX001872,2025-07-19T00:26:00,sale,P0060,21,cashier,success,order=ORD000163
TX001873,2025-07-19T00:26:00,sale,P0086,24,cashier,success,order=ORD000163
TX001874,2025-07-19T00:26:00,sale,P0050,29,cashier,success,order=ORD000163
TX001875,2025-07-19T00:26:00,sale,P0022,10,cashier,success,order=ORD000163
TX001876,2025-07-19T00:26:00,sale,P0027,9,cashier,success,order=ORD000163
TX001877,2025-07-19T03:16:00,sale,P0049,3,cashier,success,order=ORD001147
TX001878,2025-07-19T03:28:00,sale,P0005,2,cashier,success,order=ORD001076
TX001879,2025-07-19T03:28:00,sale,P0061,2,cashier,success,order=ORD001076
TX001880,2025-07-19T04:05:00,sale,P0049,3,cashier,success,order=ORD000109
TX001881,2025-07-19T04:05:00,sale,P0089,2,cashier,success,order=ORD000109
TX001882,2025-07-19T04:05:00,sale,P0086,4,cashier,success,order=ORD000109
TX001883,2025-07-19T04:05:00,sale,P0046,3,cashier,success,order=ORD000109
TX001884,2025-07-19T17:29:00,sale,P0078,4,cashier,success,order=ORD000932
TX001885,2025-07-19T17:29:00,sale,P0064,2,cashier,success,order=ORD000932
TX001886,2025-07-19T17:29:00,sale,P0047,1,cashier,success,order=ORD000932
TX001887,2025-07-19T17:29:00,sale,P0048,4,cashier,success,order=ORD000932
TX001888,2025-07-19T17:29:00,sale,P0084,4,cashier,success,order=ORD000932
TX001889,2025-07-19T17:29:00,sale,P0019,3,cashier,success,order=ORD000932
TX001890,2025-07-19T20:14:00,sale,P0026,2,cashier,success,order=ORD000241
TX001891,2025-07-19T22:38:00,sale,P0017,28,cashier,success,order=ORD000536
TX001892,2025-07-19T22:38:00,sale,P0015,14,cashier,success,order=ORD000536
TX001893,2025-07-19T22:38:00,sale,P0016,13,cashier,success,order=ORD000536
TX001894,2025-07-20T04:48:00,sale,P0075,4,cashier,success,order=ORD000888
TX001895,2025-07-20T04:48:00,sale,P0071,1,cashier,success,order=ORD000888
TX001896,2025-07-20T16:23:00,sale,P0073,2,cashier,success,order=ORD000837
TX001897,2025-07-20T16:23:00,sale,P0074,2,cashier,success,order=ORD000837
TX001898,2025-07-20T23:09:00,sale,P0018,4,cashier,success,order=ORD000801
TX001899,2025-07-20T23:09:00,sale,P0019,4,cashier,success,order=ORD000801
TX001900,2025-07-20T23:09:00,sale,P0015,2,cashier,success,order=ORD000801
TX001901,2025-07-21T04:40:00,sale,P0077,5,cashier,success,order=ORD000573
TX001902,2025-07-21T04:40:00,sale,P0083,4,cashier,success,order=ORD000573
TX001903,2025-07-21T04:40:00,sale,P0029,2,cashier,success,order=ORD000573
TX001904,2025-07-21T04:40:00,sale,P0009,3,cashier,success,order=ORD000573
TX001905,2025-07-21T04:40:00,sale,P0003,2,cashier,success,order=ORD000573
TX001906,2025-07-21T04:40:00,sale,P0017,5,cashier,success,order=ORD000573
TX001907,2025-07-21T18:05:00,sale,P0075,1,cashier,success,order=ORD001092
TX001908,2025-07-21T18:05:00,sale,P0032,4,cashier,success,order=ORD001092
TX001909,2025-07-21T18:05:00,sale,P0006,2,cashier,success,order=ORD001092
TX001910,2025-07-21T18:08:00,sale,P0042,2,cashier,success,order=ORD000263
TX001911,2025-07-21T18:08:00,sale,P0068,2,cashier,success,order=ORD000263
TX001912,2025-07-21T18:08:00,sale,P0043,5,cashier,success,order=ORD000263
TX001913,2025-07-21T19:08:00,sale,P0076,5,cashier,success,order=ORD000969
TX001914,2025-07-21T19:08:00,sale,P0089,2,cashier,success,order=ORD000969
TX001915,2025-07-21T19:08:00,sale,P0057,5,cashier,success,order=ORD000969
TX001916,2025-07-21T19:29:00,sale,P0018,4,cashier,success,order=ORD000191
TX001917,2025-07-21T19:29:00,sale,P0019,5,cashier,success,order=ORD000191
TX001918,2025-07-21T19:29:00,sale,P0069,4,cashier,success,order=ORD000191
TX001919,2025-07-21T19:29:00,sale,P0051,1,cashier,success,order=ORD000191
TX001920,2025-07-21T19:29:00,sale,P0056,4,cashier,success,order=ORD000191
TX001921,2025-07-21T20:29:00,sale,P0089,4,cashier,success,order=ORD000842
TX001922,2025-07-21T20:29:00,sale,P0086,5,cashier,success,order=ORD000842
TX001923,2025-07-21T20:29:00,sale,P0077,5,cashier,success,order=ORD000842
TX001924,2025-07-21T20:29:00,sale,P0085,5,cashier,success,order=ORD000842
TX001925,2025-07-21T21:19:00,sale,P0063,11,cashier,success,order=ORD001053
TX001926,2025-07-21T21:19:00,sale,P0082,6,cashier,success,order=ORD001053
TX001927,2025-07-21T21:19:00,sale,P0087,10,cashier,success,order=ORD001053
TX001928,2025-07-21T21:19:00,sale,P0089,7,cashier,success,order=ORD001053
TX001929,2025-07-21T21:19:00,sale,P0086,8,cashier,success,order=ORD001053
TX001930,2025-07-21T21:50:00,sale,P0049,9,cashier,success,order=ORD000075
TX001931,2025-07-21T21:50:00,sale,P0033,21,cashier,success,order=ORD000075
TX001932,2025-07-21T21:50:00,sale,P0006,24,cashier,success,order=ORD000075
TX001933,2025-07-21T21:50:00,sale,P0054,17,cashier,success,order=ORD000075
TX001934,2025-07-21T21:50:00,sale,P0036,14,cashier,success,order=ORD000075
TX001935,2025-07-21T21:50:00,sale,P0005,21,cashier,success,order=ORD000075
TX001936,2025-07-22T04:02:00,sale,P0057,26,cashier,success,order=ORD000415
TX001937,2025-07-22T04:02:00,sale,P0083,28,cashier,success,order=ORD000415
TX001938,2025-07-22T04:02:00,sale,P0006,5,cashier,success,order=ORD000415
TX001939,2025-07-22T16:16:00,sale,P0040,7,cashier,success,order=ORD000027
TX001940,2025-07-22T16:16:00,sale,P0059,5,cashier,success,order=ORD000027
TX001941,2025-07-22T20:37:00,sale,P0038,18,cashier,success,order=ORD000421
TX001942,2025-07-22T20:37:00,sale,P0039,9,cashier,success,order=ORD000421
TX001943,2025-07-22T20:47:00,sale,P0029,11,cashier,success,order=ORD000044
TX001944,2025-07-22T20:47:00,sale,P0016,28,cashier,success,order=ORD000044
TX001945,2025-07-22T22:07:00,sale,P0009,3,cashier,success,order=ORD000474
TX001946,2025-07-23T21:18:00,sale,P0013,5,cashier,success,order=ORD000193
TX001947,2025-07-23T21:18:00,sale,P0037,5,cashier,success,order=ORD000193
TX001948,2025-07-23T21:41:00,sale,P0088,6,cashier,success,order=ORD000064
TX001949,2025-07-23T21:41:00,sale,P0084,11,cashier,success,order=ORD000064
TX001950,2025-07-23T21:41:00,sale,P0018,9,cashier,success,order=ORD000064
TX001951,2025-07-23T21:41:00,sale,P0019,4,cashier,success,order=ORD000064
TX001952,2025-07-23T22:10:00,sale,P0038,4,cashier,success,order=ORD000482
TX001953,2025-07-23T22:10:00,sale,P0055,4,cashier,success,order=ORD000482
TX001954,2025-07-23T22:14:00,sale,P0020,2,cashier,success,order=ORD001134
TX001955,2025-07-24T00:18:00,sale,P0045,14,cashier,success,order=ORD000136
TX001956,2025-07-24T00:18:00,sale,P0038,11,cashier,success,order=ORD000136
TX001957,2025-07-24T00:18:00,sale,P0062,15,cashier,success,order=ORD000136
TX001958,2025-07-24T00:18:00,sale,P0049,25,cashier,success,order=ORD000136
TX001959,2025-07-24T00:30:00,sale,P0003,5,cashier,success,order=ORD000934
TX001960,2025-07-24T00:30:00,sale,P0017,2,cashier,success,order=ORD000934
TX001961,2025-07-24T00:30:00,sale,P0089,4,cashier,success,order=ORD000934
TX001962,2025-07-24T00:30:00,sale,P0086,3,cashier,success,order=ORD000934
TX001963,2025-07-24T00:44:00,sale,P0076,2,cashier,success,order=ORD001161
TX001964,2025-07-24T00:44:00,sale,P0086,4,cashier,success,order=ORD001161
TX001965,2025-07-24T03:50:00,sale,P0006,12,cashier,success,order=ORD000989
TX001966,2025-07-24T03:50:00,sale,P0043,10,cashier,success,order=ORD000989
TX001967,2025-07-24T03:50:00,sale,P0005,12,cashier,success,order=ORD000989
TX001968,2025-07-25T01:51:00,sale,P0029,5,cashier,success,order=ORD000466
TX001969,2025-07-25T16:25:00,sale,P0029,4,cashier,success,order=ORD000166
TX001970,2025-07-25T16:25:00,sale,P0022,2,cashier,success,order=ORD000166
TX001971,2025-07-25T16:25:00,sale,P0068,4,cashier,success,order=ORD000166
TX001972,2025-07-25T16:25:00,sale,P0083,4,cashier,success,order=ORD000166
TX001973,2025-07-25T17:39:00,sale,P0022,5,cashier,success,order=ORD000443
TX001974,2025-07-25T17:39:00,sale,P0053,3,cashier,success,order=ORD000443
TX001975,2025-07-25T17:39:00,sale,P0058,1,cashier,success,order=ORD000443
TX001976,2025-07-25T20:39:00,sale,P0059,2,cashier,success,order=ORD000374
TX001977,2025-07-25T20:39:00,sale,P0048,4,cashier,success,order=ORD000374
TX001978,2025-07-25T23:24:00,sale,P0048,1,cashier,success,order=ORD000966
TX001979,2025-07-25T23:24:00,sale,P0088,4,cashier,success,order=ORD000966
TX001980,2025-07-25T23:24:00,sale,P0084,5,cashier,success,order=ORD000966
TX001981,2025-07-26T00:26:00,sale,P0019,3,cashier,success,order=ORD000698
TX001982,2025-07-26T00:26:00,sale,P0083,5,cashier,success,order=ORD000698
TX001983,2025-07-26T00:58:00,sale,P0086,4,cashier,success,order=ORD000835
TX001984,2025-07-26T01:45:00,sale,P0074,2,cashier,success,order=ORD001098
TX001985,2025-07-26T01:45:00,sale,P0025,5,cashier,success,order=ORD001098
TX001986,2025-07-26T01:45:00,sale,P0071,3,cashier,success,order=ORD001098
TX001987,2025-07-26T01:45:00,sale,P0083,5,cashier,success,order=ORD001098
TX001988,2025-07-26T02:06:00,sale,P0013,4,cashier,success,order=ORD000085
TX001989,2025-07-26T23:37:00,sale,P0002,3,cashier,success,order=ORD000518
TX001990,2025-07-26T23:37:00,sale,P0011,3,cashier,success,order=ORD000518
TX001991,2025-07-26T23:48:00,sale,P0076,3,cashier,success,order=ORD000699
TX001992,2025-07-26T23:48:00,sale,P0089,1,cashier,success,order=ORD000699
TX001993,2025-07-26T23:48:00,sale,P0085,4,cashier,success,order=ORD000699
TX001994,2025-07-27T04:49:00,sale,P0027,2,cashier,success,order=ORD000462
TX001995,2025-07-27T04:49:00,sale,P0052,4,cashier,success,order=ORD000462
TX001996,2025-07-27T04:49:00,sale,P0004,1,cashier,success,order=ORD000462
TX001997,2025-07-27T16:37:00,sale,P0079,2,cashier,success,order=ORD000870
TX001998,2025-07-27T16:37:00,sale,P0089,5,cashier,success,order=ORD000870
TX001999,2025-07-27T16:37:00,sale,P0015,4,cashier,success,order=ORD000870
TX002000,2025-07-27T16:37:00,sale,P0016,3,cashier,success,order=ORD000870
TX002001,2025-07-27T19:07:00,sale,P0003,18,cashier,success,order=ORD000376
TX002002,2025-07-28T04:16:00,sale,P0036,5,cashier,success,order=ORD000860
TX002003,2025-07-28T04:16:00,sale,P0045,1,cashier,success,order=ORD000860
TX002004,2025-07-28T16:34:00,sale,P0053,7,cashier,success,order=ORD000735
TX002005,2025-07-28T16:34:00,sale,P0047,20,cashier,success,order=ORD000735
TX002006,2025-07-28T16:34:00,sale,P0048,18,cashier,success,order=ORD000735
TX002007,2025-07-28T17:14:00,sale,P0064,2,cashier,success,order=ORD001023
TX002008,2025-07-30T01:18:00,sale,P0006,1,cashier,success,order=ORD000539
TX002009,2025-07-30T01:18:00,sale,P0076,5,cashier,success,order=ORD000539
TX002010,2025-07-30T01:18:00,sale,P0089,4,cashier,success,order=ORD000539
TX002011,2025-07-30T02:09:00,sale,P0072,15,cashier,success,order=ORD000019
TX002012,2025-07-30T16:01:00,sale,P0025,2,cashier,success,order=ORD000102
TX002013,2025-07-30T16:01:00,sale,P0089,1,cashier,success,order=ORD000102
TX002014,2025-07-30T16:01:00,sale,P0086,2,cashier,success,order=ORD000102
TX002015,2025-07-30T16:15:00,sale,P0051,2,cashier,success,order=ORD000218
TX002016,2025-07-30T16:15:00,sale,P0059,3,cashier,success,order=ORD000218
TX002017,2025-07-31T01:43:00,sale,P0019,8,cashier,success,order=ORD000132
TX002018,2025-07-31T01:43:00,sale,P0083,4,cashier,success,order=ORD000132
TX002019,2025-07-31T02:08:00,sale,P0067,5,cashier,success,order=ORD001094
TX002020,2025-07-31T02:08:00,sale,P0049,5,cashier,success,order=ORD001094
TX002021,2025-07-31T02:08:00,sale,P0028,2,cashier,success,order=ORD001094
TX002022,2025-07-31T02:08:00,sale,P0059,1,cashier,success,order=ORD001094
TX002023,2025-07-31T03:56:00,sale,P0020,4,cashier,success,order=ORD000781
TX002024,2025-07-31T03:56:00,sale,P0036,4,cashier,success,order=ORD000781
TX002025,2025-08-01T16:56:00,sale,P0019,5,cashier,success,order=ORD000933
TX002026,2025-08-01T16:56:00,sale,P0033,5,cashier,success,order=ORD000933
TX002027,2025-08-01T16:56:00,sale,P0013,5,cashier,success,order=ORD000933
TX002028,2025-08-01T18:35:00,sale,P0050,4,cashier,success,order=ORD000352
TX002029,2025-08-01T18:35:00,sale,P0085,3,cashier,success,order=ORD000352
TX002030,2025-08-01T21:50:00,sale,P0076,2,cashier,success,order=ORD000256
TX002031,2025-08-01T21:50:00,sale,P0089,2,cashier,success,order=ORD000256
TX002032,2025-08-01T21:50:00,sale,P0005,2,cashier,success,order=ORD000256
TX002033,2025-08-01T21:50:00,sale,P0007,2,cashier,success,order=ORD000256
TX002034,2025-08-01T21:50:00,sale,P0043,5,cashier,success,order=ORD000256
TX002035,2025-08-01T22:47:00,sale,P0044,8,cashier,success,order=ORD000485
TX002036,2025-08-01T22:47:00,sale,P0057,23,cashier,success,order=ORD000485
TX002037,2025-08-02T02:51:00,sale,P0010,1,cashier,success,order=ORD001175
TX002038,2025-08-02T18:18:00,sale,P0059,4,cashier,success,order=ORD000306
TX002039,2025-08-02T18:18:00,sale,P0013,5,cashier,success,order=ORD000306
TX002040,2025-08-02T18:18:00,sale,P0008,4,cashier,success,order=ORD000306
TX002041,2025-08-02T18:18:00,sale,P0002,5,cashier,success,order=ORD000306
TX002042,2025-08-02T18:18:00,sale,P0043,2,cashier,success,order=ORD000306
TX002043,2025-08-02T18:18:00,sale,P0006,5,cashier,success,order=ORD000306
TX002044,2025-08-03T01:47:00,sale,P0008,4,cashier,success,order=ORD000620
TX002045,2025-08-03T01:47:00,sale,P0049,3,cashier,success,order=ORD000620
TX002046,2025-08-03T01:47:00,sale,P0087,3,cashier,success,order=ORD000620
TX002047,2025-08-03T04:46:00,sale,P0086,3,cashier,success,order=ORD000717
TX002048,2025-08-03T04:46:00,sale,P0042,3,cashier,success,order=ORD000717
TX002049,2025-08-03T23:30:00,sale,P0072,22,cashier,success,order=ORD000565
TX002050,2025-08-03T23:30:00,sale,P0088,7,cashier,success,order=ORD000565
TX002051,2025-08-03T23:30:00,sale,P0084,9,cashier,success,order=ORD000565
TX002052,2025-08-03T23:46:00,sale,P0047,2,cashier,success,order=ORD000974
TX002053,2025-08-03T23:46:00,sale,P0048,1,cashier,success,order=ORD000974
TX002054,2025-08-03T23:46:00,sale,P0038,1,cashier,success,order=ORD000974
TX002055,2025-08-03T23:46:00,sale,P0078,3,cashier,success,order=ORD000974
TX002056,2025-08-03T23:46:00,sale,P0079,4,cashier,success,order=ORD000974
TX002057,2025-08-04T02:58:00,sale,P0005,3,cashier,success,order=ORD000355
TX002058,2025-08-04T02:58:00,sale,P0026,3,cashier,success,order=ORD000355
TX002059,2025-08-04T02:58:00,sale,P0057,3,cashier,success,order=ORD000355
TX002060,2025-08-04T02:58:00,sale,P0008,5,cashier,success,order=ORD000355
TX002061,2025-08-04T02:58:00,sale,P0018,2,cashier,success,order=ORD000355
TX002062,2025-08-04T03:29:00,sale,P0089,5,cashier,success,order=ORD000519
TX002063,2025-08-04T23:29:00,sale,P0065,11,cashier,success,order=ORD000745
TX002064,2025-08-04T23:29:00,sale,P0027,3,cashier,success,order=ORD000745
TX002065,2025-08-05T22:05:00,sale,P0088,4,cashier,success,order=ORD001110
TX002066,2025-08-05T22:05:00,sale,P0084,1,cashier,success,order=ORD001110
TX002067,2025-08-05T22:05:00,sale,P0008,2,cashier,success,order=ORD001110
TX002068,2025-08-06T16:39:00,sale,P0008,11,cashier,success,order=ORD001022
TX002069,2025-08-06T16:39:00,sale,P0090,4,cashier,success,order=ORD001022
TX002070,2025-08-06T17:11:00,sale,P0028,4,cashier,success,order=ORD000650
TX002071,2025-08-06T17:11:00,sale,P0010,5,cashier,success,order=ORD000650
TX002072,2025-08-06T21:11:00,sale,P0023,10,cashier,success,order=ORD001044
TX002073,2025-08-06T21:11:00,sale,P0059,10,cashier,success,order=ORD001044
TX002074,2025-08-06T23:38:00,sale,P0025,5,cashier,success,order=ORD000040
TX002075,2025-08-06T23:38:00,sale,P0069,3,cashier,success,order=ORD000040
TX002076,2025-08-06T23:38:00,sale,P0051,4,cashier,success,order=ORD000040
TX002077,2025-08-07T01:25:00,sale,P0002,2,cashier,success,order=ORD000718
TX002078,2025-08-07T01:25:00,sale,P0006,3,cashier,success,order=ORD000718
TX002079,2025-08-07T01:25:00,sale,P0043,3,cashier,success,order=ORD000718
TX002080,2025-08-07T01:25:00,sale,P0058,4,cashier,success,order=ORD000718
TX002081,2025-08-07T03:57:00,sale,P0077,5,cashier,success,order=ORD000351
TX002082,2025-08-07T03:57:00,sale,P0013,4,cashier,success,order=ORD000351
TX002083,2025-08-07T21:24:00,sale,P0026,4,cashier,success,order=ORD000350
TX002084,2025-08-07T21:24:00,sale,P0032,4,cashier,success,order=ORD000350
TX002085,2025-08-07T22:27:00,sale,P0044,3,cashier,success,order=ORD000769
TX002086,2025-08-08T01:54:00,sale,P0047,2,cashier,success,order=ORD000286
TX002087,2025-08-08T01:54:00,sale,P0032,3,cashier,success,order=ORD000286
TX002088,2025-08-08T01:54:00,sale,P0006,1,cashier,success,order=ORD000286
TX002089,2025-08-08T02:24:00,sale,P0050,3,cashier,success,order=ORD000617
TX002090,2025-08-08T02:24:00,sale,P0012,3,cashier,success,order=ORD000617
TX002091,2025-08-08T02:24:00,sale,P0046,3,cashier,success,order=ORD000617
TX002092,2025-08-08T02:24:00,sale,P0009,2,cashier,success,order=ORD000617
TX002093,2025-08-08T03:29:00,sale,P0065,19,cashier,success,order=ORD000481
TX002094,2025-08-08T03:29:00,sale,P0022,30,cashier,success,order=ORD000481
TX002095,2025-08-08T04:20:00,sale,P0052,3,cashier,success,order=ORD000985
TX002096,2025-08-08T04:20:00,sale,P0022,5,cashier,success,order=ORD000985
TX002097,2025-08-08T04:20:00,sale,P0049,3,cashier,success,order=ORD000985
TX002098,2025-08-08T18:00:00,sale,P0073,3,cashier,success,order=ORD000211
TX002099,2025-08-08T18:00:00,sale,P0057,3,cashier,success,order=ORD000211
TX002100,2025-08-08T18:40:00,sale,P0066,8,cashier,success,order=ORD000572
TX002101,2025-08-08T18:40:00,sale,P0036,8,cashier,success,order=ORD000572
TX002102,2025-08-08T20:19:00,sale,P0026,2,cashier,success,order=ORD001040
TX002103,2025-08-08T20:19:00,sale,P0042,4,cashier,success,order=ORD001040
TX002104,2025-08-08T20:19:00,sale,P0067,5,cashier,success,order=ORD001040
TX002105,2025-08-09T01:16:00,sale,P0087,4,cashier,success,order=ORD000386
TX002106,2025-08-09T01:37:00,sale,P0056,8,cashier,success,order=ORD000829
TX002107,2025-08-09T01:37:00,sale,P0053,8,cashier,success,order=ORD000829
TX002108,2025-08-09T01:37:00,sale,P0059,11,cashier,success,order=ORD000829
TX002109,2025-08-09T01:37:00,sale,P0088,12,cashier,success,order=ORD000829
TX002110,2025-08-09T01:37:00,sale,P0084,2,cashier,success,order=ORD000829
TX002111,2025-08-09T03:17:00,sale,P0050,3,cashier,success,order=ORD001116
TX002112,2025-08-10T03:10:00,sale,P0073,20,cashier,success,order=ORD001082
TX002113,2025-08-11T04:29:00,sale,P0073,5,cashier,success,order=ORD000598
TX002114,2025-08-11T04:29:00,sale,P0074,2,cashier,success,order=ORD000598
TX002115,2025-08-11T04:29:00,sale,P0010,3,cashier,success,order=ORD000598
TX002116,2025-08-11T21:09:00,sale,P0009,1,cashier,success,order=ORD000541
TX002117,2025-08-11T21:09:00,sale,P0017,2,cashier,success,order=ORD000541
TX002118,2025-08-11T21:09:00,sale,P0078,2,cashier,success,order=ORD000541
TX002119,2025-08-11T21:09:00,sale,P0079,1,cashier,success,order=ORD000541
TX002120,2025-08-11T21:41:00,sale,P0074,2,cashier,success,order=ORD000676
TX002121,2025-08-11T21:41:00,sale,P0019,4,cashier,success,order=ORD000676
TX002122,2025-08-11T21:41:00,sale,P0062,1,cashier,success,order=ORD000676
TX002123,2025-08-11T21:41:00,sale,P0049,2,cashier,success,order=ORD000676
TX002124,2025-08-12T01:14:00,sale,P0053,4,cashier,success,order=ORD000337
TX002125,2025-08-12T01:14:00,sale,P0015,1,cashier,success,order=ORD000337
TX002126,2025-08-12T01:14:00,sale,P0002,2,cashier,success,order=ORD000337
TX002127,2025-08-12T01:14:00,sale,P0005,1,cashier,success,order=ORD000337
TX002128,2025-08-12T02:17:00,sale,P0049,7,cashier,success,order=ORD000946
TX002129,2025-08-12T02:22:00,sale,P0079,11,cashier,success,order=ORD000668
TX002130,2025-08-12T16:16:00,sale,P0042,2,cashier,success,order=ORD000902
TX002131,2025-08-12T20:40:00,sale,P0088,9,cashier,success,order=ORD000354
TX002132,2025-08-12T20:40:00,sale,P0034,27,cashier,success,order=ORD000354
TX002133,2025-08-12T20:40:00,sale,P0066,10,cashier,success,order=ORD000354
TX002134,2025-08-12T20:48:00,sale,P0013,1,cashier,success,order=ORD000640
TX002135,2025-08-12T20:48:00,sale,P0017,3,cashier,success,order=ORD000640
TX002136,2025-08-12T20:49:00,sale,P0065,2,cashier,success,order=ORD000486
TX002137,2025-08-12T20:49:00,sale,P0045,1,cashier,success,order=ORD000486
TX002138,2025-08-12T20:49:00,sale,P0044,1,cashier,success,order=ORD000486
TX002139,2025-08-12T20:49:00,sale,P0061,2,cashier,success,order=ORD000486
TX002140,2025-08-13T20:31:00,sale,P0063,1,cashier,success,order=ORD000862
TX002141,2025-08-13T20:31:00,sale,P0045,1,cashier,success,order=ORD000862
TX002142,2025-08-13T20:31:00,sale,P0018,4,cashier,success,order=ORD000862
TX002143,2025-08-13T20:31:00,sale,P0019,1,cashier,success,order=ORD000862
TX002144,2025-08-13T21:48:00,sale,P0016,27,cashier,success,order=ORD000755
TX002145,2025-08-13T21:50:00,sale,P0050,1,cashier,success,order=ORD001072
TX002146,2025-08-13T21:50:00,sale,P0079,2,cashier,success,order=ORD001072
TX002147,2025-08-13T21:50:00,sale,P0089,5,cashier,success,order=ORD001072
TX002148,2025-08-13T21:50:00,sale,P0015,5,cashier,success,order=ORD001072
TX002149,2025-08-13T21:50:00,sale,P0016,4,cashier,success,order=ORD001072
TX002150,2025-08-14T00:04:00,sale,P0086,2,cashier,success,order=ORD001105
TX002151,2025-08-14T03:12:00,sale,P0035,4,cashier,success,order=ORD000250
TX002152,2025-08-14T21:11:00,sale,P0005,6,cashier,success,order=ORD000471
TX002153,2025-08-14T23:29:00,sale,P0083,1,cashier,success,order=ORD001089
TX002154,2025-08-14T23:29:00,sale,P0009,5,cashier,success,order=ORD001089
TX002155,2025-08-15T03:08:00,sale,P0019,5,cashier,success,order=ORD000909
TX002156,2025-08-15T18:47:00,sale,P0078,20,cashier,success,order=ORD000851
TX002157,2025-08-15T18:47:00,sale,P0003,17,cashier,success,order=ORD000851
TX002158,2025-08-15T18:47:00,sale,P0018,16,cashier,success,order=ORD000851
TX002159,2025-08-15T18:47:00,sale,P0039,7,cashier,success,order=ORD000851
TX002160,2025-08-16T01:43:00,sale,P0032,3,cashier,success,order=ORD001002
TX002161,2025-08-16T01:43:00,sale,P0006,1,cashier,success,order=ORD001002
TX002162,2025-08-16T01:43:00,sale,P0077,5,cashier,success,order=ORD001002
TX002163,2025-08-16T01:43:00,sale,P0023,1,cashier,success,order=ORD001002
TX002164,2025-08-16T17:48:00,sale,P0079,16,cashier,success,order=ORD000788
TX002165,2025-08-16T17:48:00,sale,P0089,10,cashier,success,order=ORD000788
TX002166,2025-08-16T17:51:00,sale,P0078,2,cashier,success,order=ORD000065
TX002167,2025-08-16T17:51:00,sale,P0079,1,cashier,success,order=ORD000065
TX002168,2025-08-16T17:51:00,sale,P0032,2,cashier,success,order=ORD000065
TX002169,2025-08-16T17:51:00,sale,P0006,5,cashier,success,order=ORD000065
TX002170,2025-08-16T17:51:00,sale,P0048,4,cashier,success,order=ORD000065
TX002171,2025-08-16T22:29:00,sale,P0029,2,cashier,success,order=ORD000782
TX002172,2025-08-16T22:29:00,sale,P0036,5,cashier,success,order=ORD000782
TX002173,2025-08-16T22:31:00,sale,P0079,2,cashier,success,order=ORD000645
TX002174,2025-08-16T22:31:00,sale,P0066,5,cashier,success,order=ORD000645
TX002175,2025-08-17T03:41:00,sale,P0018,3,cashier,success,order=ORD000343
TX002176,2025-08-17T03:41:00,sale,P0019,3,cashier,success,order=ORD000343
TX002177,2025-08-17T18:07:00,sale,P0022,1,cashier,success,order=ORD001100
TX002178,2025-08-17T18:07:00,sale,P0040,3,cashier,success,order=ORD001100
TX002179,2025-08-17T18:07:00,sale,P0089,5,cashier,success,order=ORD001100
TX002180,2025-08-17T18:07:00,sale,P0086,2,cashier,success,order=ORD001100
TX002181,2025-08-17T18:07:00,sale,P0033,3,cashier,success,order=ORD001100
TX002182,2025-08-17T20:40:00,sale,P0083,3,cashier,success,order=ORD000281
TX002183,2025-08-17T21:30:00,sale,P0057,2,cashier,success,order=ORD000658
TX002184,2025-08-17T21:30:00,sale,P0029,4,cashier,success,order=ORD000658
TX002185,2025-08-18T01:45:00,sale,P0061,4,cashier,success,order=ORD000061
TX002186,2025-08-18T01:45:00,sale,P0032,1,cashier,success,order=ORD000061
TX002187,2025-08-18T01:45:00,sale,P0006,4,cashier,success,order=ORD000061
TX002188,2025-08-18T04:23:00,sale,P0005,11,cashier,success,order=ORD001173
TX002189,2025-08-18T04:23:00,sale,P0019,5,cashier,success,order=ORD001173
TX002190,2025-08-18T04:23:00,sale,P0060,7,cashier,success,order=ORD001173
TX002191,2025-08-18T04:23:00,sale,P0064,3,cashier,success,order=ORD001173
TX002192,2025-08-18T19:34:00,sale,P0088,5,cashier,success,order=ORD000051
TX002193,2025-08-19T16:11:00,sale,P0083,2,cashier,success,order=ORD000279
TX002194,2025-08-19T16:11:00,sale,P0082,1,cashier,success,order=ORD000279
TX002195,2025-08-19T19:44:00,sale,P0077,5,cashier,success,order=ORD000904
TX002196,2025-08-19T19:44:00,sale,P0025,2,cashier,success,order=ORD000904
TX002197,2025-08-19T19:44:00,sale,P0043,3,cashier,success,order=ORD000904
TX002198,2025-08-19T19:44:00,sale,P0006,1,cashier,success,order=ORD000904
TX002199,2025-08-19T19:44:00,sale,P0013,5,cashier,success,order=ORD000904
TX002200,2025-08-19T21:54:00,sale,P0018,2,cashier,success,order=ORD001080
TX002201,2025-08-19T21:54:00,sale,P0019,2,cashier,success,order=ORD001080
TX002202,2025-08-19T21:54:00,sale,P0067,2,cashier,success,order=ORD001080
TX002203,2025-08-19T23:27:00,sale,P0075,3,cashier,success,order=ORD000456
TX002204,2025-08-19T23:27:00,sale,P0028,3,cashier,success,order=ORD000456
TX002205,2025-08-20T17:29:00,sale,P0029,3,cashier,success,order=ORD001192
TX002206,2025-08-20T18:09:00,sale,P0035,1,cashier,success,order=ORD000800
TX002207,2025-08-20T18:09:00,sale,P0087,2,cashier,success,order=ORD000800
TX002208,2025-08-20T18:09:00,sale,P0079,2,cashier,success,order=ORD000800
TX002209,2025-08-20T18:18:00,sale,P0039,3,cashier,success,order=ORD000855
TX002210,2025-08-20T20:14:00,sale,P0018,4,cashier,success,order=ORD000145
TX002211,2025-08-21T00:14:00,sale,P0005,8,cashier,success,order=ORD000033
TX002212,2025-08-21T00:14:00,sale,P0072,3,cashier,success,order=ORD000033
TX002213,2025-08-21T00:14:00,sale,P0079,9,cashier,success,order=ORD000033
TX002214,2025-08-21T00:14:00,sale,P0089,3,cashier,success,order=ORD000033
TX002215,2025-08-21T00:14:00,sale,P0040,4,cashier,success,order=ORD000033
TX002216,2025-08-21T17:01:00,sale,P0005,5,cashier,success,order=ORD000626
TX002217,2025-08-21T17:01:00,sale,P0025,1,cashier,success,order=ORD000626
TX002218,2025-08-21T17:07:00,sale,P0045,4,cashier,success,order=ORD000365
TX002219,2025-08-21T17:07:00,sale,P0056,2,cashier,success,order=ORD000365
TX002220,2025-08-21T17:36:00,sale,P0034,2,cashier,success,order=ORD001056
TX002221,2025-08-21T17:36:00,sale,P0061,3,cashier,success,order=ORD001056
TX002222,2025-08-21T22:02:00,sale,P0047,4,cashier,success,order=ORD001119
TX002223,2025-08-21T22:02:00,sale,P0048,12,cashier,success,order=ORD001119
TX002224,2025-08-21T22:02:00,sale,P0015,2,cashier,success,order=ORD001119
TX002225,2025-08-21T22:02:00,sale,P0016,7,cashier,success,order=ORD001119
TX002226,2025-08-21T22:26:00,sale,P0028,1,cashier,success,order=ORD000035
TX002227,2025-08-21T22:26:00,sale,P0023,1,cashier,success,order=ORD000035
TX002228,2025-08-22T00:37:00,sale,P0046,4,cashier,success,order=ORD000846
TX002229,2025-08-22T00:37:00,sale,P0038,3,cashier,success,order=ORD000846
TX002230,2025-08-22T00:37:00,sale,P0025,2,cashier,success,order=ORD000846
TX002231,2025-08-22T00:56:00,sale,P0014,16,cashier,success,order=ORD000780
TX002232,2025-08-22T00:56:00,sale,P0056,14,cashier,success,order=ORD000780
TX002233,2025-08-22T16:23:00,sale,P0049,5,cashier,success,order=ORD000142
TX002234,2025-08-23T17:36:00,sale,P0052,3,cashier,success,order=ORD000610
TX002235,2025-08-23T17:36:00,sale,P0059,4,cashier,success,order=ORD000610
TX002236,2025-08-23T17:36:00,sale,P0058,2,cashier,success,order=ORD000610
TX002237,2025-08-23T19:04:00,sale,P0025,5,cashier,success,order=ORD000475
TX002238,2025-08-23T19:04:00,sale,P0055,1,cashier,success,order=ORD000475
TX002239,2025-08-23T19:04:00,sale,P0005,5,cashier,success,order=ORD000475
TX002240,2025-08-24T01:11:00,sale,P0063,2,cashier,success,order=ORD000120
TX002241,2025-08-24T01:11:00,sale,P0045,2,cashier,success,order=ORD000120
TX002242,2025-08-24T01:11:00,sale,P0055,4,cashier,success,order=ORD000120
TX002243,2025-08-24T01:11:00,sale,P0008,5,cashier,success,order=ORD000120
TX002244,2025-08-25T01:28:00,sale,P0039,4,cashier,success,order=ORD000760
TX002245,2025-08-25T01:28:00,sale,P0087,3,cashier,success,order=ORD000760
TX002246,2025-08-25T03:25:00,sale,P0088,3,cashier,success,order=ORD000403
TX002247,2025-08-25T03:25:00,sale,P0043,2,cashier,success,order=ORD000403
TX002248,2025-08-25T03:25:00,sale,P0032,2,cashier,success,order=ORD000403
TX002249,2025-08-26T01:54:00,sale,P0057,3,cashier,success,order=ORD000874
TX002250,2025-08-26T01:54:00,sale,P0062,4,cashier,success,order=ORD000874
TX002251,2025-08-26T01:54:00,sale,P0049,5,cashier,success,order=ORD000874
TX002252,2025-08-26T03:38:00,sale,P0006,1,cashier,success,order=ORD001164
TX002253,2025-08-26T03:38:00,sale,P0043,3,cashier,success,order=ORD001164
TX002254,2025-08-26T03:38:00,sale,P0063,5,cashier,success,order=ORD001164
TX002255,2025-08-26T03:38:00,sale,P0086,3,cashier,success,order=ORD001164
TX002256,2025-08-26T03:49:00,sale,P0077,1,cashier,success,order=ORD001142
TX002257,2025-08-26T03:49:00,sale,P0083,5,cashier,success,order=ORD001142
TX002258,2025-08-26T03:49:00,sale,P0056,4,cashier,success,order=ORD001142
TX002259,2025-08-26T03:49:00,sale,P0045,4,cashier,success,order=ORD001142
TX002260,2025-08-26T03:49:00,sale,P0076,3,cashier,success,order=ORD001142
TX002261,2025-08-26T03:49:00,sale,P0089,1,cashier,success,order=ORD001142
TX002262,2025-08-26T03:49:00,sale,P0055,3,cashier,success,order=ORD001142
TX002263,2025-08-26T16:41:00,sale,P0050,3,cashier,success,order=ORD000817
TX002264,2025-08-26T16:41:00,sale,P0080,4,cashier,success,order=ORD000817
TX002265,2025-08-26T16:41:00,sale,P0077,4,cashier,success,order=ORD000817
TX002266,2025-08-26T16:41:00,sale,P0046,2,cashier,success,order=ORD000817
TX002267,2025-08-26T19:01:00,sale,P0015,2,cashier,success,order=ORD000353
TX002268,2025-08-26T19:01:00,sale,P0016,3,cashier,success,order=ORD000353
TX002269,2025-08-26T19:01:00,sale,P0057,1,cashier,success,order=ORD000353
TX002270,2025-08-26T19:01:00,sale,P0056,3,cashier,success,order=ORD000353
TX002271,2025-08-27T03:15:00,sale,P0009,4,cashier,success,order=ORD000682
TX002272,2025-08-27T03:15:00,sale,P0012,5,cashier,success,order=ORD000682
TX002273,2025-08-27T03:15:00,sale,P0070,4,cashier,success,order=ORD000682
TX002274,2025-08-28T01:53:00,sale,P0050,1,cashier,success,order=ORD000673
TX002275,2025-08-28T01:53:00,sale,P0042,2,cashier,success,order=ORD000673
TX002276,2025-08-28T01:53:00,sale,P0011,4,cashier,success,order=ORD000673
TX002277,2025-08-28T23:04:00,sale,P0012,8,cashier,success,order=ORD001139
TX002278,2025-08-28T23:04:00,sale,P0083,9,cashier,success,order=ORD001139
TX002279,2025-08-28T23:04:00,sale,P0072,7,cashier,success,order=ORD001139
TX002280,2025-08-30T01:01:00,sale,P0035,12,cashier,success,order=ORD000371
TX002281,2025-08-30T01:01:00,sale,P0050,11,cashier,success,order=ORD000371
TX002282,2025-08-30T01:01:00,sale,P0075,8,cashier,success,order=ORD000371
TX002283,2025-08-30T01:01:00,sale,P0009,12,cashier,success,order=ORD000371
TX002284,2025-08-31T00:10:00,sale,P0083,3,cashier,success,order=ORD000822
TX002285,2025-08-31T00:10:00,sale,P0065,5,cashier,success,order=ORD000822
TX002286,2025-09-01T00:03:00,sale,P0036,5,cashier,success,order=ORD000240
TX002287,2025-09-01T02:05:00,sale,P0017,5,cashier,success,order=ORD001017
TX002288,2025-09-01T02:05:00,sale,P0018,5,cashier,success,order=ORD001017
TX002289,2025-09-01T02:05:00,sale,P0027,2,cashier,success,order=ORD001017
TX002290,2025-09-01T04:12:00,sale,P0015,9,cashier,success,order=ORD000534
TX002291,2025-09-01T04:12:00,sale,P0016,3,cashier,success,order=ORD000534
TX002292,2025-09-01T04:12:00,sale,P0038,8,cashier,success,order=ORD000534
TX002293,2025-09-01T20:36:00,sale,P0008,3,cashier,success,order=ORD000399
TX002294,2025-09-01T20:36:00,sale,P0038,2,cashier,success,order=ORD000399
TX002295,2025-09-01T20:36:00,sale,P0033,5,cashier,success,order=ORD000399
TX002296,2025-09-01T20:36:00,sale,P0006,4,cashier,success,order=ORD000399
TX002297,2025-09-02T02:22:00,sale,P0078,5,cashier,success,order=ORD000173
TX002298,2025-09-02T02:22:00,sale,P0079,3,cashier,success,order=ORD000173
TX002299,2025-09-02T02:22:00,sale,P0089,2,cashier,success,order=ORD000173
TX002300,2025-09-02T16:21:00,sale,P0018,3,cashier,success,order=ORD000154
TX002301,2025-09-02T16:21:00,sale,P0019,4,cashier,success,order=ORD000154
TX002302,2025-09-02T16:21:00,sale,P0064,3,cashier,success,order=ORD000154
TX002303,2025-09-02T16:21:00,sale,P0085,2,cashier,success,order=ORD000154
TX002304,2025-09-02T16:21:00,sale,P0078,4,cashier,success,order=ORD000154
TX002305,2025-09-02T16:21:00,sale,P0079,3,cashier,success,order=ORD000154
TX002306,2025-09-02T20:09:00,sale,P0060,21,cashier,success,order=ORD000400
TX002307,2025-09-02T20:09:00,sale,P0028,8,cashier,success,order=ORD000400
TX002308,2025-09-02T20:09:00,sale,P0023,28,cashier,success,order=ORD000400
TX002309,2025-09-02T20:09:00,sale,P0038,13,cashier,success,order=ORD000400
TX002310,2025-09-02T20:09:00,sale,P0050,23,cashier,success,order=ORD000400
TX002311,2025-09-03T01:57:00,sale,P0031,17,cashier,success,order=ORD000708
TX002312,2025-09-03T01:57:00,sale,P0006,10,cashier,success,order=ORD000708
TX002313,2025-09-03T04:14:00,sale,P0059,4,cashier,success,order=ORD000949
TX002314,2025-09-03T18:51:00,sale,P0029,4,cashier,success,order=ORD001085
TX002315,2025-09-03T18:51:00,sale,P0079,1,cashier,success,order=ORD001085
TX002316,2025-09-03T19:44:00,sale,P0018,3,cashier,success,order=ORD000098
TX002317,2025-09-03T19:44:00,sale,P0049,4,cashier,success,order=ORD000098
TX002318,2025-09-03T19:44:00,sale,P0071,4,cashier,success,order=ORD000098
TX002319,2025-09-03T20:44:00,sale,P0073,5,cashier,success,order=ORD000510
TX002320,2025-09-03T20:44:00,sale,P0074,1,cashier,success,order=ORD000510
TX002321,2025-09-03T20:44:00,sale,P0043,5,cashier,success,order=ORD000510
TX002322,2025-09-03T20:44:00,sale,P0038,1,cashier,success,order=ORD000510
TX002323,2025-09-04T17:21:00,sale,P0042,5,cashier,success,order=ORD000484
TX002324,2025-09-04T18:14:00,sale,P0053,12,cashier,success,order=ORD000220
TX002325,2025-09-04T18:14:00,sale,P0073,9,cashier,success,order=ORD000220
TX002326,2025-09-04T18:14:00,sale,P0017,3,cashier,success,order=ORD000220
TX002327,2025-09-05T00:14:00,sale,P0039,5,cashier,success,order=ORD000243
TX002328,2025-09-05T00:14:00,sale,P0033,4,cashier,success,order=ORD000243
TX002329,2025-09-05T00:14:00,sale,P0006,1,cashier,success,order=ORD000243
TX002330,2025-09-05T00:14:00,sale,P0028,5,cashier,success,order=ORD000243
TX002331,2025-09-05T04:27:00,sale,P0077,1,cashier,success,order=ORD000947
TX002332,2025-09-05T16:03:00,sale,P0087,3,cashier,success,order=ORD000557
TX002333,2025-09-05T16:03:00,sale,P0002,2,cashier,success,order=ORD000557
TX002334,2025-09-05T16:03:00,sale,P0011,4,cashier,success,order=ORD000557
TX002335,2025-09-05T19:51:00,sale,P0036,7,cashier,success,order=ORD000070
TX002336,2025-09-05T19:51:00,sale,P0040,7,cashier,success,order=ORD000070
TX002337,2025-09-05T19:51:00,sale,P0061,7,cashier,success,order=ORD000070
TX002338,2025-09-05T23:15:00,sale,P0014,3,cashier,success,order=ORD000016
TX002339,2025-09-05T23:15:00,sale,P0018,3,cashier,success,order=ORD000016
TX002340,2025-09-06T03:01:00,sale,P0058,2,cashier,success,order=ORD000159
TX002341,2025-09-06T03:01:00,sale,P0055,5,cashier,success,order=ORD000159
TX002342,2025-09-06T04:36:00,sale,P0017,4,cashier,success,order=ORD000185
TX002343,2025-09-06T04:36:00,sale,P0035,4,cashier,success,order=ORD000185
TX002344,2025-09-06T04:36:00,sale,P0032,1,cashier,success,order=ORD000185
TX002345,2025-09-06T04:36:00,sale,P0006,3,cashier,success,order=ORD000185
TX002346,2025-09-06T16:03:00,sale,P0058,5,cashier,success,order=ORD001032
TX002347,2025-09-06T16:35:00,sale,P0072,3,cashier,success,order=ORD001168
TX002348,2025-09-06T16:56:00,sale,P0019,2,cashier,success,order=ORD000334
TX002349,2025-09-06T16:56:00,sale,P0055,3,cashier,success,order=ORD000334
TX002350,2025-09-07T00:41:00,sale,P0076,5,cashier,success,order=ORD001061
TX002351,2025-09-07T00:41:00,sale,P0089,3,cashier,success,order=ORD001061
TX002352,2025-09-07T00:41:00,sale,P0061,1,cashier,success,order=ORD001061
TX002353,2025-09-07T00:41:00,sale,P0064,3,cashier,success,order=ORD001061
TX002354,2025-09-07T00:41:00,sale,P0022,1,cashier,success,order=ORD001061
TX002355,2025-09-07T20:36:00,sale,P0038,2,cashier,success,order=ORD000713
TX002356,2025-09-08T02:34:00,sale,P0058,4,cashier,success,order=ORD000121
TX002357,2025-09-08T02:34:00,sale,P0090,3,cashier,success,order=ORD000121
TX002358,2025-09-08T02:34:00,sale,P0049,2,cashier,success,order=ORD000121
TX002359,2025-09-08T04:43:00,sale,P0024,1,cashier,success,order=ORD000972
TX002360,2025-09-08T04:43:00,sale,P0002,2,cashier,success,order=ORD000972
TX002361,2025-09-08T04:43:00,sale,P0011,5,cashier,success,order=ORD000972
TX002362,2025-09-08T16:07:00,sale,P0007,4,cashier,success,order=ORD000424
TX002363,2025-09-08T16:07:00,sale,P0043,5,cashier,success,order=ORD000424
TX002364,2025-09-08T19:46:00,sale,P0042,4,cashier,success,order=ORD000453
TX002365,2025-09-09T04:28:00,sale,P0082,5,cashier,success,order=ORD001034
TX002366,2025-09-09T04:28:00,sale,P0050,10,cashier,success,order=ORD001034
TX002367,2025-09-09T16:19:00,sale,P0030,3,cashier,success,order=ORD000803
TX002368,2025-09-09T16:19:00,sale,P0028,2,cashier,success,order=ORD000803
TX002369,2025-09-09T16:19:00,sale,P0055,4,cashier,success,order=ORD000803
TX002370,2025-09-09T19:39:00,sale,P0058,12,cashier,success,order=ORD000319
TX002371,2025-09-09T19:39:00,sale,P0010,9,cashier,success,order=ORD000319
TX002372,2025-09-09T20:06:00,sale,P0002,15,cashier,success,order=ORD001114
TX002373,2025-09-09T20:06:00,sale,P0020,26,cashier,success,order=ORD001114
TX002374,2025-09-09T20:06:00,sale,P0049,29,cashier,success,order=ORD001114
TX002375,2025-09-09T21:40:00,sale,P0032,5,cashier,success,order=ORD001191
TX002376,2025-09-09T21:40:00,sale,P0006,5,cashier,success,order=ORD001191
TX002377,2025-09-09T21:40:00,sale,P0087,1,cashier,success,order=ORD001191
TX002378,2025-09-09T21:40:00,sale,P0067,5,cashier,success,order=ORD001191
TX002379,2025-09-10T02:36:00,sale,P0030,14,cashier,success,order=ORD000789
TX002380,2025-09-10T02:36:00,sale,P0008,9,cashier,success,order=ORD000789
TX002381,2025-09-10T02:39:00,sale,P0089,2,cashier,success,order=ORD001041
TX002382,2025-09-10T02:39:00,sale,P0086,1,cashier,success,order=ORD001041
TX002383,2025-09-10T02:39:00,sale,P0083,5,cashier,success,order=ORD001041
TX002384,2025-09-10T02:39:00,sale,P0036,2,cashier,success,order=ORD001041
TX002385,2025-09-10T17:48:00,sale,P0018,2,cashier,success,order=ORD001073
TX002386,2025-09-10T17:48:00,sale,P0019,1,cashier,success,order=ORD001073
TX002387,2025-09-10T17:48:00,sale,P0053,4,cashier,success,order=ORD001073
TX002388,2025-09-10T19:08:00,sale,P0029,1,cashier,success,order=ORD000931
TX002389,2025-09-10T19:08:00,sale,P0020,5,cashier,success,order=ORD000931
TX002390,2025-09-11T00:34:00,sale,P0035,2,cashier,success,order=ORD000548
TX002391,2025-09-11T00:34:00,sale,P0052,2,cashier,success,order=ORD000548
TX002392,2025-09-11T00:34:00,sale,P0059,5,cashier,success,order=ORD000548
TX002393,2025-09-11T02:44:00,sale,P0003,4,cashier,success,order=ORD001070
TX002394,2025-09-11T02:44:00,sale,P0009,1,cashier,success,order=ORD001070
TX002395,2025-09-11T18:16:00,sale,P0009,6,cashier,success,order=ORD001025
TX002396,2025-09-11T22:07:00,sale,P0057,2,cashier,success,order=ORD000134
TX002397,2025-09-12T03:37:00,sale,P0049,5,cashier,success,order=ORD000406
TX002398,2025-09-12T03:37:00,sale,P0026,4,cashier,success,order=ORD000406
TX002399,2025-09-12T17:15:00,sale,P0071,28,cashier,success,order=ORD000379
TX002400,2025-09-12T17:15:00,sale,P0028,18,cashier,success,order=ORD000379
TX002401,2025-09-12T19:24:00,sale,P0013,2,cashier,success,order=ORD001199
TX002402,2025-09-12T19:24:00,sale,P0039,5,cashier,success,order=ORD001199
TX002403,2025-09-12T19:24:00,sale,P0019,1,cashier,success,order=ORD001199
TX002404,2025-09-12T21:54:00,sale,P0061,1,cashier,success,order=ORD001088
TX002405,2025-09-12T21:54:00,sale,P0009,4,cashier,success,order=ORD001088
TX002406,2025-09-12T21:54:00,sale,P0034,1,cashier,success,order=ORD001088
TX002407,2025-09-12T21:54:00,sale,P0018,5,cashier,success,order=ORD001088
TX002408,2025-09-13T01:09:00,sale,P0057,4,cashier,success,order=ORD000022
TX002409,2025-09-13T03:07:00,sale,P0063,1,cashier,success,order=ORD000988
TX002410,2025-09-13T04:35:00,sale,P0026,21,cashier,success,order=ORD000253
TX002411,2025-09-13T21:41:00,sale,P0042,4,cashier,success,order=ORD000660
TX002412,2025-09-14T00:51:00,sale,P0079,4,cashier,success,order=ORD000282
TX002413,2025-09-14T00:51:00,sale,P0089,5,cashier,success,order=ORD000282
TX002414,2025-09-14T01:34:00,sale,P0046,1,cashier,success,order=ORD000056
TX002415,2025-09-14T01:45:00,sale,P0017,19,cashier,success,order=ORD000987
TX002416,2025-09-14T01:45:00,sale,P0039,6,cashier,success,order=ORD000987
TX002417,2025-09-14T01:45:00,sale,P0076,26,cashier,success,order=ORD000987
TX002418,2025-09-14T18:46:00,sale,P0016,1,cashier,success,order=ORD000672
TX002419,2025-09-14T18:46:00,sale,P0005,5,cashier,success,order=ORD000672
TX002420,2025-09-14T21:20:00,sale,P0056,4,cashier,success,order=ORD000813
TX002421,2025-09-14T21:20:00,sale,P0035,1,cashier,success,order=ORD000813
TX002422,2025-09-15T19:22:00,sale,P0047,2,cashier,success,order=ORD000611
TX002423,2025-09-15T19:22:00,sale,P0048,3,cashier,success,order=ORD000611
TX002424,2025-09-15T19:22:00,sale,P0016,4,cashier,success,order=ORD000611
TX002425,2025-09-15T19:22:00,sale,P0015,4,cashier,success,order=ORD000611
TX002426,2025-09-15T19:22:00,sale,P0058,2,cashier,success,order=ORD000611
TX002427,2025-09-15T20:34:00,sale,P0057,5,cashier,success,order=ORD001037
TX002428,2025-09-15T20:34:00,sale,P0089,4,cashier,success,order=ORD001037
TX002429,2025-09-15T20:34:00,sale,P0086,1,cashier,success,order=ORD001037
TX002430,2025-09-15T20:34:00,sale,P0084,5,cashier,success,order=ORD001037
TX002431,2025-09-15T21:31:00,sale,P0008,1,cashier,success,order=ORD001182
TX002432,2025-09-15T21:31:00,sale,P0007,4,cashier,success,order=ORD001182
TX002433,2025-09-15T21:31:00,sale,P0043,4,cashier,success,order=ORD001182
TX002434,2025-09-16T00:31:00,sale,P0052,5,cashier,success,order=ORD001149
TX002435,2025-09-16T00:31:00,sale,P0059,5,cashier,success,order=ORD001149
TX002436,2025-09-16T00:31:00,sale,P0025,1,cashier,success,order=ORD001149
TX002437,2025-09-16T02:49:00,sale,P0087,1,cashier,success,order=ORD000600
TX002438,2025-09-16T02:49:00,sale,P0063,1,cashier,success,order=ORD000600
TX002439,2025-09-16T02:49:00,sale,P0045,3,cashier,success,order=ORD000600
TX002440,2025-09-16T17:46:00,sale,P0034,1,cashier,success,order=ORD000418
TX002441,2025-09-16T17:54:00,sale,P0023,5,cashier,success,order=ORD000311
TX002442,2025-09-16T17:54:00,sale,P0055,3,cashier,success,order=ORD000311
TX002443,2025-09-16T17:54:00,sale,P0025,2,cashier,success,order=ORD000311
TX002444,2025-09-17T02:29:00,sale,P0059,4,cashier,success,order=ORD000425
TX002445,2025-09-17T02:29:00,sale,P0015,1,cashier,success,order=ORD000425
TX002446,2025-09-17T02:29:00,sale,P0008,3,cashier,success,order=ORD000425
TX002447,2025-09-17T04:10:00,sale,P0020,5,cashier,success,order=ORD001163
TX002448,2025-09-17T16:05:00,sale,P0018,1,cashier,success,order=ORD000796
TX002449,2025-09-17T16:05:00,sale,P0019,3,cashier,success,order=ORD000796
TX002450,2025-09-17T17:26:00,sale,P0025,5,cashier,success,order=ORD000679
TX002451,2025-09-17T17:26:00,sale,P0052,5,cashier,success,order=ORD000679
TX002452,2025-09-17T22:36:00,sale,P0082,1,cashier,success,order=ORD001029
TX002453,2025-09-17T22:36:00,sale,P0008,5,cashier,success,order=ORD001029
TX002454,2025-09-18T01:36:00,sale,P0015,5,cashier,success,order=ORD001167
TX002455,2025-09-18T01:36:00,sale,P0016,3,cashier,success,order=ORD001167
TX002456,2025-09-18T01:36:00,sale,P0054,2,cashier,success,order=ORD001167
TX002457,2025-09-18T01:36:00,sale,P0059,5,cashier,success,order=ORD001167
TX002458,2025-09-18T01:36:00,sale,P0056,4,cashier,success,order=ORD001167
TX002459,2025-09-18T01:46:00,sale,P0015,3,cashier,success,order=ORD000730
TX002460,2025-09-18T01:46:00,sale,P0016,2,cashier,success,order=ORD000730
TX002461,2025-09-18T01:46:00,sale,P0086,3,cashier,success,order=ORD000730
TX002462,2025-09-18T21:43:00,sale,P0084,2,cashier,success,order=ORD000771
TX002463,2025-09-18T21:43:00,sale,P0009,5,cashier,success,order=ORD000771
TX002464,2025-09-18T21:43:00,sale,P0087,1,cashier,success,order=ORD000771
TX002465,2025-09-19T03:06:00,sale,P0043,5,cashier,success,order=ORD000269
TX002466,2025-09-19T03:06:00,sale,P0008,4,cashier,success,order=ORD000269
TX002467,2025-09-19T03:06:00,sale,P0018,2,cashier,success,order=ORD000269
TX002468,2025-09-19T03:06:00,sale,P0049,3,cashier,success,order=ORD000269
TX002469,2025-09-19T04:37:00,sale,P0086,12,cashier,success,order=ORD000634
TX002470,2025-09-19T04:37:00,sale,P0035,23,cashier,success,order=ORD000634
TX002471,2025-09-19T04:37:00,sale,P0052,28,cashier,success,order=ORD000634
TX002472,2025-09-19T22:54:00,sale,P0027,10,cashier,success,order=ORD000304
TX002473,2025-09-21T00:30:00,sale,P0089,5,cashier,success,order=ORD000863
TX002474,2025-09-21T00:41:00,sale,P0025,1,cashier,success,order=ORD000457
TX002475,2025-09-21T02:16:00,sale,P0067,3,cashier,success,order=ORD001046
TX002476,2025-09-21T02:16:00,sale,P0050,2,cashier,success,order=ORD001046
TX002477,2025-09-21T02:16:00,sale,P0038,4,cashier,success,order=ORD001046
TX002478,2025-09-21T02:16:00,sale,P0052,3,cashier,success,order=ORD001046
TX002479,2025-09-21T02:16:00,sale,P0059,1,cashier,success,order=ORD001046
TX002480,2025-09-21T17:24:00,sale,P0025,3,cashier,success,order=ORD000198
TX002481,2025-09-21T18:26:00,sale,P0043,3,cashier,success,order=ORD000525
TX002482,2025-09-21T18:26:00,sale,P0006,4,cashier,success,order=ORD000525
TX002483,2025-09-21T18:30:00,sale,P0028,1,cashier,success,order=ORD001065
TX002484,2025-09-22T00:06:00,sale,P0042,4,cashier,success,order=ORD000071
TX002485,2025-09-22T00:06:00,sale,P0025,2,cashier,success,order=ORD000071
TX002486,2025-09-22T19:05:00,sale,P0036,25,cashier,success,order=ORD000002
TX002487,2025-09-22T20:33:00,sale,P0035,5,cashier,success,order=ORD000922
TX002488,2025-09-23T18:39:00,sale,P0038,3,cashier,success,order=ORD000918
TX002489,2025-09-23T18:39:00,sale,P0056,1,cashier,success,order=ORD000918
TX002490,2025-09-23T23:53:00,sale,P0006,3,cashier,success,order=ORD000605
TX002491,2025-09-24T00:37:00,sale,P0086,6,cashier,success,order=ORD000642
TX002492,2025-09-24T00:37:00,sale,P0026,28,cashier,success,order=ORD000642
TX002493,2025-09-24T04:25:00,sale,P0065,25,cashier,success,order=ORD001108
TX002494,2025-09-24T17:15:00,sale,P0042,1,cashier,success,order=ORD000607
TX002495,2025-09-24T18:04:00,sale,P0089,3,cashier,success,order=ORD001081
TX002496,2025-09-24T18:04:00,sale,P0061,5,cashier,success,order=ORD001081
TX002497,2025-09-24T20:39:00,sale,P0013,5,cashier,success,order=ORD000180
TX002498,2025-09-24T20:39:00,sale,P0077,3,cashier,success,order=ORD000180
TX002499,2025-09-24T20:39:00,sale,P0083,3,cashier,success,order=ORD000180
TX002500,2025-09-24T20:39:00,sale,P0064,1,cashier,success,order=ORD000180
TX002501,2025-09-25T02:36:00,sale,P0047,16,cashier,success,order=ORD001055
TX002502,2025-09-25T19:55:00,sale,P0039,3,cashier,success,order=ORD000952
TX002503,2025-09-25T19:55:00,sale,P0037,4,cashier,success,order=ORD000952
TX002504,2025-09-25T23:26:00,sale,P0051,29,cashier,success,order=ORD001064
TX002505,2025-09-25T23:26:00,sale,P0037,28,cashier,success,order=ORD001064
TX002506,2025-09-26T01:05:00,sale,P0056,22,cashier,success,order=ORD000308
TX002507,2025-09-26T01:35:00,sale,P0018,1,cashier,success,order=ORD001057
TX002508,2025-09-26T01:35:00,sale,P0019,5,cashier,success,order=ORD001057
TX002509,2025-09-26T01:35:00,sale,P0089,1,cashier,success,order=ORD001057
TX002510,2025-09-26T01:35:00,sale,P0002,4,cashier,success,order=ORD001057
TX002511,2025-09-26T18:27:00,sale,P0088,2,cashier,success,order=ORD000272
TX002512,2025-09-26T18:27:00,sale,P0084,4,cashier,success,order=ORD000272
TX002513,2025-09-26T18:27:00,sale,P0086,3,cashier,success,order=ORD000272
TX002514,2025-09-26T18:27:00,sale,P0085,2,cashier,success,order=ORD000272
TX002515,2025-09-26T18:27:00,sale,P0028,2,cashier,success,order=ORD000272
TX002516,2025-09-26T18:27:00,sale,P0049,5,cashier,success,order=ORD000272
TX002517,2025-09-26T19:15:00,sale,P0071,4,cashier,success,order=ORD000264
TX002518,2025-09-26T20:49:00,sale,P0070,1,cashier,success,order=ORD000292
TX002519,2025-09-26T20:49:00,sale,P0009,5,cashier,success,order=ORD000292
TX002520,2025-09-27T01:29:00,sale,P0029,1,cashier,success,order=ORD000690
TX002521,2025-09-27T02:46:00,sale,P0077,9,cashier,success,order=ORD000077
TX002522,2025-09-27T02:46:00,sale,P0083,4,cashier,success,order=ORD000077
TX002523,2025-09-27T02:46:00,sale,P0060,5,cashier,success,order=ORD000077
TX002524,2025-09-27T02:46:00,sale,P0004,11,cashier,success,order=ORD000077
TX002525,2025-09-27T03:24:00,sale,P0088,9,cashier,success,order=ORD000280
TX002526,2025-09-27T03:24:00,sale,P0015,27,cashier,success,order=ORD000280
TX002527,2025-09-27T03:24:00,sale,P0005,14,cashier,success,order=ORD000280
TX002528,2025-09-27T04:47:00,sale,P0050,2,cashier,success,order=ORD000186
TX002529,2025-09-27T04:47:00,sale,P0089,4,cashier,success,order=ORD000186
TX002530,2025-09-27T17:32:00,sale,P0043,28,cashier,success,order=ORD000654
TX002531,2025-09-27T17:32:00,sale,P0006,30,cashier,success,order=ORD000654
TX002532,2025-09-27T17:32:00,sale,P0028,17,cashier,success,order=ORD000654
TX002533,2025-09-28T16:21:00,sale,P0088,7,cashier,success,order=ORD000312
TX002534,2025-09-28T16:21:00,sale,P0076,6,cashier,success,order=ORD000312
TX002535,2025-09-28T16:21:00,sale,P0069,4,cashier,success,order=ORD000312
TX002536,2025-09-28T16:21:00,sale,P0051,9,cashier,success,order=ORD000312
TX002537,2025-09-28T16:21:00,sale,P0035,10,cashier,success,order=ORD000312
TX002538,2025-09-28T16:21:00,sale,P0058,12,cashier,success,order=ORD000312
TX002539,2025-09-28T16:21:00,sale,P0007,5,cashier,success,order=ORD000584
TX002540,2025-09-28T16:21:00,sale,P0043,1,cashier,success,order=ORD000584
TX002541,2025-09-28T16:21:00,sale,P0074,4,cashier,success,order=ORD000584
TX002542,2025-09-28T16:21:00,sale,P0065,1,cashier,success,order=ORD000584
TX002543,2025-09-28T16:27:00,sale,P0049,24,cashier,success,order=ORD000407
TX002544,2025-09-28T16:27:00,sale,P0025,27,cashier,success,order=ORD000407
TX002545,2025-09-29T03:23:00,sale,P0049,10,cashier,success,order=ORD000088
TX002546,2025-09-29T18:40:00,sale,P0047,5,cashier,success,order=ORD000906
TX002547,2025-09-29T18:40:00,sale,P0048,10,cashier,success,order=ORD000906
TX002548,2025-09-29T18:40:00,sale,P0003,14,cashier,success,order=ORD000906
TX002549,2025-09-29T21:19:00,sale,P0028,4,cashier,success,order=ORD000696
TX002550,2025-09-29T21:19:00,sale,P0059,3,cashier,success,order=ORD000696
TX002551,2025-09-29T22:00:00,sale,P0074,22,cashier,success,order=ORD000313
TX002552,2025-09-29T22:00:00,sale,P0035,18,cashier,success,order=ORD000313
TX002553,2025-09-29T23:06:00,sale,P0086,2,cashier,success,order=ORD000716
TX002554,2025-09-29T23:06:00,sale,P0019,2,cashier,success,order=ORD000716
TX002555,2025-09-29T23:06:00,sale,P0059,5,cashier,success,order=ORD000716
TX002556,2025-09-29T23:27:00,sale,P0073,22,cashier,success,order=ORD000373
TX002557,2025-10-01T00:48:00,sale,P0043,4,cashier,success,order=ORD000222
TX002558,2025-10-01T00:48:00,sale,P0006,3,cashier,success,order=ORD000222
TX002559,2025-10-01T01:26:00,sale,P0049,2,cashier,success,order=ORD000787
TX002560,2025-10-01T03:14:00,sale,P0077,4,cashier,success,order=ORD000042
TX002561,2025-10-01T03:14:00,sale,P0008,5,cashier,success,order=ORD000042
TX002562,2025-10-01T04:39:00,sale,P0084,3,cashier,success,order=ORD000375
TX002563,2025-10-01T04:39:00,sale,P0086,1,cashier,success,order=ORD000375
TX002564,2025-10-01T04:39:00,sale,P0065,4,cashier,success,order=ORD000375
TX002565,2025-10-01T04:39:00,sale,P0006,3,cashier,success,order=ORD000375
TX002566,2025-10-01T04:39:00,sale,P0043,3,cashier,success,order=ORD000375
TX002567,2025-10-01T16:39:00,sale,P0065,5,cashier,success,order=ORD000778
TX002568,2025-10-01T16:39:00,sale,P0029,17,cashier,success,order=ORD000778
TX002569,2025-10-01T16:39:00,sale,P0005,12,cashier,success,order=ORD000778
TX002570,2025-10-01T18:51:00,sale,P0007,1,cashier,success,order=ORD001186
TX002571,2025-10-01T18:51:00,sale,P0043,3,cashier,success,order=ORD001186
TX002572,2025-10-01T18:51:00,sale,P0006,2,cashier,success,order=ORD001186
TX002573,2025-10-01T18:51:00,sale,P0002,4,cashier,success,order=ORD001186
TX002574,2025-10-01T18:51:00,sale,P0038,1,cashier,success,order=ORD001186
TX002575,2025-10-01T23:32:00,sale,P0059,1,cashier,success,order=ORD000886
TX002576,2025-10-02T01:30:00,sale,P0038,5,cashier,success,order=ORD001120
TX002577,2025-10-02T01:30:00,sale,P0022,4,cashier,success,order=ORD001120
TX002578,2025-10-02T01:30:00,sale,P0056,2,cashier,success,order=ORD001120
TX002579,2025-10-02T18:23:00,sale,P0040,11,cashier,success,order=ORD000119
TX002580,2025-10-02T18:23:00,sale,P0024,3,cashier,success,order=ORD000119
TX002581,2025-10-02T19:18:00,sale,P0027,23,cashier,success,order=ORD000372
TX002582,2025-10-02T19:18:00,sale,P0051,15,cashier,success,order=ORD000372
TX002583,2025-10-03T16:46:00,sale,P0019,5,cashier,success,order=ORD000360
TX002584,2025-10-03T17:17:00,sale,P0030,4,cashier,success,order=ORD001195
TX002585,2025-10-03T17:17:00,sale,P0002,1,cashier,success,order=ORD001195
TX002586,2025-10-03T17:17:00,sale,P0067,2,cashier,success,order=ORD001195
TX002587,2025-10-03T17:17:00,sale,P0085,4,cashier,success,order=ORD001195
TX002588,2025-10-03T23:18:00,sale,P0056,5,cashier,success,order=ORD000724
TX002589,2025-10-03T23:18:00,sale,P0067,4,cashier,success,order=ORD000724
TX002590,2025-10-04T00:00:00,sale,P0019,4,cashier,success,order=ORD000203
TX002591,2025-10-04T00:00:00,sale,P0056,1,cashier,success,order=ORD000203
TX002592,2025-10-04T03:52:00,sale,P0012,4,cashier,success,order=ORD000511
TX002593,2025-10-04T03:52:00,sale,P0069,2,cashier,success,order=ORD000511
TX002594,2025-10-04T03:52:00,sale,P0083,2,cashier,success,order=ORD000511
TX002595,2025-10-04T04:07:00,sale,P0028,5,cashier,success,order=ORD000766
TX002596,2025-10-04T04:07:00,sale,P0026,5,cashier,success,order=ORD000766
TX002597,2025-10-04T04:07:00,sale,P0032,5,cashier,success,order=ORD000766
TX002598,2025-10-04T04:07:00,sale,P0006,1,cashier,success,order=ORD000766
TX002599,2025-10-04T04:49:00,sale,P0035,23,cashier,success,order=ORD001031
TX002600,2025-10-04T04:49:00,sale,P0038,16,cashier,success,order=ORD001031
TX002601,2025-10-04T19:48:00,sale,P0006,2,cashier,success,order=ORD000094
TX002602,2025-10-04T19:48:00,sale,P0043,4,cashier,success,order=ORD000094
TX002603,2025-10-04T19:48:00,sale,P0026,1,cashier,success,order=ORD000094
TX002604,2025-10-04T19:48:00,sale,P0076,5,cashier,success,order=ORD000094
TX002605,2025-10-04T19:48:00,sale,P0028,4,cashier,success,order=ORD000094
TX002606,2025-10-04T20:51:00,sale,P0058,2,cashier,success,order=ORD000031
TX002607,2025-10-05T00:14:00,sale,P0056,4,cashier,success,order=ORD000331
TX002608,2025-10-05T00:14:00,sale,P0019,2,cashier,success,order=ORD000331
TX002609,2025-10-05T01:30:00,sale,P0078,3,cashier,success,order=ORD000368
TX002610,2025-10-05T01:30:00,sale,P0079,1,cashier,success,order=ORD000368
TX002611,2025-10-05T01:30:00,sale,P0035,1,cashier,success,order=ORD000368
TX002612,2025-10-05T03:24:00,sale,P0016,2,cashier,success,order=ORD001047
TX002613,2025-10-05T03:24:00,sale,P0012,1,cashier,success,order=ORD001047
TX002614,2025-10-05T03:24:00,sale,P0018,1,cashier,success,order=ORD001047
TX002615,2025-10-05T20:04:00,sale,P0035,3,cashier,success,order=ORD001091
TX002616,2025-10-05T20:04:00,sale,P0015,3,cashier,success,order=ORD001091
TX002617,2025-10-05T20:04:00,sale,P0016,4,cashier,success,order=ORD001091
TX002618,2025-10-05T20:04:00,sale,P0079,1,cashier,success,order=ORD001091
TX002619,2025-10-06T21:34:00,sale,P0005,2,cashier,success,order=ORD000123
TX002620,2025-10-06T21:34:00,sale,P0064,1,cashier,success,order=ORD000123
TX002621,2025-10-06T21:34:00,sale,P0048,3,cashier,success,order=ORD000123
TX002622,2025-10-06T23:18:00,sale,P0010,19,cashier,success,order=ORD000649
TX002623,2025-10-07T03:15:00,sale,P0059,5,cashier,success,order=ORD000301
TX002624,2025-10-07T03:17:00,sale,P0012,12,cashier,success,order=ORD000544
TX002625,2025-10-07T03:17:00,sale,P0076,18,cashier,success,order=ORD000544
TX002626,2025-10-07T03:17:00,sale,P0089,16,cashier,success,order=ORD000544
TX002627,2025-10-07T03:17:00,sale,P0027,12,cashier,success,order=ORD000544
TX002628,2025-10-07T19:24:00,sale,P0085,24,cashier,success,order=ORD000258
TX002629,2025-10-07T19:24:00,sale,P0023,9,cashier,success,order=ORD000258
TX002630,2025-10-07T19:24:00,sale,P0088,14,cashier,success,order=ORD000258
TX002631,2025-10-07T19:24:00,sale,P0084,15,cashier,success,order=ORD000258
TX002632,2025-10-08T21:12:00,sale,P0049,1,cashier,success,order=ORD000244
TX002633,2025-10-08T21:12:00,sale,P0035,2,cashier,success,order=ORD000244
TX002634,2025-10-08T22:25:00,sale,P0012,5,cashier,success,order=ORD000662
TX002635,2025-10-09T04:50:00,sale,P0045,2,cashier,success,order=ORD000560
TX002636,2025-10-09T04:50:00,sale,P0040,4,cashier,success,order=ORD000560
TX002637,2025-10-09T04:50:00,sale,P0016,4,cashier,success,order=ORD000560
TX002638,2025-10-09T04:50:00,sale,P0027,2,cashier,success,order=ORD000560
TX002639,2025-10-09T04:50:00,sale,P0058,5,cashier,success,order=ORD000783
TX002640,2025-10-09T04:50:00,sale,P0019,2,cashier,success,order=ORD000783
TX002641,2025-10-09T16:29:00,sale,P0023,22,cashier,success,order=ORD000013
TX002642,2025-10-09T21:17:00,sale,P0063,15,cashier,success,order=ORD000295
TX002643,2025-10-09T21:17:00,sale,P0045,6,cashier,success,order=ORD000295
TX002644,2025-10-09T23:51:00,sale,P0012,1,cashier,success,order=ORD000527
TX002645,2025-10-09T23:51:00,sale,P0068,3,cashier,success,order=ORD000527
TX002646,2025-10-09T23:51:00,sale,P0036,2,cashier,success,order=ORD000527
TX002647,2025-10-10T01:44:00,sale,P0005,24,cashier,success,order=ORD000226
TX002648,2025-10-10T01:44:00,sale,P0035,7,cashier,success,order=ORD000226
TX002649,2025-10-10T01:44:00,sale,P0056,16,cashier,success,order=ORD000226
TX002650,2025-10-10T22:05:00,sale,P0077,27,cashier,success,order=ORD000015
TX002651,2025-10-10T22:05:00,sale,P0083,27,cashier,success,order=ORD000015
TX002652,2025-10-11T02:37:00,sale,P0088,5,cashier,success,order=ORD000067
TX002653,2025-10-11T02:37:00,sale,P0084,2,cashier,success,order=ORD000067
TX002654,2025-10-11T04:45:00,sale,P0019,2,cashier,success,order=ORD000831
TX002655,2025-10-11T04:45:00,sale,P0037,5,cashier,success,order=ORD000831
TX002656,2025-10-11T04:45:00,sale,P0002,5,cashier,success,order=ORD000831
TX002657,2025-10-11T04:45:00,sale,P0011,1,cashier,success,order=ORD000831
TX002658,2025-10-11T04:45:00,sale,P0079,1,cashier,success,order=ORD000831
TX002659,2025-10-12T16:37:00,sale,P0049,5,cashier,success,order=ORD000036
TX002660,2025-10-12T16:37:00,sale,P0059,1,cashier,success,order=ORD000036
TX002661,2025-10-12T16:37:00,sale,P0037,2,cashier,success,order=ORD000036
TX002662,2025-10-12T16:37:00,sale,P0079,4,cashier,success,order=ORD000036
TX002663,2025-10-12T16:37:00,sale,P0038,1,cashier,success,order=ORD000036
TX002664,2025-10-13T02:50:00,sale,P0050,2,cashier,success,order=ORD000431
TX002665,2025-10-13T16:23:00,sale,P0079,3,cashier,success,order=ORD000461
TX002666,2025-10-13T16:23:00,sale,P0089,4,cashier,success,order=ORD000461
TX002667,2025-10-13T19:45:00,sale,P0030,2,cashier,success,order=ORD000639
TX002668,2025-10-13T19:45:00,sale,P0076,7,cashier,success,order=ORD000639
TX002669,2025-10-13T19:45:00,sale,P0089,12,cashier,success,order=ORD000639
TX002670,2025-10-14T01:03:00,sale,P0086,2,cashier,success,order=ORD000187
TX002671,2025-10-14T01:44:00,sale,P0039,5,cashier,success,order=ORD000115
TX002672,2025-10-14T01:44:00,sale,P0035,14,cashier,success,order=ORD000115
TX002673,2025-10-14T16:26:00,sale,P0003,10,cashier,success,order=ORD000943
TX002674,2025-10-14T16:26:00,sale,P0015,28,cashier,success,order=ORD000943
TX002675,2025-10-14T16:26:00,sale,P0040,24,cashier,success,order=ORD000943
TX002676,2025-10-15T00:09:00,sale,P0069,1,cashier,success,order=ORD001018
TX002677,2025-10-15T00:09:00,sale,P0090,5,cashier,success,order=ORD001018
TX002678,2025-10-15T00:11:00,sale,P0061,2,cashier,success,order=ORD000756
TX002679,2025-10-15T00:11:00,sale,P0018,4,cashier,success,order=ORD000756
TX002680,2025-10-15T00:11:00,sale,P0019,4,cashier,success,order=ORD000756
TX002681,2025-10-15T01:53:00,sale,P0061,2,cashier,success,order=ORD000554
TX002682,2025-10-15T04:46:00,sale,P0012,29,cashier,success,order=ORD000080
TX002683,2025-10-15T04:46:00,sale,P0059,14,cashier,success,order=ORD000080
TX002684,2025-10-15T19:31:00,sale,P0030,5,cashier,success,order=ORD000411
TX002685,2025-10-15T19:31:00,sale,P0032,1,cashier,success,order=ORD000411
TX002686,2025-10-15T19:31:00,sale,P0006,4,cashier,success,order=ORD000411
TX002687,2025-10-15T21:58:00,sale,P0058,1,cashier,success,order=ORD000028
TX002688,2025-10-15T21:58:00,sale,P0056,4,cashier,success,order=ORD000028
TX002689,2025-10-15T21:58:00,sale,P0042,2,cashier,success,order=ORD000028
TX002690,2025-10-16T20:30:00,sale,P0033,3,cashier,success,order=ORD000076
TX002691,2025-10-16T20:30:00,sale,P0089,5,cashier,success,order=ORD000076
TX002692,2025-10-16T20:30:00,sale,P0074,1,cashier,success,order=ORD000076
TX002693,2025-10-16T21:45:00,sale,P0087,2,cashier,success,order=ORD000706
TX002694,2025-10-16T21:45:00,sale,P0015,2,cashier,success,order=ORD000706
TX002695,2025-10-16T23:04:00,sale,P0015,1,cashier,success,order=ORD000820
TX002696,2025-10-16T23:04:00,sale,P0016,1,cashier,success,order=ORD000820
TX002697,2025-10-16T23:04:00,sale,P0059,3,cashier,success,order=ORD000820
TX002698,2025-10-16T23:04:00,sale,P0004,2,cashier,success,order=ORD000820
TX002699,2025-10-17T02:29:00,sale,P0026,3,cashier,success,order=ORD001122
TX002700,2025-10-17T02:29:00,sale,P0002,4,cashier,success,order=ORD001122
TX002701,2025-10-17T02:29:00,sale,P0011,3,cashier,success,order=ORD001122
TX002702,2025-10-17T02:29:00,sale,P0013,5,cashier,success,order=ORD001122
TX002703,2025-10-17T18:20:00,sale,P0019,5,cashier,success,order=ORD000262
TX002704,2025-10-17T18:20:00,sale,P0005,1,cashier,success,order=ORD000262
TX002705,2025-10-17T18:45:00,sale,P0089,1,cashier,success,order=ORD001113
TX002706,2025-10-17T18:45:00,sale,P0017,4,cashier,success,order=ORD001113
TX002707,2025-10-17T18:45:00,sale,P0067,1,cashier,success,order=ORD001113
TX002708,2025-10-17T18:45:00,sale,P0064,3,cashier,success,order=ORD001113
TX002709,2025-10-17T19:52:00,sale,P0048,4,cashier,success,order=ORD001174
TX002710,2025-10-17T19:52:00,sale,P0078,1,cashier,success,order=ORD001174
TX002711,2025-10-18T16:00:00,sale,P0088,5,cashier,success,order=ORD000848
TX002712,2025-10-18T16:38:00,sale,P0039,5,cashier,success,order=ORD000063
TX002713,2025-10-18T19:28:00,sale,P0055,1,cashier,success,order=ORD000915
TX002714,2025-10-18T19:28:00,sale,P0073,3,cashier,success,order=ORD000915
TX002715,2025-10-18T19:28:00,sale,P0074,5,cashier,success,order=ORD000915
TX002716,2025-10-18T21:23:00,sale,P0076,1,cashier,success,order=ORD000580
TX002717,2025-10-18T21:23:00,sale,P0089,3,cashier,success,order=ORD000580
TX002718,2025-10-18T21:23:00,sale,P0081,2,cashier,success,order=ORD000580
TX002719,2025-10-18T21:23:00,sale,P0023,1,cashier,success,order=ORD000580
TX002720,2025-10-18T21:23:00,sale,P0037,3,cashier,success,order=ORD000580
TX002721,2025-10-18T22:25:00,sale,P0042,5,cashier,success,order=ORD001026
TX002722,2025-10-18T22:25:00,sale,P0067,5,cashier,success,order=ORD001026
TX002723,2025-10-18T22:25:00,sale,P0086,1,cashier,success,order=ORD001026
TX002724,2025-10-19T01:14:00,sale,P0021,5,cashier,success,order=ORD000273
TX002725,2025-10-19T01:14:00,sale,P0003,3,cashier,success,order=ORD000273
TX002726,2025-10-19T01:14:00,sale,P0017,4,cashier,success,order=ORD000273
TX002727,2025-10-19T04:33:00,sale,P0088,13,cashier,success,order=ORD000629
TX002728,2025-10-19T04:33:00,sale,P0084,12,cashier,success,order=ORD000629
TX002729,2025-10-19T04:33:00,sale,P0089,23,cashier,success,order=ORD000629
TX002730,2025-10-19T04:33:00,sale,P0086,24,cashier,success,order=ORD000629
TX002731,2025-10-19T19:09:00,sale,P0009,2,cashier,success,order=ORD000942
TX002732,2025-10-19T19:09:00,sale,P0003,2,cashier,success,order=ORD000942
TX002733,2025-10-19T19:09:00,sale,P0017,2,cashier,success,order=ORD000942
TX002734,2025-10-19T22:23:00,sale,P0016,1,cashier,success,order=ORD000135
TX002735,2025-10-19T22:23:00,sale,P0042,2,cashier,success,order=ORD000135
TX002736,2025-10-20T00:12:00,sale,P0026,5,cashier,success,order=ORD000074
TX002737,2025-10-20T00:12:00,sale,P0035,1,cashier,success,order=ORD000074
TX002738,2025-10-20T02:30:00,sale,P0087,2,cashier,success,order=ORD000701
TX002739,2025-10-20T02:30:00,sale,P0003,2,cashier,success,order=ORD000701
TX002740,2025-10-20T02:30:00,sale,P0073,2,cashier,success,order=ORD000701
TX002741,2025-10-20T02:30:00,sale,P0074,3,cashier,success,order=ORD000701
TX002742,2025-10-20T20:25:00,sale,P0087,4,cashier,success,order=ORD001169
TX002743,2025-10-20T20:25:00,sale,P0018,4,cashier,success,order=ORD001169
TX002744,2025-10-20T21:07:00,sale,P0083,1,cashier,success,order=ORD000141
TX002745,2025-10-20T21:07:00,sale,P0017,3,cashier,success,order=ORD000141
TX002746,2025-10-20T22:11:00,sale,P0008,4,cashier,success,order=ORD000057
TX002747,2025-10-20T22:11:00,sale,P0088,4,cashier,success,order=ORD000057
TX002748,2025-10-20T22:11:00,sale,P0084,1,cashier,success,order=ORD000057
TX002749,2025-10-20T22:11:00,sale,P0047,1,cashier,success,order=ORD000057
TX002750,2025-10-20T22:11:00,sale,P0048,1,cashier,success,order=ORD000057
TX002751,2025-10-20T22:14:00,sale,P0037,1,cashier,success,order=ORD000018
TX002752,2025-10-20T22:14:00,sale,P0028,5,cashier,success,order=ORD000018
TX002753,2025-10-20T22:14:00,sale,P0042,1,cashier,success,order=ORD000018
TX002754,2025-10-20T22:14:00,sale,P0084,5,cashier,success,order=ORD000018
TX002755,2025-10-22T00:54:00,sale,P0063,1,cashier,success,order=ORD001154
TX002756,2025-10-22T00:54:00,sale,P0045,4,cashier,success,order=ORD001154
TX002757,2025-10-22T00:54:00,sale,P0076,5,cashier,success,order=ORD001154
TX002758,2025-10-22T00:54:00,sale,P0089,4,cashier,success,order=ORD001154
TX002759,2025-10-22T00:54:00,sale,P0078,1,cashier,success,order=ORD001154
TX002760,2025-10-22T00:54:00,sale,P0079,5,cashier,success,order=ORD001154
TX002761,2025-10-22T00:54:00,sale,P0077,3,cashier,success,order=ORD001154
TX002762,2025-10-22T02:09:00,sale,P0066,5,cashier,success,order=ORD000348
TX002763,2025-10-22T02:09:00,sale,P0085,1,cashier,success,order=ORD000348
TX002764,2025-10-22T02:09:00,sale,P0030,2,cashier,success,order=ORD000348
TX002765,2025-10-22T03:49:00,sale,P0073,1,cashier,success,order=ORD001078
TX002766,2025-10-22T03:49:00,sale,P0074,4,cashier,success,order=ORD001078
TX002767,2025-10-22T16:41:00,sale,P0010,2,cashier,success,order=ORD000900
TX002768,2025-10-22T17:07:00,sale,P0046,4,cashier,success,order=ORD000384
TX002769,2025-10-22T17:43:00,sale,P0078,1,cashier,success,order=ORD000507
TX002770,2025-10-22T17:43:00,sale,P0079,5,cashier,success,order=ORD000507
TX002771,2025-10-22T17:43:00,sale,P0089,5,cashier,success,order=ORD000507
TX002772,2025-10-22T17:43:00,sale,P0016,2,cashier,success,order=ORD000507
TX002773,2025-10-22T22:47:00,sale,P0074,2,cashier,success,order=ORD000758
TX002774,2025-10-22T22:47:00,sale,P0033,3,cashier,success,order=ORD000758
TX002775,2025-10-22T23:40:00,sale,P0018,9,cashier,success,order=ORD000638
TX002776,2025-10-22T23:40:00,sale,P0019,5,cashier,success,order=ORD000638
TX002777,2025-10-22T23:40:00,sale,P0040,7,cashier,success,order=ORD000638
TX002778,2025-10-22T23:40:00,sale,P0016,21,cashier,success,order=ORD000638
TX002779,2025-10-22T23:40:00,sale,P0038,16,cashier,success,order=ORD000638
TX002780,2025-10-23T18:08:00,sale,P0033,1,cashier,success,order=ORD001060
TX002781,2025-10-23T18:08:00,sale,P0063,2,cashier,success,order=ORD001060
TX002782,2025-10-23T18:08:00,sale,P0045,4,cashier,success,order=ORD001060
TX002783,2025-10-23T18:08:00,sale,P0067,5,cashier,success,order=ORD001060
TX002784,2025-10-23T18:08:00,sale,P0064,3,cashier,success,order=ORD001060
TX002785,2025-10-23T20:41:00,sale,P0050,5,cashier,success,order=ORD000069
TX002786,2025-10-23T22:05:00,sale,P0085,2,cashier,success,order=ORD000261
TX002787,2025-10-23T22:05:00,sale,P0029,1,cashier,success,order=ORD000261
TX002788,2025-10-23T22:05:00,sale,P0079,4,cashier,success,order=ORD000261
TX002789,2025-10-23T22:05:00,sale,P0089,5,cashier,success,order=ORD000261
TX002790,2025-10-24T17:17:00,sale,P0049,9,cashier,success,order=ORD000631
TX002791,2025-10-24T17:17:00,sale,P0087,10,cashier,success,order=ORD000631
TX002792,2025-10-24T17:17:00,sale,P0039,24,cashier,success,order=ORD000631
TX002793,2025-10-24T17:17:00,sale,P0023,12,cashier,success,order=ORD000631
TX002794,2025-10-25T04:41:00,sale,P0058,12,cashier,success,order=ORD000459
TX002795,2025-10-25T17:50:00,sale,P0083,11,cashier,success,order=ORD000916
TX002796,2025-10-25T17:50:00,sale,P0021,2,cashier,success,order=ORD000916
TX002797,2025-10-25T17:50:00,sale,P0062,10,cashier,success,order=ORD000916
TX002798,2025-10-25T19:34:00,sale,P0026,2,cashier,success,order=ORD000883
TX002799,2025-10-25T19:34:00,sale,P0011,4,cashier,success,order=ORD000883
TX002800,2025-10-25T19:34:00,sale,P0022,2,cashier,success,order=ORD000883
TX002801,2025-10-26T03:04:00,sale,P0026,24,cashier,success,order=ORD000940
TX002802,2025-10-26T03:04:00,sale,P0017,25,cashier,success,order=ORD000940
TX002803,2025-10-26T03:04:00,sale,P0002,24,cashier,success,order=ORD000940
TX002804,2025-10-26T04:40:00,sale,P0069,3,cashier,success,order=ORD000303
TX002805,2025-10-26T04:40:00,sale,P0040,3,cashier,success,order=ORD000303
TX002806,2025-10-26T04:40:00,sale,P0026,3,cashier,success,order=ORD000303
TX002807,2025-10-26T23:14:00,sale,P0075,16,cashier,success,order=ORD000833
TX002808,2025-10-26T23:14:00,sale,P0087,27,cashier,success,order=ORD000833
TX002809,2025-10-26T23:14:00,sale,P0011,27,cashier,success,order=ORD000833
TX002810,2025-10-27T17:00:00,sale,P0078,3,cashier,success,order=ORD001197
TX002811,2025-10-27T17:00:00,sale,P0079,2,cashier,success,order=ORD001197
TX002812,2025-10-27T17:56:00,sale,P0044,17,cashier,success,order=ORD000865
TX002813,2025-10-27T17:56:00,sale,P0070,27,cashier,success,order=ORD000865
TX002814,2025-10-27T20:16:00,sale,P0038,5,cashier,success,order=ORD000225
TX002815,2025-10-27T20:16:00,sale,P0033,3,cashier,success,order=ORD000225
TX002816,2025-10-27T20:16:00,sale,P0006,4,cashier,success,order=ORD000225
TX002817,2025-10-27T20:16:00,sale,P0060,1,cashier,success,order=ORD000225
TX002818,2025-10-27T20:16:00,sale,P0069,2,cashier,success,order=ORD000225
TX002819,2025-10-27T20:16:00,sale,P0051,5,cashier,success,order=ORD000225
TX002820,2025-10-27T22:40:00,sale,P0012,28,cashier,success,order=ORD000587
TX002821,2025-10-27T22:40:00,sale,P0047,7,cashier,success,order=ORD000587
TX002822,2025-10-28T04:37:00,sale,P0009,1,cashier,success,order=ORD000712
TX002823,2025-10-28T04:37:00,sale,P0079,4,cashier,success,order=ORD000712
TX002824,2025-10-28T04:37:00,sale,P0089,5,cashier,success,order=ORD000712
TX002825,2025-10-28T04:44:00,sale,P0035,20,cashier,success,order=ORD001143
TX002826,2025-10-28T04:44:00,sale,P0048,11,cashier,success,order=ORD001143
TX002827,2025-10-28T18:20:00,sale,P0012,3,cashier,success,order=ORD000810
TX002828,2025-10-28T18:20:00,sale,P0079,1,cashier,success,order=ORD000810
TX002829,2025-10-28T18:20:00,sale,P0033,3,cashier,success,order=ORD000810
TX002830,2025-10-28T18:20:00,sale,P0006,5,cashier,success,order=ORD000810
TX002831,2025-10-28T18:20:00,sale,P0064,5,cashier,success,order=ORD000810
TX002832,2025-10-28T18:20:00,sale,P0049,2,cashier,success,order=ORD000810
TX002833,2025-10-28T19:06:00,sale,P0053,6,cashier,success,order=ORD000444
TX002834,2025-10-28T20:46:00,sale,P0079,3,cashier,success,order=ORD000489
TX002835,2025-10-28T20:46:00,sale,P0008,4,cashier,success,order=ORD000489
TX002836,2025-10-28T21:23:00,sale,P0058,1,cashier,success,order=ORD000677
TX002837,2025-10-28T21:23:00,sale,P0083,4,cashier,success,order=ORD000677
TX002838,2025-10-29T00:22:00,sale,P0077,11,cashier,success,order=ORD000169
TX002839,2025-10-29T00:22:00,sale,P0083,5,cashier,success,order=ORD000169
TX002840,2025-10-29T20:36:00,sale,P0008,6,cashier,success,order=ORD000721
TX002841,2025-10-29T22:23:00,sale,P0028,18,cashier,success,order=ORD000977
TX002842,2025-10-29T22:23:00,sale,P0063,5,cashier,success,order=ORD000977
TX002843,2025-10-29T22:23:00,sale,P0016,30,cashier,success,order=ORD000977
TX002844,2025-10-30T03:54:00,sale,P0042,5,cashier,success,order=ORD000214
TX002845,2025-10-30T03:54:00,sale,P0045,5,cashier,success,order=ORD000214
TX002846,2025-10-30T04:33:00,sale,P0089,5,cashier,success,order=ORD000005
TX002847,2025-10-30T04:33:00,sale,P0027,1,cashier,success,order=ORD000005
TX002848,2025-10-30T19:44:00,sale,P0089,11,cashier,success,order=ORD000997
TX002849,2025-10-30T19:44:00,sale,P0086,16,cashier,success,order=ORD000997
TX002850,2025-10-30T19:44:00,sale,P0035,27,cashier,success,order=ORD000997
TX002851,2025-10-30T19:44:00,sale,P0073,5,cashier,success,order=ORD000997
TX002852,2025-10-30T20:12:00,sale,P0055,4,cashier,success,order=ORD000687
TX002853,2025-10-30T20:12:00,sale,P0079,1,cashier,success,order=ORD000687
TX002854,2025-10-30T20:12:00,sale,P0089,3,cashier,success,order=ORD000687
TX002855,2025-10-31T04:33:00,sale,P0028,1,cashier,success,order=ORD000589
TX002856,2025-10-31T04:33:00,sale,P0087,3,cashier,success,order=ORD000589
TX002857,2025-11-01T01:17:00,sale,P0067,4,cashier,success,order=ORD000666
TX002858,2025-11-01T01:17:00,sale,P0084,1,cashier,success,order=ORD000666
TX002859,2025-11-01T01:17:00,sale,P0019,4,cashier,success,order=ORD000666
TX002860,2025-11-01T01:17:00,sale,P0002,4,cashier,success,order=ORD000666
TX002861,2025-11-01T01:17:00,sale,P0011,5,cashier,success,order=ORD000666
TX002862,2025-11-01T16:35:00,sale,P0071,1,cashier,success,order=ORD000963
TX002863,2025-11-01T16:35:00,sale,P0025,1,cashier,success,order=ORD000963
TX002864,2025-11-02T17:22:00,sale,P0048,4,cashier,success,order=ORD000689
TX002865,2025-11-02T17:22:00,sale,P0036,3,cashier,success,order=ORD000689
TX002866,2025-11-02T17:22:00,sale,P0016,4,cashier,success,order=ORD000689
TX002867,2025-11-02T20:04:00,sale,P0006,5,cashier,success,order=ORD000389
TX002868,2025-11-02T20:04:00,sale,P0043,1,cashier,success,order=ORD000389
TX002869,2025-11-02T22:46:00,sale,P0027,4,cashier,success,order=ORD001156
TX002870,2025-11-03T01:15:00,sale,P0069,1,cashier,success,order=ORD000430
TX002871,2025-11-03T01:15:00,sale,P0051,2,cashier,success,order=ORD000430
TX002872,2025-11-03T01:15:00,sale,P0011,5,cashier,success,order=ORD000430
TX002873,2025-11-04T01:40:00,sale,P0064,11,cashier,success,order=ORD000219
TX002874,2025-11-04T21:21:00,sale,P0050,4,cashier,success,order=ORD000571
TX002875,2025-11-04T21:40:00,sale,P0059,26,cashier,success,order=ORD000476
TX002876,2025-11-04T21:40:00,sale,P0088,15,cashier,success,order=ORD000476
TX002877,2025-11-04T21:40:00,sale,P0029,23,cashier,success,order=ORD000476
TX002878,2025-11-04T23:45:00,sale,P0064,3,cashier,success,order=ORD000190
TX002879,2025-11-04T23:45:00,sale,P0010,2,cashier,success,order=ORD000190
TX002880,2025-11-04T23:45:00,sale,P0069,4,cashier,success,order=ORD000190
TX002881,2025-11-04T23:45:00,sale,P0051,5,cashier,success,order=ORD000190
TX002882,2025-11-05T00:00:00,sale,P0067,5,cashier,success,order=ORD000577
TX002883,2025-11-05T01:28:00,sale,P0056,6,cashier,success,order=ORD000442
TX002884,2025-11-05T01:28:00,sale,P0052,14,cashier,success,order=ORD000442
TX002885,2025-11-05T01:28:00,sale,P0059,18,cashier,success,order=ORD000442
TX002886,2025-11-05T01:28:00,sale,P0006,26,cashier,success,order=ORD000442
TX002887,2025-11-05T01:28:00,sale,P0043,6,cashier,success,order=ORD000442
TX002888,2025-11-05T17:59:00,sale,P0026,28,cashier,success,order=ORD000084
TX002889,2025-11-05T17:59:00,sale,P0089,13,cashier,success,order=ORD000084
TX002890,2025-11-05T17:59:00,sale,P0086,15,cashier,success,order=ORD000084
TX002891,2025-11-05T17:59:00,sale,P0045,29,cashier,success,order=ORD000084
TX002892,2025-11-05T17:59:00,sale,P0078,24,cashier,success,order=ORD000084
TX002893,2025-11-05T17:59:00,sale,P0079,18,cashier,success,order=ORD000084
TX002894,2025-11-05T18:00:00,sale,P0019,20,cashier,success,order=ORD000956
TX002895,2025-11-05T18:00:00,sale,P0038,16,cashier,success,order=ORD000956
TX002896,2025-11-06T01:13:00,sale,P0072,11,cashier,success,order=ORD001045
TX002897,2025-11-06T01:13:00,sale,P0010,10,cashier,success,order=ORD001045
TX002898,2025-11-06T03:17:00,sale,P0035,3,cashier,success,order=ORD000806
TX002899,2025-11-06T03:52:00,sale,P0029,2,cashier,success,order=ORD000383
TX002900,2025-11-06T03:52:00,sale,P0061,2,cashier,success,order=ORD000383
TX002901,2025-11-06T04:40:00,sale,P0042,5,cashier,success,order=ORD000736
TX002902,2025-11-06T18:24:00,sale,P0083,1,cashier,success,order=ORD000317
TX002903,2025-11-06T18:24:00,sale,P0050,3,cashier,success,order=ORD000317
TX002904,2025-11-06T18:24:00,sale,P0088,3,cashier,success,order=ORD000317
TX002905,2025-11-06T18:50:00,sale,P0087,4,cashier,success,order=ORD000336
TX002906,2025-11-06T18:50:00,sale,P0084,4,cashier,success,order=ORD000336
TX002907,2025-11-06T18:50:00,sale,P0052,4,cashier,success,order=ORD000336
TX002908,2025-11-07T01:40:00,sale,P0045,2,cashier,success,order=ORD000189
TX002909,2025-11-07T01:40:00,sale,P0019,7,cashier,success,order=ORD000189
TX002910,2025-11-07T03:30:00,sale,P0019,2,cashier,success,order=ORD001129
TX002911,2025-11-07T03:30:00,sale,P0052,1,cashier,success,order=ORD001129
TX002912,2025-11-07T03:30:00,sale,P0057,4,cashier,success,order=ORD001129
TX002913,2025-11-08T17:52:00,sale,P0003,3,cashier,success,order=ORD000937
TX002914,2025-11-08T17:52:00,sale,P0017,4,cashier,success,order=ORD000937
TX002915,2025-11-08T17:52:00,sale,P0040,2,cashier,success,order=ORD000937
TX002916,2025-11-08T17:52:00,sale,P0028,1,cashier,success,order=ORD000937
TX002917,2025-11-08T17:52:00,sale,P0068,4,cashier,success,order=ORD000937
TX002918,2025-11-08T17:52:00,sale,P0043,5,cashier,success,order=ORD000937
TX002919,2025-11-08T19:53:00,sale,P0078,5,cashier,success,order=ORD001128
TX002920,2025-11-08T19:53:00,sale,P0079,5,cashier,success,order=ORD001128
TX002921,2025-11-08T19:53:00,sale,P0040,2,cashier,success,order=ORD001128
TX002922,2025-11-08T19:53:00,sale,P0020,3,cashier,success,order=ORD001128
TX002923,2025-11-08T20:21:00,sale,P0083,4,cashier,success,order=ORD000815
TX002924,2025-11-08T21:14:00,sale,P0002,20,cashier,success,order=ORD001036
TX002925,2025-11-08T21:14:00,sale,P0038,20,cashier,success,order=ORD001036
TX002926,2025-11-08T21:14:00,sale,P0078,9,cashier,success,order=ORD001036
TX002927,2025-11-08T21:14:00,sale,P0079,17,cashier,success,order=ORD001036
TX002928,2025-11-08T21:14:00,sale,P0015,7,cashier,success,order=ORD001036
TX002929,2025-11-08T21:14:00,sale,P0016,27,cashier,success,order=ORD001036
TX002930,2025-11-09T00:02:00,sale,P0027,12,cashier,success,order=ORD001010
TX002931,2025-11-09T00:02:00,sale,P0077,9,cashier,success,order=ORD001010
TX002932,2025-11-09T00:02:00,sale,P0086,12,cashier,success,order=ORD001010
TX002933,2025-11-09T04:55:00,sale,P0051,4,cashier,success,order=ORD000582
TX002934,2025-11-09T04:55:00,sale,P0060,3,cashier,success,order=ORD000582
TX002935,2025-11-09T04:55:00,sale,P0038,1,cashier,success,order=ORD000582
TX002936,2025-11-09T16:22:00,sale,P0075,2,cashier,success,order=ORD000495
TX002937,2025-11-09T16:22:00,sale,P0002,5,cashier,success,order=ORD000495
TX002938,2025-11-09T16:22:00,sale,P0036,4,cashier,success,order=ORD000495
TX002939,2025-11-09T16:22:00,sale,P0077,2,cashier,success,order=ORD000495
TX002940,2025-11-09T22:21:00,sale,P0075,16,cashier,success,order=ORD000945
TX002941,2025-11-10T02:24:00,sale,P0045,15,cashier,success,order=ORD000001
TX002942,2025-11-10T02:24:00,sale,P0029,24,cashier,success,order=ORD000001
TX002943,2025-11-10T20:36:00,sale,P0009,18,cashier,success,order=ORD001158
TX002944,2025-11-10T20:36:00,sale,P0015,5,cashier,success,order=ORD001158
TX002945,2025-11-10T20:36:00,sale,P0010,27,cashier,success,order=ORD001158
TX002946,2025-11-11T02:17:00,sale,P0056,29,cashier,success,order=ORD000951
TX002947,2025-11-11T04:44:00,sale,P0026,3,cashier,success,order=ORD000245
TX002948,2025-11-11T04:44:00,sale,P0067,11,cashier,success,order=ORD000245
TX002949,2025-11-11T04:44:00,sale,P0037,11,cashier,success,order=ORD000245
TX002950,2025-11-11T20:34:00,sale,P0085,2,cashier,success,order=ORD001086
TX002951,2025-11-12T01:15:00,sale,P0060,5,cashier,success,order=ORD000202
TX002952,2025-11-12T01:15:00,sale,P0029,5,cashier,success,order=ORD000202
TX002953,2025-11-12T01:15:00,sale,P0085,1,cashier,success,order=ORD000202
TX002954,2025-11-12T01:15:00,sale,P0087,2,cashier,success,order=ORD000202
TX002955,2025-11-12T01:15:00,sale,P0035,1,cashier,success,order=ORD000202
TX002956,2025-11-12T01:25:00,sale,P0029,5,cashier,success,order=ORD000107
TX002957,2025-11-12T01:25:00,sale,P0056,1,cashier,success,order=ORD000107
TX002958,2025-11-12T01:25:00,sale,P0072,2,cashier,success,order=ORD000107
TX002959,2025-11-12T01:25:00,sale,P0040,2,cashier,success,order=ORD000107
TX002960,2025-11-12T01:25:00,sale,P0020,2,cashier,success,order=ORD000107
TX002961,2025-11-12T04:29:00,sale,P0023,3,cashier,success,order=ORD000714
TX002962,2025-11-12T04:29:00,sale,P0036,5,cashier,success,order=ORD000714
TX002963,2025-11-12T04:29:00,sale,P0025,3,cashier,success,order=ORD000714
TX002964,2025-11-12T04:29:00,sale,P0056,5,cashier,success,order=ORD000714
TX002965,2025-11-12T04:29:00,sale,P0029,4,cashier,success,order=ORD000714
TX002966,2025-11-12T23:44:00,sale,P0040,4,cashier,success,order=ORD000275
TX002967,2025-11-12T23:44:00,sale,P0022,5,cashier,success,order=ORD000275
TX002968,2025-11-13T20:03:00,sale,P0087,2,cashier,success,order=ORD000268
TX002969,2025-11-13T20:03:00,sale,P0007,12,cashier,success,order=ORD000268
TX002970,2025-11-13T22:52:00,sale,P0016,30,cashier,success,order=ORD000733
TX002971,2025-11-14T21:31:00,sale,P0079,23,cashier,success,order=ORD000232
TX002972,2025-11-14T21:31:00,sale,P0025,21,cashier,success,order=ORD000232
TX002973,2025-11-14T21:31:00,sale,P0017,22,cashier,success,order=ORD000232
TX002974,2025-11-14T21:31:00,sale,P0070,16,cashier,success,order=ORD000232
TX002975,2025-11-14T23:11:00,sale,P0074,3,cashier,success,order=ORD000445
TX002976,2025-11-15T00:12:00,sale,P0018,4,cashier,success,order=ORD000590
TX002977,2025-11-15T00:12:00,sale,P0019,1,cashier,success,order=ORD000590
TX002978,2025-11-15T00:12:00,sale,P0015,5,cashier,success,order=ORD000590
TX002979,2025-11-15T00:12:00,sale,P0016,3,cashier,success,order=ORD000590
TX002980,2025-11-15T00:12:00,sale,P0079,5,cashier,success,order=ORD000590
TX002981,2025-11-15T18:29:00,sale,P0087,4,cashier,success,order=ORD001165
TX002982,2025-11-15T18:29:00,sale,P0012,5,cashier,success,order=ORD001165
TX002983,2025-11-15T18:29:00,sale,P0085,5,cashier,success,order=ORD001165
TX002984,2025-11-15T19:19:00,sale,P0002,5,cashier,success,order=ORD001074
TX002985,2025-11-15T19:19:00,sale,P0052,3,cashier,success,order=ORD001074
TX002986,2025-11-15T19:19:00,sale,P0059,5,cashier,success,order=ORD001074
TX002987,2025-11-15T19:19:00,sale,P0032,5,cashier,success,order=ORD001074
TX002988,2025-11-15T19:33:00,sale,P0026,15,cashier,success,order=ORD000938
TX002989,2025-11-15T19:33:00,sale,P0088,20,cashier,success,order=ORD000938
TX002990,2025-11-15T19:33:00,sale,P0084,28,cashier,success,order=ORD000938
TX002991,2025-11-15T19:33:00,sale,P0028,6,cashier,success,order=ORD000938
TX002992,2025-11-17T02:37:00,sale,P0029,1,cashier,success,order=ORD000034
TX002993,2025-11-17T02:37:00,sale,P0089,5,cashier,success,order=ORD000034
TX002994,2025-11-17T02:37:00,sale,P0086,4,cashier,success,order=ORD000034
TX002995,2025-11-17T03:37:00,sale,P0033,1,cashier,success,order=ORD000255
TX002996,2025-11-17T03:37:00,sale,P0008,1,cashier,success,order=ORD000255
TX002997,2025-11-17T04:14:00,sale,P0002,5,cashier,success,order=ORD001138
TX002998,2025-11-17T04:14:00,sale,P0011,12,cashier,success,order=ORD001138
TX002999,2025-11-17T17:21:00,sale,P0025,6,cashier,success,order=ORD000710
TX003000,2025-11-17T17:21:00,sale,P0088,21,cashier,success,order=ORD000710
TX003001,2025-11-17T22:16:00,sale,P0055,5,cashier,success,order=ORD001028
TX003002,2025-11-17T22:16:00,sale,P0048,5,cashier,success,order=ORD001028
TX003003,2025-11-17T22:35:00,sale,P0039,5,cashier,success,order=ORD000809
TX003004,2025-11-18T17:31:00,sale,P0032,23,cashier,success,order=ORD000139
TX003005,2025-11-18T17:31:00,sale,P0006,8,cashier,success,order=ORD000139
TX003006,2025-11-18T17:31:00,sale,P0050,21,cashier,success,order=ORD000139
TX003007,2025-11-19T22:27:00,sale,P0035,1,cashier,success,order=ORD000205
TX003008,2025-11-19T22:27:00,sale,P0012,5,cashier,success,order=ORD000205
TX003009,2025-11-20T03:32:00,sale,P0008,5,cashier,success,order=ORD000646
TX003010,2025-11-20T03:32:00,sale,P0061,1,cashier,success,order=ORD000646
TX003011,2025-11-20T03:32:00,sale,P0082,2,cashier,success,order=ORD000646
TX003012,2025-11-20T04:27:00,sale,P0084,1,cashier,success,order=ORD001188
TX003013,2025-11-20T04:27:00,sale,P0006,5,cashier,success,order=ORD001188
TX003014,2025-11-21T01:24:00,sale,P0002,4,cashier,success,order=ORD000329
TX003015,2025-11-21T01:24:00,sale,P0011,2,cashier,success,order=ORD000329
TX003016,2025-11-21T01:24:00,sale,P0017,3,cashier,success,order=ORD000329
TX003017,2025-11-21T17:38:00,sale,P0084,2,cashier,success,order=ORD000686
TX003018,2025-11-21T17:38:00,sale,P0045,4,cashier,success,order=ORD000686
TX003019,2025-11-21T17:38:00,sale,P0072,1,cashier,success,order=ORD000686
TX003020,2025-11-21T18:46:00,sale,P0019,2,cashier,success,order=ORD000993
TX003021,2025-11-21T20:15:00,sale,P0015,5,cashier,success,order=ORD000113
TX003022,2025-11-21T20:15:00,sale,P0016,4,cashier,success,order=ORD000113
TX003023,2025-11-21T20:15:00,sale,P0034,3,cashier,success,order=ORD000113
TX003024,2025-11-22T01:35:00,sale,P0039,4,cashier,success,order=ORD000540
TX003025,2025-11-22T18:15:00,sale,P0026,5,cashier,success,order=ORD000841
TX003026,2025-11-22T18:15:00,sale,P0071,2,cashier,success,order=ORD000841
TX003027,2025-11-22T20:09:00,sale,P0085,6,cashier,success,order=ORD000866
TX003028,2025-11-23T01:18:00,sale,P0045,3,cashier,success,order=ORD000797
TX003029,2025-11-23T01:18:00,sale,P0026,2,cashier,success,order=ORD000797
TX003030,2025-11-23T01:18:00,sale,P0038,1,cashier,success,order=ORD000797
TX003031,2025-11-23T17:06:00,sale,P0058,15,cashier,success,order=ORD000114
TX003032,2025-11-23T17:06:00,sale,P0032,5,cashier,success,order=ORD000114
TX003033,2025-11-23T17:06:00,sale,P0005,12,cashier,success,order=ORD000114
TX003034,2025-11-23T19:22:00,sale,P0027,11,cashier,success,order=ORD001183
TX003035,2025-11-23T19:22:00,sale,P0079,11,cashier,success,order=ORD001183
TX003036,2025-11-23T19:22:00,sale,P0078,6,cashier,success,order=ORD001183
TX003037,2025-11-23T22:27:00,sale,P0083,4,cashier,success,order=ORD000601
TX003038,2025-11-23T22:27:00,sale,P0082,3,cashier,success,order=ORD000601
TX003039,2025-11-24T01:22:00,sale,P0062,11,cashier,success,order=ORD000257
TX003040,2025-11-24T01:22:00,sale,P0049,7,cashier,success,order=ORD000257
TX003041,2025-11-24T01:22:00,sale,P0009,7,cashier,success,order=ORD000257
TX003042,2025-11-24T01:22:00,sale,P0073,12,cashier,success,order=ORD000257
TX003043,2025-11-24T01:22:00,sale,P0074,7,cashier,success,order=ORD000257
TX003044,2025-11-24T17:17:00,sale,P0059,3,cashier,success,order=ORD000597
TX003045,2025-11-24T17:17:00,sale,P0083,4,cashier,success,order=ORD000597
TX003046,2025-11-24T17:17:00,sale,P0039,2,cashier,success,order=ORD000597
TX003047,2025-11-24T17:17:00,sale,P0087,5,cashier,success,order=ORD000597
TX003048,2025-11-24T19:44:00,sale,P0055,4,cashier,success,order=ORD000448
TX003049,2025-11-24T20:05:00,sale,P0059,1,cashier,success,order=ORD000463
TX003050,2025-11-24T20:53:00,sale,P0035,5,cashier,success,order=ORD001020
TX003051,2025-11-24T20:53:00,sale,P0023,1,cashier,success,order=ORD001020
TX003052,2025-11-24T20:53:00,sale,P0025,2,cashier,success,order=ORD001020
TX003053,2025-11-25T00:21:00,sale,P0077,12,cashier,success,order=ORD000750
TX003054,2025-11-25T00:21:00,sale,P0008,26,cashier,success,order=ORD000750
TX003055,2025-11-25T02:27:00,sale,P0067,2,cashier,success,order=ORD000118
TX003056,2025-11-25T02:27:00,sale,P0039,1,cashier,success,order=ORD000118
TX003057,2025-11-25T03:14:00,sale,P0063,5,cashier,success,order=ORD000477
TX003058,2025-11-25T03:14:00,sale,P0045,2,cashier,success,order=ORD000477
TX003059,2025-11-25T03:14:00,sale,P0003,3,cashier,success,order=ORD000477
TX003060,2025-11-26T03:50:00,sale,P0010,2,cashier,success,order=ORD000276
TX003061,2025-11-26T18:35:00,sale,P0045,2,cashier,success,order=ORD000925
TX003062,2025-11-26T18:35:00,sale,P0086,1,cashier,success,order=ORD000925
TX003063,2025-11-26T18:35:00,sale,P0046,4,cashier,success,order=ORD000925
TX003064,2025-11-26T18:35:00,sale,P0035,3,cashier,success,order=ORD000925
TX003065,2025-11-26T20:27:00,sale,P0078,3,cashier,success,order=ORD000171
TX003066,2025-11-26T20:27:00,sale,P0079,5,cashier,success,order=ORD000171
TX003067,2025-11-26T20:27:00,sale,P0019,3,cashier,success,order=ORD000171
TX003068,2025-11-26T20:27:00,sale,P0028,4,cashier,success,order=ORD000171
TX003069,2025-11-26T20:27:00,sale,P0046,3,cashier,success,order=ORD000171
TX003070,2025-11-27T01:56:00,sale,P0019,3,cashier,success,order=ORD000910
TX003071,2025-11-27T01:56:00,sale,P0030,2,cashier,success,order=ORD000910
TX003072,2025-11-27T04:48:00,sale,P0073,3,cashier,success,order=ORD000479
TX003073,2025-11-27T04:48:00,sale,P0074,2,cashier,success,order=ORD000479
TX003074,2025-11-27T16:19:00,sale,P0005,2,cashier,success,order=ORD000025
TX003075,2025-11-27T16:19:00,sale,P0033,3,cashier,success,order=ORD000025
TX003076,2025-11-27T16:19:00,sale,P0006,3,cashier,success,order=ORD000025
TX003077,2025-11-27T16:19:00,sale,P0084,4,cashier,success,order=ORD000025
TX003078,2025-11-27T16:40:00,sale,P0009,20,cashier,success,order=ORD000981
TX003079,2025-11-27T16:40:00,sale,P0035,27,cashier,success,order=ORD000981
TX003080,2025-11-27T16:58:00,sale,P0058,2,cashier,success,order=ORD000083
TX003081,2025-11-27T16:58:00,sale,P0022,4,cashier,success,order=ORD000083
TX003082,2025-11-27T16:58:00,sale,P0067,3,cashier,success,order=ORD000083
TX003083,2025-11-27T17:52:00,sale,P0073,5,cashier,success,order=ORD000991
TX003084,2025-11-27T17:52:00,sale,P0074,1,cashier,success,order=ORD000991
TX003085,2025-11-27T17:52:00,sale,P0041,2,cashier,success,order=ORD000991
TX003086,2025-11-27T17:52:00,sale,P0042,5,cashier,success,order=ORD000991
TX003087,2025-11-27T22:06:00,sale,P0013,1,cashier,success,order=ORD000542
TX003088,2025-11-27T22:06:00,sale,P0068,1,cashier,success,order=ORD000542
TX003089,2025-11-27T22:06:00,sale,P0043,5,cashier,success,order=ORD000542
TX003090,2025-11-27T22:06:00,sale,P0009,1,cashier,success,order=ORD000542
TX003091,2025-11-28T00:38:00,sale,P0018,2,cashier,success,order=ORD000854
TX003092,2025-11-28T00:38:00,sale,P0019,5,cashier,success,order=ORD000854
TX003093,2025-11-28T00:38:00,sale,P0035,1,cashier,success,order=ORD000854
TX003094,2025-11-28T22:12:00,sale,P0009,22,cashier,success,order=ORD000555
TX003095,2025-11-28T22:12:00,sale,P0033,11,cashier,success,order=ORD000555
TX003096,2025-11-29T04:07:00,sale,P0029,9,cashier,success,order=ORD000901
TX003097,2025-11-29T04:07:00,sale,P0037,16,cashier,success,order=ORD000901
TX003098,2025-11-29T04:07:00,sale,P0058,26,cashier,success,order=ORD000901
TX003099,2025-11-29T04:07:00,sale,P0060,20,cashier,success,order=ORD000901
TX003100,2025-11-29T04:34:00,sale,P0005,1,cashier,success,order=ORD000670
TX003101,2025-11-29T04:34:00,sale,P0003,1,cashier,success,order=ORD000670
TX003102,2025-11-29T04:34:00,sale,P0015,5,cashier,success,order=ORD000670
TX003103,2025-11-29T21:50:00,sale,P0005,2,cashier,success,order=ORD000054
TX003104,2025-11-29T23:47:00,sale,P0052,3,cashier,success,order=ORD000341
TX003105,2025-11-29T23:47:00,sale,P0019,4,cashier,success,order=ORD000341
TX003106,2025-11-29T23:47:00,sale,P0068,1,cashier,success,order=ORD000341
TX003107,2025-11-29T23:47:00,sale,P0043,5,cashier,success,order=ORD000341
TX003108,2025-11-29T23:47:00,sale,P0032,5,cashier,success,order=ORD000341
TX003109,2025-11-29T23:47:00,sale,P0006,3,cashier,success,order=ORD000341
TX003110,2025-11-30T20:14:00,sale,P0008,2,cashier,success,order=ORD000732
TX003111,2025-11-30T20:14:00,sale,P0057,1,cashier,success,order=ORD000732
TX003112,2025-11-30T20:14:00,sale,P0035,2,cashier,success,order=ORD000732
TX003113,2025-11-30T20:14:00,sale,P0042,4,cashier,success,order=ORD000732
TX003114,2025-11-30T20:14:00,sale,P0087,2,cashier,success,order=ORD000732
TX003115,2025-12-01T18:07:00,sale,P0074,1,cashier,success,order=ORD000398
TX003116,2025-12-01T18:07:00,sale,P0067,4,cashier,success,order=ORD000398
TX003117,2025-12-01T23:26:00,sale,P0038,2,cashier,success,order=ORD000122
TX003118,2025-12-01T23:26:00,sale,P0077,2,cashier,success,order=ORD000122
TX003119,2025-12-01T23:26:00,sale,P0083,4,cashier,success,order=ORD000122
TX003120,2025-12-01T23:26:00,sale,P0008,1,cashier,success,order=ORD000122
TX003121,2025-12-02T20:47:00,sale,P0018,28,cashier,success,order=ORD000081
TX003122,2025-12-02T20:47:00,sale,P0019,12,cashier,success,order=ORD000081
TX003123,2025-12-02T20:47:00,sale,P0086,21,cashier,success,order=ORD000081
TX003124,2025-12-03T01:28:00,sale,P0066,3,cashier,success,order=ORD000396
TX003125,2025-12-03T01:28:00,sale,P0067,1,cashier,success,order=ORD000396
TX003126,2025-12-03T20:53:00,sale,P0054,5,cashier,success,order=ORD000941
TX003127,2025-12-03T20:53:00,sale,P0053,5,cashier,success,order=ORD000941
TX003128,2025-12-04T04:31:00,sale,P0040,2,cashier,success,order=ORD000889
TX003129,2025-12-04T04:31:00,sale,P0029,3,cashier,success,order=ORD000889
TX003130,2025-12-04T17:49:00,sale,P0076,1,cashier,success,order=ORD000509
TX003131,2025-12-04T17:49:00,sale,P0089,5,cashier,success,order=ORD000509
TX003132,2025-12-04T17:49:00,sale,P0056,5,cashier,success,order=ORD000509
TX003133,2025-12-04T19:04:00,sale,P0009,5,cashier,success,order=ORD000665
TX003134,2025-12-04T19:04:00,sale,P0019,4,cashier,success,order=ORD000665
TX003135,2025-12-04T20:21:00,sale,P0042,12,cashier,success,order=ORD000738
TX003136,2025-12-04T20:21:00,sale,P0052,2,cashier,success,order=ORD000738
TX003137,2025-12-04T20:21:00,sale,P0059,12,cashier,success,order=ORD000738
TX003138,2025-12-04T20:21:00,sale,P0089,5,cashier,success,order=ORD000738
TX003139,2025-12-04T20:21:00,sale,P0086,12,cashier,success,order=ORD000738
TX003140,2025-12-04T20:50:00,sale,P0071,1,cashier,success,order=ORD000630
TX003141,2025-12-04T20:50:00,sale,P0002,4,cashier,success,order=ORD000630
TX003142,2025-12-04T20:50:00,sale,P0011,3,cashier,success,order=ORD000630
TX003143,2025-12-04T20:50:00,sale,P0058,5,cashier,success,order=ORD000630
TX003144,2025-12-05T00:16:00,sale,P0029,4,cashier,success,order=ORD000612
TX003145,2025-12-05T00:23:00,sale,P0043,5,cashier,success,order=ORD000836
TX003146,2025-12-05T00:23:00,sale,P0058,6,cashier,success,order=ORD000836
TX003147,2025-12-05T03:43:00,sale,P0026,1,cashier,success,order=ORD000568
TX003148,2025-12-05T03:43:00,sale,P0055,1,cashier,success,order=ORD000568
TX003149,2025-12-05T03:57:00,sale,P0035,11,cashier,success,order=ORD000497
TX003150,2025-12-05T16:32:00,sale,P0058,13,cashier,success,order=ORD001115
TX003151,2025-12-05T16:32:00,sale,P0021,15,cashier,success,order=ORD001115
TX003152,2025-12-05T16:32:00,sale,P0077,7,cashier,success,order=ORD001115
TX003153,2025-12-05T16:32:00,sale,P0083,26,cashier,success,order=ORD001115
TX003154,2025-12-05T20:19:00,sale,P0005,3,cashier,success,order=ORD000160
TX003155,2025-12-05T23:11:00,sale,P0002,29,cashier,success,order=ORD001166
TX003156,2025-12-05T23:11:00,sale,P0066,16,cashier,success,order=ORD001166
TX003157,2025-12-05T23:11:00,sale,P0062,8,cashier,success,order=ORD001166
TX003158,2025-12-05T23:11:00,sale,P0049,19,cashier,success,order=ORD001166
TX003159,2025-12-05T23:19:00,sale,P0048,1,cashier,success,order=ORD000748
TX003160,2025-12-05T23:19:00,sale,P0055,3,cashier,success,order=ORD000748
TX003161,2025-12-05T23:19:00,sale,P0015,4,cashier,success,order=ORD000748
TX003162,2025-12-06T00:43:00,sale,P0055,2,cashier,success,order=ORD000522
TX003163,2025-12-06T00:43:00,sale,P0088,1,cashier,success,order=ORD000522
TX003164,2025-12-06T00:43:00,sale,P0079,4,cashier,success,order=ORD000522
TX003165,2025-12-06T00:43:00,sale,P0089,1,cashier,success,order=ORD000522
TX003166,2025-12-06T02:42:00,sale,P0074,5,cashier,success,order=ORD001014
TX003167,2025-12-06T23:30:00,sale,P0009,9,cashier,success,order=ORD000838
TX003168,2025-12-06T23:30:00,sale,P0035,29,cashier,success,order=ORD000838
TX003169,2025-12-07T01:58:00,sale,P0022,3,cashier,success,order=ORD000944
TX003170,2025-12-07T01:58:00,sale,P0087,1,cashier,success,order=ORD000944
TX003171,2025-12-07T03:42:00,sale,P0035,2,cashier,success,order=ORD000472
TX003172,2025-12-07T03:42:00,sale,P0028,1,cashier,success,order=ORD000472
TX003173,2025-12-07T03:42:00,sale,P0006,1,cashier,success,order=ORD000472
TX003174,2025-12-07T03:42:00,sale,P0043,2,cashier,success,order=ORD000472
TX003175,2025-12-07T03:42:00,sale,P0071,1,cashier,success,order=ORD000472
TX003176,2025-12-07T18:46:00,sale,P0038,11,cashier,success,order=ORD000473
TX003177,2025-12-08T03:01:00,sale,P0065,8,cashier,success,order=ORD000919
TX003178,2025-12-08T03:01:00,sale,P0008,22,cashier,success,order=ORD000919
TX003179,2025-12-08T03:01:00,sale,P0015,6,cashier,success,order=ORD000919
TX003180,2025-12-08T03:01:00,sale,P0056,24,cashier,success,order=ORD000919
TX003181,2025-12-08T04:02:00,sale,P0028,28,cashier,success,order=ORD001172
TX003182,2025-12-08T04:02:00,sale,P0076,18,cashier,success,order=ORD001172
TX003183,2025-12-08T16:04:00,sale,P0058,5,cashier,success,order=ORD001118
TX003184,2025-12-08T16:04:00,sale,P0009,4,cashier,success,order=ORD001118
TX003185,2025-12-08T16:04:00,sale,P0066,4,cashier,success,order=ORD001118
TX003186,2025-12-08T21:55:00,sale,P0010,10,cashier,success,order=ORD000793
TX003187,2025-12-08T21:55:00,sale,P0075,9,cashier,success,order=ORD000793
TX003188,2025-12-09T19:40:00,sale,P0063,5,cashier,success,order=ORD000790
TX003189,2025-12-09T19:40:00,sale,P0008,2,cashier,success,order=ORD000790
TX003190,2025-12-10T02:46:00,sale,P0027,10,cashier,success,order=ORD000926
TX003191,2025-12-10T02:46:00,sale,P0003,3,cashier,success,order=ORD000926
TX003192,2025-12-10T03:06:00,sale,P0068,1,cashier,success,order=ORD000737
TX003193,2025-12-10T03:06:00,sale,P0018,5,cashier,success,order=ORD000737
TX003194,2025-12-10T03:06:00,sale,P0019,2,cashier,success,order=ORD000737
TX003195,2025-12-11T00:49:00,sale,P0017,5,cashier,success,order=ORD000816
TX003196,2025-12-11T00:49:00,sale,P0005,2,cashier,success,order=ORD000816
TX003197,2025-12-11T03:08:00,sale,P0035,11,cashier,success,order=ORD001058
TX003198,2025-12-11T03:08:00,sale,P0017,4,cashier,success,order=ORD001058
TX003199,2025-12-11T16:53:00,sale,P0037,28,cashier,success,order=ORD000315
TX003200,2025-12-11T17:07:00,sale,P0036,1,cashier,success,order=ORD000994
TX003201,2025-12-11T23:07:00,sale,P0018,4,cashier,success,order=ORD000387
TX003202,2025-12-12T02:47:00,sale,P0042,2,cashier,success,order=ORD000409
TX003203,2025-12-12T02:47:00,sale,P0088,2,cashier,success,order=ORD000409
TX003204,2025-12-12T02:47:00,sale,P0084,1,cashier,success,order=ORD000409
TX003205,2025-12-12T03:50:00,sale,P0029,3,cashier,success,order=ORD001121
TX003206,2025-12-12T03:50:00,sale,P0022,4,cashier,success,order=ORD001121
TX003207,2025-12-12T16:06:00,sale,P0008,6,cashier,success,order=ORD000296
TX003208,2025-12-12T16:06:00,sale,P0035,5,cashier,success,order=ORD000296
TX003209,2025-12-13T01:42:00,sale,P0024,8,cashier,success,order=ORD000637
TX003210,2025-12-13T22:31:00,sale,P0056,1,cashier,success,order=ORD000126
TX003211,2025-12-13T23:00:00,sale,P0038,3,cashier,success,order=ORD001133
TX003212,2025-12-13T23:00:00,sale,P0075,2,cashier,success,order=ORD001133
TX003213,2025-12-14T04:06:00,sale,P0018,3,cashier,success,order=ORD001051
TX003214,2025-12-14T04:55:00,sale,P0057,3,cashier,success,order=ORD000079
TX003215,2025-12-14T04:55:00,sale,P0061,3,cashier,success,order=ORD000079
TX003216,2025-12-14T04:55:00,sale,P0055,4,cashier,success,order=ORD000079
TX003217,2025-12-14T18:01:00,sale,P0055,12,cashier,success,order=ORD000062
TX003218,2025-12-14T18:03:00,sale,P0072,1,cashier,success,order=ORD001030
TX003219,2025-12-14T18:03:00,sale,P0089,4,cashier,success,order=ORD001030
TX003220,2025-12-14T18:03:00,sale,P0086,1,cashier,success,order=ORD001030
TX003221,2025-12-14T20:14:00,sale,P0015,1,cashier,success,order=ORD000615
TX003222,2025-12-14T20:17:00,sale,P0019,4,cashier,success,order=ORD000693
TX003223,2025-12-15T17:04:00,sale,P0087,24,cashier,success,order=ORD000828
TX003224,2025-12-15T17:04:00,sale,P0038,17,cashier,success,order=ORD000828
TX003225,2025-12-15T18:16:00,sale,P0052,4,cashier,success,order=ORD000487
TX003226,2025-12-15T22:04:00,sale,P0079,14,cashier,success,order=ORD000633
TX003227,2025-12-15T22:04:00,sale,P0089,10,cashier,success,order=ORD000633
TX003228,2025-12-15T22:04:00,sale,P0029,14,cashier,success,order=ORD000633
TX003229,2025-12-15T22:04:00,sale,P0073,5,cashier,success,order=ORD000633
TX003230,2025-12-15T22:04:00,sale,P0074,11,cashier,success,order=ORD000633
TX003231,2025-12-16T01:20:00,sale,P0088,2,cashier,success,order=ORD000762
TX003232,2025-12-16T01:20:00,sale,P0084,2,cashier,success,order=ORD000762
TX003233,2025-12-16T01:20:00,sale,P0069,4,cashier,success,order=ORD000762
TX003234,2025-12-16T01:20:00,sale,P0071,1,cashier,success,order=ORD000762
TX003235,2025-12-16T01:20:00,sale,P0008,4,cashier,success,order=ORD000762
TX003236,2025-12-16T01:41:00,sale,P0055,11,cashier,success,order=ORD000046
TX003237,2025-12-16T01:41:00,sale,P0079,10,cashier,success,order=ORD000046
TX003238,2025-12-16T01:41:00,sale,P0015,9,cashier,success,order=ORD000046
TX003239,2025-12-16T01:41:00,sale,P0016,2,cashier,success,order=ORD000046
TX003240,2025-12-16T02:56:00,sale,P0005,2,cashier,success,order=ORD001103
TX003241,2025-12-16T02:56:00,sale,P0045,4,cashier,success,order=ORD001103
TX003242,2025-12-16T02:56:00,sale,P0057,2,cashier,success,order=ORD001103
TX003243,2025-12-16T16:39:00,sale,P0006,4,cashier,success,order=ORD000562
TX003244,2025-12-16T16:39:00,sale,P0062,3,cashier,success,order=ORD000562
TX003245,2025-12-16T16:39:00,sale,P0015,5,cashier,success,order=ORD000562
TX003246,2025-12-16T16:39:00,sale,P0016,1,cashier,success,order=ORD000562
TX003247,2025-12-16T16:39:00,sale,P0034,1,cashier,success,order=ORD000562
TX003248,2025-12-16T16:39:00,sale,P0050,4,cashier,success,order=ORD000562
TX003249,2025-12-16T17:18:00,sale,P0078,2,cashier,success,order=ORD000979
TX003250,2025-12-16T17:18:00,sale,P0079,4,cashier,success,order=ORD000979
TX003251,2025-12-16T17:18:00,sale,P0035,4,cashier,success,order=ORD000979
TX003252,2025-12-16T20:53:00,sale,P0042,9,cashier,success,order=ORD000958
TX003253,2025-12-16T21:01:00,sale,P0070,15,cashier,success,order=ORD000414
TX003254,2025-12-16T21:01:00,sale,P0064,29,cashier,success,order=ORD000414
TX003255,2025-12-16T21:26:00,sale,P0042,25,cashier,success,order=ORD001104
TX003256,2025-12-16T22:10:00,sale,P0019,8,cashier,success,order=ORD000852
TX003257,2025-12-16T22:10:00,sale,P0028,9,cashier,success,order=ORD000852
TX003258,2025-12-16T22:10:00,sale,P0036,11,cashier,success,order=ORD000852
TX003259,2025-12-16T22:12:00,sale,P0056,21,cashier,success,order=ORD000164
TX003260,2025-12-16T22:12:00,sale,P0077,5,cashier,success,order=ORD000164
TX003261,2025-12-16T22:12:00,sale,P0083,21,cashier,success,order=ORD000164
TX003262,2025-12-16T22:12:00,sale,P0084,9,cashier,success,order=ORD000164
TX003263,2025-12-16T22:12:00,sale,P0007,23,cashier,success,order=ORD000164
TX003264,2025-12-16T22:12:00,sale,P0043,8,cashier,success,order=ORD000164
TX003265,2025-12-16T22:16:00,sale,P0049,3,cashier,success,order=ORD001095
TX003266,2025-12-17T03:37:00,sale,P0025,18,cashier,success,order=ORD000869
TX003267,2025-12-17T03:37:00,sale,P0053,15,cashier,success,order=ORD000869
TX003268,2025-12-18T03:22:00,sale,P0038,1,cashier,success,order=ORD000603
TX003269,2025-12-18T20:38:00,sale,P0070,1,cashier,success,order=ORD000206
TX003270,2025-12-18T21:34:00,sale,P0058,3,cashier,success,order=ORD000030
TX003271,2025-12-18T21:34:00,sale,P0006,2,cashier,success,order=ORD000030
TX003272,2025-12-18T21:34:00,sale,P0043,5,cashier,success,order=ORD000030
TX003273,2025-12-18T21:34:00,sale,P0088,2,cashier,success,order=ORD000030
TX003274,2025-12-18T21:34:00,sale,P0076,2,cashier,success,order=ORD000030
TX003275,2025-12-18T21:34:00,sale,P0089,3,cashier,success,order=ORD000030
TX003276,2025-12-19T00:46:00,sale,P0014,2,cashier,success,order=ORD000596
TX003277,2025-12-19T00:46:00,sale,P0037,4,cashier,success,order=ORD000596
TX003278,2025-12-19T00:46:00,sale,P0019,1,cashier,success,order=ORD000596
TX003279,2025-12-19T03:04:00,sale,P0035,21,cashier,success,order=ORD001090
TX003280,2025-12-19T03:04:00,sale,P0055,30,cashier,success,order=ORD001090
TX003281,2025-12-19T21:37:00,sale,P0043,2,cashier,success,order=ORD000876
TX003282,2025-12-19T21:37:00,sale,P0006,3,cashier,success,order=ORD000876
TX003283,2025-12-19T23:21:00,sale,P0002,5,cashier,success,order=ORD000181
TX003284,2025-12-19T23:21:00,sale,P0011,1,cashier,success,order=ORD000181
TX003285,2025-12-20T00:42:00,sale,P0026,3,cashier,success,order=ORD001012
TX003286,2025-12-20T00:42:00,sale,P0050,4,cashier,success,order=ORD001012
TX003287,2025-12-20T20:58:00,sale,P0049,2,cashier,success,order=ORD000259
TX003288,2025-12-20T20:58:00,sale,P0085,5,cashier,success,order=ORD000259
TX003289,2025-12-21T00:20:00,sale,P0074,27,cashier,success,order=ORD001198
TX003290,2025-12-21T00:20:00,sale,P0078,17,cashier,success,order=ORD001198
TX003291,2025-12-21T00:20:00,sale,P0005,15,cashier,success,order=ORD001198
TX003292,2025-12-21T00:57:00,sale,P0077,5,cashier,success,order=ORD000278
TX003293,2025-12-21T00:57:00,sale,P0083,2,cashier,success,order=ORD000278
TX003294,2025-12-22T02:03:00,sale,P0035,4,cashier,success,order=ORD000197
TX003295,2025-12-22T02:03:00,sale,P0087,3,cashier,success,order=ORD000197
TX003296,2025-12-22T02:03:00,sale,P0088,5,cashier,success,order=ORD000197
TX003297,2025-12-22T02:03:00,sale,P0084,2,cashier,success,order=ORD000197
TX003298,2025-12-22T02:03:00,sale,P0049,2,cashier,success,order=ORD000197
TX003299,2025-12-22T03:14:00,sale,P0048,14,cashier,success,order=ORD000964
TX003300,2025-12-22T03:14:00,sale,P0088,28,cashier,success,order=ORD000964
TX003301,2025-12-22T03:14:00,sale,P0061,22,cashier,success,order=ORD000964
TX003302,2025-12-22T03:52:00,sale,P0081,2,cashier,success,order=ORD000726
TX003303,2025-12-22T03:52:00,sale,P0082,3,cashier,success,order=ORD000726
TX003304,2025-12-22T03:52:00,sale,P0027,2,cashier,success,order=ORD000726
TX003305,2025-12-22T03:52:00,sale,P0055,3,cashier,success,order=ORD000726
TX003306,2025-12-22T03:52:00,sale,P0035,5,cashier,success,order=ORD000726
TX003307,2025-12-22T18:30:00,sale,P0035,3,cashier,success,order=ORD000130
TX003308,2025-12-22T21:33:00,sale,P0089,2,cashier,success,order=ORD000513
TX003309,2025-12-22T21:33:00,sale,P0046,2,cashier,success,order=ORD000513
TX003310,2025-12-22T21:33:00,sale,P0061,3,cashier,success,order=ORD000513
TX003311,2025-12-22T21:33:00,sale,P0058,5,cashier,success,order=ORD000513
TX003312,2025-12-23T01:47:00,sale,P0072,3,cashier,success,order=ORD000310
TX003313,2025-12-23T01:47:00,sale,P0024,3,cashier,success,order=ORD000310
TX003314,2025-12-23T01:50:00,sale,P0059,1,cashier,success,order=ORD000155
TX003315,2025-12-23T01:50:00,sale,P0076,4,cashier,success,order=ORD000155
TX003316,2025-12-23T01:50:00,sale,P0089,5,cashier,success,order=ORD000155
TX003317,2025-12-23T02:17:00,sale,P0030,3,cashier,success,order=ORD000792
TX003318,2025-12-23T02:17:00,sale,P0074,4,cashier,success,order=ORD000792
TX003319,2025-12-23T02:17:00,sale,P0078,1,cashier,success,order=ORD000792
TX003320,2025-12-23T16:07:00,sale,P0086,3,cashier,success,order=ORD000436
TX003321,2025-12-23T16:07:00,sale,P0039,5,cashier,success,order=ORD000436
TX003322,2025-12-23T20:36:00,sale,P0023,2,cashier,success,order=ORD001009
TX003323,2025-12-23T22:23:00,sale,P0009,2,cashier,success,order=ORD000550
TX003324,2025-12-23T23:12:00,sale,P0048,2,cashier,success,order=ORD000251
TX003325,2025-12-23T23:12:00,sale,P0029,3,cashier,success,order=ORD000251
TX003326,2025-12-24T00:53:00,sale,P0040,13,cashier,success,order=ORD000344
TX003327,2025-12-24T00:53:00,sale,P0050,16,cashier,success,order=ORD000344
TX003328,2025-12-24T01:33:00,sale,P0006,2,cashier,success,order=ORD000975
TX003329,2025-12-24T01:33:00,sale,P0012,3,cashier,success,order=ORD000975
TX003330,2025-12-24T21:58:00,sale,P0062,2,cashier,success,order=ORD000153
TX003331,2025-12-24T21:58:00,sale,P0049,1,cashier,success,order=ORD000153
TX003332,2025-12-24T21:58:00,sale,P0050,5,cashier,success,order=ORD000153
TX003333,2025-12-25T17:40:00,sale,P0042,5,cashier,success,order=ORD000896
TX003334,2025-12-25T17:40:00,sale,P0066,13,cashier,success,order=ORD000896
TX003335,2025-12-25T17:40:00,sale,P0012,28,cashier,success,order=ORD000896
TX003336,2025-12-26T01:36:00,sale,P0016,4,cashier,success,order=ORD000284
TX003337,2025-12-26T01:36:00,sale,P0040,5,cashier,success,order=ORD000284
TX003338,2025-12-26T01:36:00,sale,P0052,4,cashier,success,order=ORD000284
TX003339,2025-12-26T01:55:00,sale,P0025,30,cashier,success,order=ORD000517
TX003340,2025-12-26T01:55:00,sale,P0009,22,cashier,success,order=ORD000517
TX003341,2025-12-26T18:05:00,sale,P0038,6,cashier,success,order=ORD000104
TX003342,2025-12-26T18:05:00,sale,P0072,27,cashier,success,order=ORD000104
TX003343,2025-12-26T23:31:00,sale,P0078,8,cashier,success,order=ORD000405
TX003344,2025-12-26T23:31:00,sale,P0018,27,cashier,success,order=ORD000405
TX003345,2025-12-27T21:42:00,sale,P0017,1,cashier,success,order=ORD000990
TX003346,2025-12-27T21:42:00,sale,P0056,3,cashier,success,order=ORD000990
TX003347,2025-12-27T22:11:00,sale,P0033,3,cashier,success,order=ORD000339
TX003348,2025-12-27T22:11:00,sale,P0006,3,cashier,success,order=ORD000339
TX003349,2025-12-27T22:11:00,sale,P0056,5,cashier,success,order=ORD000339
TX003350,2025-12-27T22:11:00,sale,P0078,2,cashier,success,order=ORD000339
TX003351,2025-12-27T22:11:00,sale,P0079,3,cashier,success,order=ORD000339
TX003352,2025-12-27T23:48:00,sale,P0008,7,cashier,success,order=ORD000435
TX003353,2025-12-27T23:48:00,sale,P0079,11,cashier,success,order=ORD000435
TX003354,2025-12-28T04:19:00,sale,P0057,5,cashier,success,order=ORD000087
TX003355,2025-12-28T04:19:00,sale,P0086,5,cashier,success,order=ORD000087
TX003356,2025-12-28T04:19:00,sale,P0033,2,cashier,success,order=ORD000087
TX003357,2025-12-28T04:19:00,sale,P0006,5,cashier,success,order=ORD000087
TX003358,2025-12-28T22:26:00,sale,P0022,1,cashier,success,order=ORD000875
TX003359,2025-12-28T22:26:00,sale,P0089,5,cashier,success,order=ORD000875
TX003360,2025-12-28T22:26:00,sale,P0086,4,cashier,success,order=ORD000875
TX003361,2025-12-28T22:26:00,sale,P0029,1,cashier,success,order=ORD000875
TX003362,2025-12-29T01:18:00,sale,P0009,1,cashier,success,order=ORD000593
TX003363,2025-12-29T01:18:00,sale,P0045,3,cashier,success,order=ORD000593
TX003364,2025-12-29T01:18:00,sale,P0062,1,cashier,success,order=ORD000593
TX003365,2025-12-29T01:18:00,sale,P0049,4,cashier,success,order=ORD000593
TX003366,2025-12-29T16:36:00,sale,P0071,5,cashier,success,order=ORD000426
TX003367,2025-12-29T16:36:00,sale,P0028,1,cashier,success,order=ORD000426
TX003368,2025-12-29T16:36:00,sale,P0058,4,cashier,success,order=ORD000426
TX003369,2025-12-29T21:33:00,sale,P0017,4,cashier,success,order=ORD000200
TX003370,2025-12-29T22:42:00,sale,P0085,2,cashier,success,order=ORD000878
TX003371,2025-12-29T22:42:00,sale,P0050,4,cashier,success,order=ORD000878
TX003372,2025-12-29T23:35:00,sale,P0050,8,cashier,success,order=ORD000751
TX003373,2025-12-29T23:35:00,sale,P0055,23,cashier,success,order=ORD000751
TX003374,2025-12-29T23:35:00,sale,P0079,24,cashier,success,order=ORD000751
TX003375,2025-12-30T04:31:00,sale,P0036,1,cashier,success,order=ORD000321
TX003376,2025-12-30T04:31:00,sale,P0066,4,cashier,success,order=ORD000321
TX003377,2025-12-30T17:01:00,sale,P0058,3,cashier,success,order=ORD000117
TX003378,2025-12-30T17:01:00,sale,P0059,4,cashier,success,order=ORD000117
TX003379,2025-12-30T17:01:00,sale,P0015,4,cashier,success,order=ORD000117
TX003380,2025-12-30T18:02:00,sale,P0029,5,cashier,success,order=ORD000199
TX003381,2025-12-30T22:43:00,sale,P0077,11,cashier,success,order=ORD000195
TX003382,2025-12-30T22:43:00,sale,P0083,30,cashier,success,order=ORD000195
TX003383,2025-12-30T22:43:00,sale,P0078,14,cashier,success,order=ORD000195
TX003384,2025-12-30T22:43:00,sale,P0046,9,cashier,success,order=ORD000195
TX003385,2025-12-31T02:26:00,sale,P0036,16,cashier,success,order=ORD000043
TX003386,2025-12-31T02:26:00,sale,P0088,8,cashier,success,order=ORD000043
TX003387,2025-12-31T02:26:00,sale,P0084,23,cashier,success,order=ORD000043
TX003388,2025-12-31T03:55:00,sale,P0069,12,cashier,success,order=ORD000749
TX003389,2025-12-31T03:55:00,sale,P0051,8,cashier,success,order=ORD000749
TX003390,2025-12-31T03:55:00,sale,P0009,12,cashier,success,order=ORD000749
TX003391,2025-12-31T03:55:00,sale,P0089,6,cashier,success,order=ORD000749
TX003392,2025-12-31T17:22:00,sale,P0079,2,cashier,success,order=ORD000588
TX003393,2025-12-31T17:22:00,sale,P0067,4,cashier,success,order=ORD000588
TX003394,2025-12-31T17:22:00,sale,P0064,1,cashier,success,order=ORD000588
TX003395,2025-12-31T22:53:00,sale,P0009,26,cashier,success,order=ORD000420
TX003396,2025-12-31T22:53:00,sale,P0038,23,cashier,success,order=ORD000420
